REGION,SETTLEMENTDATE,TOTALDEMAND,RRP,PERIODTYPE
VIC1,2026/08/01 00:05:00,6486.74,92.76,TRADE
VIC1,2026/08/01 00:10:00,6480.36,99.19,TRADE
VIC1,2026/08/01 00:15:00,6548.49,122.37,TRADE
VIC1,2026/08/01 00:20:00,6490.39,99.19,TRADE
VIC1,2026/08/01 00:25:00,6486.28,91.50,TRADE
VIC1,2026/08/01 00:30:00,6432.05,90.56,TRADE
VIC1,2026/08/01 00:35:00,6380.27,90.56,TRADE
VIC1,2026/08/01 00:40:00,6361.33,90.99,TRADE
VIC1,2026/08/01 00:45:00,6256.39,81.70,TRADE
VIC1,2026/08/01 00:50:00,6243.83,82.24,TRADE
VIC1,2026/08/01 00:55:00,6260.68,80.50,TRADE
VIC1,2026/08/01 01:00:00,6233.54,80.50,TRADE
VIC1,2026/08/01 01:05:00,6182.09,75.40,TRADE
VIC1,2026/08/01 01:10:00,6172.99,75.40,TRADE
VIC1,2026/08/01 01:15:00,6169.3,80.50,TRADE
VIC1,2026/08/01 01:20:00,6172.61,81.68,TRADE
VIC1,2026/08/01 01:25:00,6099,79.71,TRADE
VIC1,2026/08/01 01:30:00,6032.61,75.40,TRADE
VIC1,2026/08/01 01:35:00,6063.93,80.50,TRADE
VIC1,2026/08/01 01:40:00,5955.92,80.50,TRADE
VIC1,2026/08/01 01:45:00,5979.77,81.63,TRADE
VIC1,2026/08/01 01:50:00,5917.67,81.63,TRADE
VIC1,2026/08/01 01:55:00,5871.88,81.63,TRADE
VIC1,2026/08/01 02:00:00,5866.75,72,TRADE
VIC1,2026/08/01 02:05:00,5863.2,80.50,TRADE
VIC1,2026/08/01 02:10:00,5840.89,89.89,TRADE
VIC1,2026/08/01 02:15:00,5726.97,80.50,TRADE
VIC1,2026/08/01 02:20:00,5708.97,80.50,TRADE
VIC1,2026/08/01 02:25:00,5752.4,82.80,TRADE
VIC1,2026/08/01 02:30:00,5713.05,84.20,TRADE
VIC1,2026/08/01 02:35:00,5712.92,83.41,TRADE
VIC1,2026/08/01 02:40:00,5708.59,80.50,TRADE
VIC1,2026/08/01 02:45:00,5668.67,75.40,TRADE
VIC1,2026/08/01 02:50:00,5664.96,97.51,TRADE
VIC1,2026/08/01 02:55:00,5562.56,80.50,TRADE
VIC1,2026/08/01 03:00:00,5569.99,65.49,TRADE
VIC1,2026/08/01 03:05:00,5569.67,75.40,TRADE
VIC1,2026/08/01 03:10:00,5550.97,71.16,TRADE
VIC1,2026/08/01 03:15:00,5542.56,80.50,TRADE
VIC1,2026/08/01 03:20:00,5584.43,80.50,TRADE
VIC1,2026/08/01 03:25:00,5590.26,86.10,TRADE
VIC1,2026/08/01 03:30:00,5555.55,80.50,TRADE
VIC1,2026/08/01 03:35:00,5545.86,66.16,TRADE
VIC1,2026/08/01 03:40:00,5563.33,79.40,TRADE
VIC1,2026/08/01 03:45:00,5547.78,75.40,TRADE
VIC1,2026/08/01 03:50:00,5487.45,75.40,TRADE
VIC1,2026/08/01 03:55:00,5520.62,80.50,TRADE
VIC1,2026/08/01 04:00:00,5484.42,66.09,TRADE
VIC1,2026/08/01 04:05:00,5506.11,80.50,TRADE
VIC1,2026/08/01 04:10:00,5584.99,80.50,TRADE
VIC1,2026/08/01 04:15:00,5506.38,80.50,TRADE
VIC1,2026/08/01 04:20:00,5577.58,80.50,TRADE
VIC1,2026/08/01 04:25:00,5584.12,79.69,TRADE
VIC1,2026/08/01 04:30:00,5605.13,80.50,TRADE
VIC1,2026/08/01 04:35:00,5584.27,75.40,TRADE
VIC1,2026/08/01 04:40:00,5528.68,79.98,TRADE
VIC1,2026/08/01 04:45:00,5584.47,80.50,TRADE
VIC1,2026/08/01 04:50:00,5587.05,86.09,TRADE
VIC1,2026/08/01 04:55:00,5585.12,84.49,TRADE
VIC1,2026/08/01 05:00:00,5637.57,86.68,TRADE
VIC1,2026/08/01 05:05:00,5629.09,80.50,TRADE
VIC1,2026/08/01 05:10:00,5692.29,86.72,TRADE
VIC1,2026/08/01 05:15:00,5719.33,95.36,TRADE
VIC1,2026/08/01 05:20:00,5645.1,90.04,TRADE
VIC1,2026/08/01 05:25:00,5656.68,85.89,TRADE
VIC1,2026/08/01 05:30:00,5743.14,82.05,TRADE
VIC1,2026/08/01 05:35:00,5786.57,80.50,TRADE
VIC1,2026/08/01 05:40:00,5741.97,83.21,TRADE
VIC1,2026/08/01 05:45:00,5769.63,80.50,TRADE
VIC1,2026/08/01 05:50:00,5830.95,86.31,TRADE
VIC1,2026/08/01 05:55:00,5903.5,84.06,TRADE
VIC1,2026/08/01 06:00:00,5949.14,98.36,TRADE
VIC1,2026/08/01 06:05:00,5993.09,83.26,TRADE
VIC1,2026/08/01 06:10:00,6039.03,84.05,TRADE
VIC1,2026/08/01 06:15:00,6009.2,89.15,TRADE
VIC1,2026/08/01 06:20:00,6082.26,89.15,TRADE
VIC1,2026/08/01 06:25:00,6183.24,98.42,TRADE
VIC1,2026/08/01 06:30:00,6231,102.36,TRADE
VIC1,2026/08/01 06:35:00,6200.34,85.35,TRADE
VIC1,2026/08/01 06:40:00,6348.6,84.91,TRADE
VIC1,2026/08/01 06:45:00,6347.95,81.27,TRADE
VIC1,2026/08/01 06:50:00,6464.37,90.61,TRADE
VIC1,2026/08/01 06:55:00,6524.93,90.65,TRADE
VIC1,2026/08/01 07:00:00,6516.4,102.40,TRADE
VIC1,2026/08/01 07:05:00,6561.73,84.51,TRADE
VIC1,2026/08/01 07:10:00,6571.19,84.91,TRADE
VIC1,2026/08/01 07:15:00,6708.91,84.91,TRADE
VIC1,2026/08/01 07:20:00,6701.57,84.51,TRADE
VIC1,2026/08/01 07:25:00,6792.92,84.91,TRADE
VIC1,2026/08/01 07:30:00,6857,84.91,TRADE
VIC1,2026/08/01 07:35:00,6901.67,84.91,TRADE
VIC1,2026/08/01 07:40:00,7044.82,84.91,TRADE
VIC1,2026/08/01 07:45:00,7101.78,98.48,TRADE
VIC1,2026/08/01 07:50:00,7144.57,105.78,TRADE
VIC1,2026/08/01 07:55:00,7161.18,89,TRADE
VIC1,2026/08/01 08:00:00,7182.4,98.48,TRADE
VIC1,2026/08/01 08:05:00,7129.56,84.91,TRADE
VIC1,2026/08/01 08:10:00,7206.92,84.91,TRADE
VIC1,2026/08/01 08:15:00,7199.99,84.51,TRADE
VIC1,2026/08/01 08:20:00,7131.96,69.48,TRADE
VIC1,2026/08/01 08:25:00,7185.06,69.48,TRADE
VIC1,2026/08/01 08:30:00,7139.5,65.68,TRADE
VIC1,2026/08/01 08:35:00,7101.03,53.99,TRADE
VIC1,2026/08/01 08:40:00,7019.95,69.48,TRADE
VIC1,2026/08/01 08:45:00,6913.67,41.14,TRADE
VIC1,2026/08/01 08:50:00,6917.83,21.12,TRADE
VIC1,2026/08/01 08:55:00,6868.72,0,TRADE
VIC1,2026/08/01 09:00:00,6770.87,8.94,TRADE
VIC1,2026/08/01 09:05:00,6746.64,8.94,TRADE
VIC1,2026/08/01 09:10:00,6706.96,10.50,TRADE
VIC1,2026/08/01 09:15:00,6674.61,8.94,TRADE
VIC1,2026/08/01 09:20:00,6521.56,10.50,TRADE
VIC1,2026/08/01 09:25:00,6424.42,0,TRADE
VIC1,2026/08/01 09:30:00,6422.32,0.01,TRADE
VIC1,2026/08/01 09:35:00,6314.85,14.51,TRADE
VIC1,2026/08/01 09:40:00,6261.53,10.50,TRADE
VIC1,2026/08/01 09:45:00,6160.9,10.50,TRADE
VIC1,2026/08/01 09:50:00,6005.47,28.73,TRADE
VIC1,2026/08/01 09:55:00,5919.5,62.34,TRADE
VIC1,2026/08/01 10:00:00,5758.47,60.27,TRADE
VIC1,2026/08/01 10:05:00,5649.9,25.94,TRADE
VIC1,2026/08/01 10:10:00,5655.75,14.89,TRADE
VIC1,2026/08/01 10:15:00,5558.73,10.50,TRADE
VIC1,2026/08/01 10:20:00,5571.65,10.50,TRADE
VIC1,2026/08/01 10:25:00,5397.52,1.42,TRADE
VIC1,2026/08/01 10:30:00,5394.67,3.57,TRADE
VIC1,2026/08/01 10:35:00,5307.84,10.50,TRADE
VIC1,2026/08/01 10:40:00,5257.43,10.50,TRADE
VIC1,2026/08/01 10:45:00,5110.15,1.42,TRADE
VIC1,2026/08/01 10:50:00,4970.42,0.08,TRADE
VIC1,2026/08/01 10:55:00,4940.8,8.81,TRADE
VIC1,2026/08/01 11:00:00,4888.86,-4.40,TRADE
VIC1,2026/08/01 11:05:00,4828.17,-1.16,TRADE
VIC1,2026/08/01 11:10:00,4922.61,0,TRADE
VIC1,2026/08/01 11:15:00,4892.2,0.01,TRADE
VIC1,2026/08/01 11:20:00,4812.75,-2.99,TRADE
VIC1,2026/08/01 11:25:00,4706.31,-2.99,TRADE
VIC1,2026/08/01 11:30:00,4657.18,-1.10,TRADE
VIC1,2026/08/01 11:35:00,4649.08,0,TRADE
VIC1,2026/08/01 11:40:00,4586.21,-2.99,TRADE
VIC1,2026/08/01 11:45:00,4498.28,-3.50,TRADE
VIC1,2026/08/01 11:50:00,4438.19,-2.99,TRADE
VIC1,2026/08/01 11:55:00,4437.96,0,TRADE
VIC1,2026/08/01 12:00:00,4346.84,-1.48,TRADE
VIC1,2026/08/01 12:05:00,4291.8,-0.36,TRADE
VIC1,2026/08/01 12:10:00,4200.77,0,TRADE
VIC1,2026/08/01 12:15:00,4142.18,0.08,TRADE
VIC1,2026/08/01 12:20:00,4099.4,0.04,TRADE
VIC1,2026/08/01 12:25:00,4030.59,0.07,TRADE
VIC1,2026/08/01 12:30:00,4007.88,0.07,TRADE
VIC1,2026/08/01 12:35:00,4007.43,0.08,TRADE
VIC1,2026/08/01 12:40:00,3965.13,0.01,TRADE
VIC1,2026/08/01 12:45:00,3947.94,0.07,TRADE
VIC1,2026/08/01 12:50:00,3944.14,0,TRADE
VIC1,2026/08/01 12:55:00,3899.7,-1.10,TRADE
VIC1,2026/08/01 13:00:00,3789.62,-5,TRADE
VIC1,2026/08/01 13:05:00,3892.43,0.45,TRADE
VIC1,2026/08/01 13:10:00,3830.68,-1.10,TRADE
VIC1,2026/08/01 13:15:00,3818.38,-1.10,TRADE
VIC1,2026/08/01 13:20:00,3888.85,-6.50,TRADE
VIC1,2026/08/01 13:25:00,3898.09,-6.50,TRADE
VIC1,2026/08/01 13:30:00,3921.53,-6.50,TRADE
VIC1,2026/08/01 13:35:00,3826.52,-6.50,TRADE
VIC1,2026/08/01 13:40:00,3830.55,-6.51,TRADE
VIC1,2026/08/01 13:45:00,3894.64,-6.50,TRADE
VIC1,2026/08/01 13:50:00,3876.42,-7.74,TRADE
VIC1,2026/08/01 13:55:00,3843.21,-7.51,TRADE
VIC1,2026/08/01 14:00:00,3931.71,-6.50,TRADE
VIC1,2026/08/01 14:05:00,3909.57,-6.01,TRADE
VIC1,2026/08/01 14:10:00,3842.13,-7.03,TRADE
VIC1,2026/08/01 14:15:00,3763.13,-12.75,TRADE
VIC1,2026/08/01 14:20:00,3801.17,-6.51,TRADE
VIC1,2026/08/01 14:25:00,3927.72,-6.50,TRADE
VIC1,2026/08/01 14:30:00,3915.89,-3.50,TRADE
VIC1,2026/08/01 14:35:00,3943.67,-6,TRADE
VIC1,2026/08/01 14:40:00,3977.72,-6.01,TRADE
VIC1,2026/08/01 14:45:00,4016.67,-5,TRADE
VIC1,2026/08/01 14:50:00,4056.27,-2.99,TRADE
VIC1,2026/08/01 14:55:00,4035.8,-3.50,TRADE
VIC1,2026/08/01 15:00:00,4077.15,-5,TRADE
VIC1,2026/08/01 15:05:00,4119.72,-6.50,TRADE
VIC1,2026/08/01 15:10:00,4133.64,-5,TRADE
VIC1,2026/08/01 15:15:00,4185.71,-6.01,TRADE
VIC1,2026/08/01 15:20:00,4318.44,-3.50,TRADE
VIC1,2026/08/01 15:25:00,4403.75,-3.50,TRADE
VIC1,2026/08/01 15:30:00,4411.77,-3.50,TRADE
VIC1,2026/08/01 15:35:00,4583.38,-1.15,TRADE
VIC1,2026/08/01 15:40:00,4654.15,-6.25,TRADE
VIC1,2026/08/01 15:45:00,4648.1,-6.50,TRADE
VIC1,2026/08/01 15:50:00,4743.33,-6.50,TRADE
VIC1,2026/08/01 15:55:00,4900.19,-2.99,TRADE
VIC1,2026/08/01 16:00:00,4998.29,0,TRADE
VIC1,2026/08/01 16:05:00,5084.7,-3.50,TRADE
VIC1,2026/08/01 16:10:00,5121.52,69.48,TRADE
VIC1,2026/08/01 16:15:00,5230.9,1.57,TRADE
VIC1,2026/08/01 16:20:00,5331.24,6.27,TRADE
VIC1,2026/08/01 16:25:00,5342.62,8.94,TRADE
VIC1,2026/08/01 16:30:00,5441.79,79.50,TRADE
VIC1,2026/08/01 16:35:00,5608.13,81.68,TRADE
VIC1,2026/08/01 16:40:00,5675.47,87.09,TRADE
VIC1,2026/08/01 16:45:00,5830.23,83.68,TRADE
VIC1,2026/08/01 16:50:00,5946.51,91.43,TRADE
VIC1,2026/08/01 16:55:00,6064.91,83.46,TRADE
VIC1,2026/08/01 17:00:00,6214.57,91.63,TRADE
VIC1,2026/08/01 17:05:00,6211.39,85.23,TRADE
VIC1,2026/08/01 17:10:00,6360.81,75.88,TRADE
VIC1,2026/08/01 17:15:00,6536.75,78.65,TRADE
VIC1,2026/08/01 17:20:00,6573.65,84.57,TRADE
VIC1,2026/08/01 17:25:00,6715.29,83.93,TRADE
VIC1,2026/08/01 17:30:00,6735.96,77.14,TRADE
VIC1,2026/08/01 17:35:00,6846.25,75.88,TRADE
VIC1,2026/08/01 17:40:00,6889.46,77.78,TRADE
VIC1,2026/08/01 17:45:00,6938.43,79.01,TRADE
VIC1,2026/08/01 17:50:00,7103.11,84.58,TRADE
VIC1,2026/08/01 17:55:00,7194.49,86.17,TRADE
VIC1,2026/08/01 18:00:00,7233.03,82.37,TRADE
VIC1,2026/08/01 18:05:00,7214.7,82.39,TRADE
VIC1,2026/08/01 18:10:00,7231.83,83.57,TRADE
VIC1,2026/08/01 18:15:00,7252.27,77.39,TRADE
VIC1,2026/08/01 18:20:00,7295.8,75.88,TRADE
VIC1,2026/08/01 18:25:00,7269.4,77.81,TRADE
VIC1,2026/08/01 18:30:00,7300.8,84.66,TRADE
VIC1,2026/08/01 18:35:00,7272.31,79.27,TRADE
VIC1,2026/08/01 18:40:00,7272.93,79.09,TRADE
VIC1,2026/08/01 18:45:00,7219,75.88,TRADE
VIC1,2026/08/01 18:50:00,7215.31,75.88,TRADE
VIC1,2026/08/01 18:55:00,7246.79,79.37,TRADE
VIC1,2026/08/01 19:00:00,7206.16,75.88,TRADE
VIC1,2026/08/01 19:05:00,7221.45,72.32,TRADE
VIC1,2026/08/01 19:10:00,7234.56,75.88,TRADE
VIC1,2026/08/01 19:15:00,7205.15,75.88,TRADE
VIC1,2026/08/01 19:20:00,7206.86,75.88,TRADE
VIC1,2026/08/01 19:25:00,7170.07,75.88,TRADE
VIC1,2026/08/01 19:30:00,7072.58,70.76,TRADE
VIC1,2026/08/01 19:35:00,7144.78,67.70,TRADE
VIC1,2026/08/01 19:40:00,7189.47,70.69,TRADE
VIC1,2026/08/01 19:45:00,7111.28,62.45,TRADE
VIC1,2026/08/01 19:50:00,7075.16,60.17,TRADE
VIC1,2026/08/01 19:55:00,7076.81,61.01,TRADE
VIC1,2026/08/01 20:00:00,7097.53,58.18,TRADE
VIC1,2026/08/01 20:05:00,7001.68,63.14,TRADE
VIC1,2026/08/01 20:10:00,6968.39,56.53,TRADE
VIC1,2026/08/01 20:15:00,6945.92,56.49,TRADE
VIC1,2026/08/01 20:20:00,7007.32,66.08,TRADE
VIC1,2026/08/01 20:25:00,7007.42,65.23,TRADE
VIC1,2026/08/01 20:30:00,6974.25,65.11,TRADE
VIC1,2026/08/01 20:35:00,6956.02,71.90,TRADE
VIC1,2026/08/01 20:40:00,6908.51,75.68,TRADE
VIC1,2026/08/01 20:45:00,6885.31,75.70,TRADE
VIC1,2026/08/01 20:50:00,6813.8,72.16,TRADE
VIC1,2026/08/01 20:55:00,6746.38,62.10,TRADE
VIC1,2026/08/01 21:00:00,6845.11,64.82,TRADE
VIC1,2026/08/01 21:05:00,6784.69,67.17,TRADE
VIC1,2026/08/01 21:10:00,6764.2,69.48,TRADE
VIC1,2026/08/01 21:15:00,6793.11,71.51,TRADE
VIC1,2026/08/01 21:20:00,6734.41,63.22,TRADE
VIC1,2026/08/01 21:25:00,6750.66,63.04,TRADE
VIC1,2026/08/01 21:30:00,6751.33,69.30,TRADE
VIC1,2026/08/01 21:35:00,6641.42,64.19,TRADE
VIC1,2026/08/01 21:40:00,6605.79,61.03,TRADE
VIC1,2026/08/01 21:45:00,6624.44,61.87,TRADE
VIC1,2026/08/01 21:50:00,6601.72,63.82,TRADE
VIC1,2026/08/01 21:55:00,6525.65,62.38,TRADE
VIC1,2026/08/01 22:00:00,6486.08,53.77,TRADE
VIC1,2026/08/01 22:05:00,6422.4,61.68,TRADE
VIC1,2026/08/01 22:10:00,6447.76,62.17,TRADE
VIC1,2026/08/01 22:15:00,6319.3,57.79,TRADE
VIC1,2026/08/01 22:20:00,6392.67,62.59,TRADE
VIC1,2026/08/01 22:25:00,6267.96,55.70,TRADE
VIC1,2026/08/01 22:30:00,6229.07,54.32,TRADE
VIC1,2026/08/01 22:35:00,6261.23,62.02,TRADE
VIC1,2026/08/01 22:40:00,6248.63,56.44,TRADE
VIC1,2026/08/01 22:45:00,6191.38,54.99,TRADE
VIC1,2026/08/01 22:50:00,6146.89,50.77,TRADE
VIC1,2026/08/01 22:55:00,6084.46,40.50,TRADE
VIC1,2026/08/01 23:00:00,6112.22,38,TRADE
VIC1,2026/08/01 23:05:00,6021.78,45.58,TRADE
VIC1,2026/08/01 23:10:00,6102.83,52.73,TRADE
VIC1,2026/08/01 23:15:00,6144.36,50.05,TRADE
VIC1,2026/08/01 23:20:00,6080.19,10.65,TRADE
VIC1,2026/08/01 23:25:00,6072.65,10.65,TRADE
VIC1,2026/08/01 23:30:00,6111.33,11.74,TRADE
VIC1,2026/08/01 23:35:00,6063.5,47.16,TRADE
VIC1,2026/08/01 23:40:00,6017.43,20.68,TRADE
VIC1,2026/08/01 23:45:00,6025.6,18.66,TRADE
VIC1,2026/08/01 23:50:00,5983.87,13.80,TRADE
VIC1,2026/08/01 23:55:00,5996.28,11.07,TRADE
VIC1,2026/08/02 00:00:00,5856.18,10.65,TRADE
VIC1,2026/08/02 00:05:00,5858.75,10.50,TRADE
VIC1,2026/08/02 00:10:00,5823.47,15.08,TRADE
VIC1,2026/08/02 00:15:00,5792.98,-1.10,TRADE
VIC1,2026/08/02 00:20:00,5783.7,15.08,TRADE
VIC1,2026/08/02 00:25:00,5828.91,15.08,TRADE
VIC1,2026/08/02 00:30:00,5766.12,11.64,TRADE
VIC1,2026/08/02 00:35:00,5761.07,-1.10,TRADE
VIC1,2026/08/02 00:40:00,5745.72,15.08,TRADE
VIC1,2026/08/02 00:45:00,5674.62,8.94,TRADE
VIC1,2026/08/02 00:50:00,5546.56,8.94,TRADE
VIC1,2026/08/02 00:55:00,5534.1,15.08,TRADE
VIC1,2026/08/02 01:00:00,5573.33,10.65,TRADE
VIC1,2026/08/02 01:05:00,5513.05,15.08,TRADE
VIC1,2026/08/02 01:10:00,5527.52,15.08,TRADE
VIC1,2026/08/02 01:15:00,5473.49,12.57,TRADE
VIC1,2026/08/02 01:20:00,5478.44,15.08,TRADE
VIC1,2026/08/02 01:25:00,5477.76,8.94,TRADE
VIC1,2026/08/02 01:30:00,5340.54,8.94,TRADE
VIC1,2026/08/02 01:35:00,5329.76,10.50,TRADE
VIC1,2026/08/02 01:40:00,5337.86,10.50,TRADE
VIC1,2026/08/02 01:45:00,5344.44,0.19,TRADE
VIC1,2026/08/02 01:50:00,5279.04,8.94,TRADE
VIC1,2026/08/02 01:55:00,5248.81,0.36,TRADE
VIC1,2026/08/02 02:00:00,5220.35,6.62,TRADE
VIC1,2026/08/02 02:05:00,5198.69,0.19,TRADE
VIC1,2026/08/02 02:10:00,5119.93,0.20,TRADE
VIC1,2026/08/02 02:15:00,5103.38,5.08,TRADE
VIC1,2026/08/02 02:20:00,5061.6,10.50,TRADE
VIC1,2026/08/02 02:25:00,5126.65,4.36,TRADE
VIC1,2026/08/02 02:30:00,5097.34,15.08,TRADE
VIC1,2026/08/02 02:35:00,5077.33,0.38,TRADE
VIC1,2026/08/02 02:40:00,5052.03,10.50,TRADE
VIC1,2026/08/02 02:45:00,5060.53,8.94,TRADE
VIC1,2026/08/02 02:50:00,5030.4,5.08,TRADE
VIC1,2026/08/02 02:55:00,4927.07,8.94,TRADE
VIC1,2026/08/02 03:00:00,4926.64,8.95,TRADE
VIC1,2026/08/02 03:05:00,4968.16,10.45,TRADE
VIC1,2026/08/02 03:10:00,4976.6,0,TRADE
VIC1,2026/08/02 03:15:00,4965.53,0,TRADE
VIC1,2026/08/02 03:20:00,4941.35,10.50,TRADE
VIC1,2026/08/02 03:25:00,4959.21,0,TRADE
VIC1,2026/08/02 03:30:00,4935,0,TRADE
VIC1,2026/08/02 03:35:00,4834.2,10.50,TRADE
VIC1,2026/08/02 03:40:00,4848.2,5.48,TRADE
VIC1,2026/08/02 03:45:00,4892.71,8.94,TRADE
VIC1,2026/08/02 03:50:00,4911.3,0,TRADE
VIC1,2026/08/02 03:55:00,4878.2,0.67,TRADE
VIC1,2026/08/02 04:00:00,4895.26,5.08,TRADE
VIC1,2026/08/02 04:05:00,4884.44,0.67,TRADE
VIC1,2026/08/02 04:10:00,4901.28,5.08,TRADE
VIC1,2026/08/02 04:15:00,4860.3,0.62,TRADE
VIC1,2026/08/02 04:20:00,4897.33,0.62,TRADE
VIC1,2026/08/02 04:25:00,4900.14,0.01,TRADE
VIC1,2026/08/02 04:30:00,4919.92,0,TRADE
VIC1,2026/08/02 04:35:00,4917.01,0,TRADE
VIC1,2026/08/02 04:40:00,4911.12,0,TRADE
VIC1,2026/08/02 04:45:00,4925.26,-1.10,TRADE
VIC1,2026/08/02 04:50:00,4941.15,-1.10,TRADE
VIC1,2026/08/02 04:55:00,4859.35,-1.15,TRADE
VIC1,2026/08/02 05:00:00,4864.46,-1.15,TRADE
VIC1,2026/08/02 05:05:00,4959.06,-1.10,TRADE
VIC1,2026/08/02 05:10:00,4942.77,-1.10,TRADE
VIC1,2026/08/02 05:15:00,4993.17,-1.10,TRADE
VIC1,2026/08/02 05:20:00,5003.05,-1.15,TRADE
VIC1,2026/08/02 05:25:00,5034.27,-1.15,TRADE
VIC1,2026/08/02 05:30:00,5030.9,-1.15,TRADE
VIC1,2026/08/02 05:35:00,4940.05,-2.99,TRADE
VIC1,2026/08/02 05:40:00,4984.47,-2.99,TRADE
VIC1,2026/08/02 05:45:00,5043.83,-2.99,TRADE
VIC1,2026/08/02 05:50:00,5078.15,-2.99,TRADE
VIC1,2026/08/02 05:55:00,5065.39,-2.99,TRADE
VIC1,2026/08/02 06:00:00,5137.16,-2.25,TRADE
VIC1,2026/08/02 06:05:00,5113.54,-1.41,TRADE
VIC1,2026/08/02 06:10:00,5200.33,-1.15,TRADE
VIC1,2026/08/02 06:15:00,5244.78,-1.15,TRADE
VIC1,2026/08/02 06:20:00,5185.82,-1.15,TRADE
VIC1,2026/08/02 06:25:00,5240.19,-1.15,TRADE
VIC1,2026/08/02 06:30:00,5227.8,-1.15,TRADE
VIC1,2026/08/02 06:35:00,5294.44,-1.15,TRADE
VIC1,2026/08/02 06:40:00,5373.4,-1.15,TRADE
VIC1,2026/08/02 06:45:00,5406.47,-1.15,TRADE
VIC1,2026/08/02 06:50:00,5454.89,-1.15,TRADE
VIC1,2026/08/02 06:55:00,5472.43,-1.13,TRADE
VIC1,2026/08/02 07:00:00,5508.34,-1.14,TRADE
VIC1,2026/08/02 07:05:00,5556.18,-1.10,TRADE
VIC1,2026/08/02 07:10:00,5642.59,-1.10,TRADE
VIC1,2026/08/02 07:15:00,5712.58,-1.10,TRADE
VIC1,2026/08/02 07:20:00,5714.74,-1.10,TRADE
VIC1,2026/08/02 07:25:00,5844.6,-0.97,TRADE
VIC1,2026/08/02 07:30:00,5906.73,0.01,TRADE
VIC1,2026/08/02 07:35:00,5882.86,0.02,TRADE
VIC1,2026/08/02 07:40:00,5955.09,9.36,TRADE
VIC1,2026/08/02 07:45:00,5998,9.25,TRADE
VIC1,2026/08/02 07:50:00,6028.74,5.08,TRADE
VIC1,2026/08/02 07:55:00,6028.47,0.86,TRADE
VIC1,2026/08/02 08:00:00,6015.24,0.86,TRADE
VIC1,2026/08/02 08:05:00,6033.04,0.10,TRADE
VIC1,2026/08/02 08:10:00,6026.05,0,TRADE
VIC1,2026/08/02 08:15:00,6093.6,0.01,TRADE
VIC1,2026/08/02 08:20:00,6073.02,0,TRADE
VIC1,2026/08/02 08:25:00,6074.27,-1.10,TRADE
VIC1,2026/08/02 08:30:00,6051.46,-1.15,TRADE
VIC1,2026/08/02 08:35:00,5906.26,-2.99,TRADE
VIC1,2026/08/02 08:40:00,5865.52,-6.51,TRADE
VIC1,2026/08/02 08:45:00,5914.63,-7.17,TRADE
VIC1,2026/08/02 08:50:00,5841.39,-6.90,TRADE
VIC1,2026/08/02 08:55:00,5783.35,-7.34,TRADE
VIC1,2026/08/02 09:00:00,5747.19,-9.44,TRADE
VIC1,2026/08/02 09:05:00,5677.09,-10.05,TRADE
VIC1,2026/08/02 09:10:00,5653.41,-7.51,TRADE
VIC1,2026/08/02 09:15:00,5584.74,-11.95,TRADE
VIC1,2026/08/02 09:20:00,5424.39,-10.07,TRADE
VIC1,2026/08/02 09:25:00,5505.09,-6.60,TRADE
VIC1,2026/08/02 09:30:00,5384.93,-11.95,TRADE
VIC1,2026/08/02 09:35:00,5350.12,-7.51,TRADE
VIC1,2026/08/02 09:40:00,5361.54,-7.51,TRADE
VIC1,2026/08/02 09:45:00,5268.16,-7.84,TRADE
VIC1,2026/08/02 09:50:00,5156.71,-6.51,TRADE
VIC1,2026/08/02 09:55:00,4990.71,-6.50,TRADE
VIC1,2026/08/02 10:00:00,4859.9,-6.60,TRADE
VIC1,2026/08/02 10:05:00,4813.46,-6.51,TRADE
VIC1,2026/08/02 10:10:00,4855.62,-6.60,TRADE
VIC1,2026/08/02 10:15:00,4781.59,-6.51,TRADE
VIC1,2026/08/02 10:20:00,4665.72,-7.99,TRADE
VIC1,2026/08/02 10:25:00,4696.05,-6.60,TRADE
VIC1,2026/08/02 10:30:00,4596.3,-9.52,TRADE
VIC1,2026/08/02 10:35:00,4533.51,-7.23,TRADE
VIC1,2026/08/02 10:40:00,4431.21,-7.19,TRADE
VIC1,2026/08/02 10:45:00,4328.46,-7.51,TRADE
VIC1,2026/08/02 10:50:00,4243.88,-7.51,TRADE
VIC1,2026/08/02 10:55:00,4178.39,-7.51,TRADE
VIC1,2026/08/02 11:00:00,4116.33,-12.75,TRADE
VIC1,2026/08/02 11:05:00,4074.23,-15.42,TRADE
VIC1,2026/08/02 11:10:00,4205.28,-11.95,TRADE
VIC1,2026/08/02 11:15:00,4229.11,-12.75,TRADE
VIC1,2026/08/02 11:20:00,4242.98,-12.75,TRADE
VIC1,2026/08/02 11:25:00,4207.45,-16.67,TRADE
VIC1,2026/08/02 11:30:00,4163.41,-15.42,TRADE
VIC1,2026/08/02 11:35:00,4112.41,-16.28,TRADE
VIC1,2026/08/02 11:40:00,4076.26,-20.59,TRADE
VIC1,2026/08/02 11:45:00,4058.15,-34.42,TRADE
VIC1,2026/08/02 11:50:00,3938.92,-50.01,TRADE
VIC1,2026/08/02 11:55:00,3998.05,-20.86,TRADE
VIC1,2026/08/02 12:00:00,3969.68,-15.42,TRADE
VIC1,2026/08/02 12:05:00,3851.61,-15.42,TRADE
VIC1,2026/08/02 12:10:00,3896.29,-15.42,TRADE
VIC1,2026/08/02 12:15:00,3839.93,-21.53,TRADE
VIC1,2026/08/02 12:20:00,3824.33,-21,TRADE
VIC1,2026/08/02 12:25:00,3674.07,-12.75,TRADE
VIC1,2026/08/02 12:30:00,3625.09,-19.99,TRADE
VIC1,2026/08/02 12:35:00,3703.73,-21.33,TRADE
VIC1,2026/08/02 12:40:00,3677.71,-24.88,TRADE
VIC1,2026/08/02 12:45:00,3658.39,-25.03,TRADE
VIC1,2026/08/02 12:50:00,3689.7,-22.02,TRADE
VIC1,2026/08/02 12:55:00,3625.71,-21.08,TRADE
VIC1,2026/08/02 13:00:00,3632.08,-34.42,TRADE
VIC1,2026/08/02 13:05:00,3595.72,-20.38,TRADE
VIC1,2026/08/02 13:10:00,3533.06,-24.88,TRADE
VIC1,2026/08/02 13:15:00,3522.97,-34.42,TRADE
VIC1,2026/08/02 13:20:00,3636.89,-35.84,TRADE
VIC1,2026/08/02 13:25:00,3561.75,-58.57,TRADE
VIC1,2026/08/02 13:30:00,3688.49,-34.63,TRADE
VIC1,2026/08/02 13:35:00,3621.04,-60,TRADE
VIC1,2026/08/02 13:40:00,3684.24,-34.42,TRADE
VIC1,2026/08/02 13:45:00,3682.86,-59.47,TRADE
VIC1,2026/08/02 13:50:00,3583.92,-60,TRADE
VIC1,2026/08/02 13:55:00,3565.42,-59.47,TRADE
VIC1,2026/08/02 14:00:00,3631.71,-44.23,TRADE
VIC1,2026/08/02 14:05:00,3622.61,-60,TRADE
VIC1,2026/08/02 14:10:00,3534.09,-49.36,TRADE
VIC1,2026/08/02 14:15:00,3588.49,-59.47,TRADE
VIC1,2026/08/02 14:20:00,3612.03,-34.89,TRADE
VIC1,2026/08/02 14:25:00,3650.25,-50.01,TRADE
VIC1,2026/08/02 14:30:00,3616.44,-34.68,TRADE
VIC1,2026/08/02 14:35:00,3715.6,-33.92,TRADE
VIC1,2026/08/02 14:40:00,3750.17,-21.09,TRADE
VIC1,2026/08/02 14:45:00,3759.22,-21.09,TRADE
VIC1,2026/08/02 14:50:00,3842.35,-21.09,TRADE
VIC1,2026/08/02 14:55:00,3884.54,-19.78,TRADE
VIC1,2026/08/02 15:00:00,3952.46,-19.40,TRADE
VIC1,2026/08/02 15:05:00,4010.99,-15.42,TRADE
VIC1,2026/08/02 15:10:00,3958.04,-15.42,TRADE
VIC1,2026/08/02 15:15:00,4032.32,-34.42,TRADE
VIC1,2026/08/02 15:20:00,4188.58,-15.42,TRADE
VIC1,2026/08/02 15:25:00,4258.16,-12.75,TRADE
VIC1,2026/08/02 15:30:00,4316.82,-15.42,TRADE
VIC1,2026/08/02 15:35:00,4356.33,-12.75,TRADE
VIC1,2026/08/02 15:40:00,4502.59,-15.42,TRADE
VIC1,2026/08/02 15:45:00,4592.41,-19.99,TRADE
VIC1,2026/08/02 15:50:00,4637.93,-15.42,TRADE
VIC1,2026/08/02 15:55:00,4674.81,-15.42,TRADE
VIC1,2026/08/02 16:00:00,4767.76,-12.75,TRADE
VIC1,2026/08/02 16:05:00,4945.3,-15.42,TRADE
VIC1,2026/08/02 16:10:00,4974.37,-12.75,TRADE
VIC1,2026/08/02 16:15:00,5095.99,-12.75,TRADE
VIC1,2026/08/02 16:20:00,5219.13,-6.60,TRADE
VIC1,2026/08/02 16:25:00,5334.77,-6.32,TRADE
VIC1,2026/08/02 16:30:00,5403.01,-5,TRADE
VIC1,2026/08/02 16:35:00,5488.09,-5.62,TRADE
VIC1,2026/08/02 16:40:00,5484.89,-5,TRADE
VIC1,2026/08/02 16:45:00,5558.83,-1.15,TRADE
VIC1,2026/08/02 16:50:00,5638.73,-1.05,TRADE
VIC1,2026/08/02 16:55:00,5658.61,0.01,TRADE
VIC1,2026/08/02 17:00:00,5817.66,54.48,TRADE
VIC1,2026/08/02 17:05:00,5880.65,10.12,TRADE
VIC1,2026/08/02 17:10:00,6033.47,17.01,TRADE
VIC1,2026/08/02 17:15:00,6130.73,44,TRADE
VIC1,2026/08/02 17:20:00,6245.11,22.67,TRADE
VIC1,2026/08/02 17:25:00,6233.95,10.12,TRADE
VIC1,2026/08/02 17:30:00,6391.49,22.67,TRADE
VIC1,2026/08/02 17:35:00,6471.74,10.65,TRADE
VIC1,2026/08/02 17:40:00,6507.67,10.65,TRADE
VIC1,2026/08/02 17:45:00,6636.07,31.48,TRADE
VIC1,2026/08/02 17:50:00,6742.74,31.48,TRADE
VIC1,2026/08/02 17:55:00,6821.3,31.48,TRADE
VIC1,2026/08/02 18:00:00,6892.04,26.80,TRADE
VIC1,2026/08/02 18:05:00,6874.19,22.67,TRADE
VIC1,2026/08/02 18:10:00,6900.46,22.67,TRADE
VIC1,2026/08/02 18:15:00,6897.91,10.65,TRADE
VIC1,2026/08/02 18:20:00,6940.53,10.50,TRADE
VIC1,2026/08/02 18:25:00,6978.1,10.50,TRADE
VIC1,2026/08/02 18:30:00,7048.31,10.50,TRADE
VIC1,2026/08/02 18:35:00,7011.44,8.94,TRADE
VIC1,2026/08/02 18:40:00,7042.7,10.50,TRADE
VIC1,2026/08/02 18:45:00,7014.46,10.50,TRADE
VIC1,2026/08/02 18:50:00,7005.38,10.50,TRADE
VIC1,2026/08/02 18:55:00,6973.58,10.50,TRADE
VIC1,2026/08/02 19:00:00,6894.65,8.94,TRADE
VIC1,2026/08/02 19:05:00,6875.49,10.50,TRADE
VIC1,2026/08/02 19:10:00,6816.24,10.50,TRADE
VIC1,2026/08/02 19:15:00,6863.72,10.50,TRADE
VIC1,2026/08/02 19:20:00,6836.8,10.68,TRADE
VIC1,2026/08/02 19:25:00,6774.52,10.50,TRADE
VIC1,2026/08/02 19:30:00,6834.62,10.50,TRADE
VIC1,2026/08/02 19:35:00,6859.44,10.50,TRADE
VIC1,2026/08/02 19:40:00,6889.18,10.50,TRADE
VIC1,2026/08/02 19:45:00,6892.75,10.50,TRADE
VIC1,2026/08/02 19:50:00,6828.6,10.50,TRADE
VIC1,2026/08/02 19:55:00,6818.6,10.50,TRADE
VIC1,2026/08/02 20:00:00,6802.79,10.50,TRADE
VIC1,2026/08/02 20:05:00,6712.45,8.94,TRADE
VIC1,2026/08/02 20:10:00,6759.53,10.50,TRADE
VIC1,2026/08/02 20:15:00,6757.11,10.47,TRADE
VIC1,2026/08/02 20:20:00,6757.43,8.94,TRADE
VIC1,2026/08/02 20:25:00,6730.95,10.50,TRADE
VIC1,2026/08/02 20:30:00,6669.36,-32.86,TRADE
VIC1,2026/08/02 20:35:00,6681.41,8.94,TRADE
VIC1,2026/08/02 20:40:00,6634.72,8.94,TRADE
VIC1,2026/08/02 20:45:00,6576.79,5.08,TRADE
VIC1,2026/08/02 20:50:00,6575.25,8.94,TRADE
VIC1,2026/08/02 20:55:00,6572.02,5.08,TRADE
VIC1,2026/08/02 21:00:00,6561.97,8.94,TRADE
VIC1,2026/08/02 21:05:00,6516.11,8.94,TRADE
VIC1,2026/08/02 21:10:00,6524.68,10.50,TRADE
VIC1,2026/08/02 21:15:00,6489.2,-3.56,TRADE
VIC1,2026/08/02 21:20:00,6409.73,5.08,TRADE
VIC1,2026/08/02 21:25:00,6427.08,8.94,TRADE
VIC1,2026/08/02 21:30:00,6378.75,10.50,TRADE
VIC1,2026/08/02 21:35:00,6342.36,8.94,TRADE
VIC1,2026/08/02 21:40:00,6345.31,8.94,TRADE
VIC1,2026/08/02 21:45:00,6259.77,8.94,TRADE
VIC1,2026/08/02 21:50:00,6221.5,8.94,TRADE
VIC1,2026/08/02 21:55:00,6114.74,8.94,TRADE
VIC1,2026/08/02 22:00:00,6003.52,5.08,TRADE
VIC1,2026/08/02 22:05:00,5915.42,22.77,TRADE
VIC1,2026/08/02 22:10:00,5887.26,10.50,TRADE
VIC1,2026/08/02 22:15:00,5967.48,-1.10,TRADE
VIC1,2026/08/02 22:20:00,5854.29,-1.10,TRADE
VIC1,2026/08/02 22:25:00,5873.72,8.94,TRADE
VIC1,2026/08/02 22:30:00,5839.11,5.08,TRADE
VIC1,2026/08/02 22:35:00,5823.86,8.94,TRADE
VIC1,2026/08/02 22:40:00,5766.85,5.08,TRADE
VIC1,2026/08/02 22:45:00,5682.66,-1.10,TRADE
VIC1,2026/08/02 22:50:00,5679.62,-1.10,TRADE
VIC1,2026/08/02 22:55:00,5649.96,-1.10,TRADE
VIC1,2026/08/02 23:00:00,5572.21,-1.10,TRADE
VIC1,2026/08/02 23:05:00,5573.47,8.94,TRADE
VIC1,2026/08/02 23:10:00,5650.37,22.67,TRADE
VIC1,2026/08/02 23:15:00,5725.6,8.94,TRADE
VIC1,2026/08/02 23:20:00,5669.64,3.40,TRADE
VIC1,2026/08/02 23:25:00,5671.1,5.08,TRADE
VIC1,2026/08/02 23:30:00,5608.3,5.08,TRADE
VIC1,2026/08/02 23:35:00,5587.09,5.08,TRADE
VIC1,2026/08/02 23:40:00,5508.17,5.08,TRADE
VIC1,2026/08/02 23:45:00,5585.38,9.93,TRADE
VIC1,2026/08/02 23:50:00,5527.85,8.95,TRADE
VIC1,2026/08/02 23:55:00,5440.78,8.94,TRADE
VIC1,2026/08/03 00:00:00,5505.48,8.94,TRADE
VIC1,2026/08/03 00:05:00,5499.87,8.94,TRADE
VIC1,2026/08/03 00:10:00,5515.16,4.98,TRADE
VIC1,2026/08/03 00:15:00,5474.9,8.79,TRADE
VIC1,2026/08/03 00:20:00,5392.33,3.40,TRADE
VIC1,2026/08/03 00:25:00,5324.83,-1.10,TRADE
VIC1,2026/08/03 00:30:00,5356.46,0.01,TRADE
VIC1,2026/08/03 00:35:00,5338.04,8.94,TRADE
VIC1,2026/08/03 00:40:00,5328.87,8.94,TRADE
VIC1,2026/08/03 00:45:00,5336.11,10.03,TRADE
VIC1,2026/08/03 00:50:00,5280.64,8.94,TRADE
VIC1,2026/08/03 00:55:00,5248.85,8.94,TRADE
VIC1,2026/08/03 01:00:00,5159.39,5.08,TRADE
VIC1,2026/08/03 01:05:00,5175.22,5.08,TRADE
VIC1,2026/08/03 01:10:00,5193.09,8.94,TRADE
VIC1,2026/08/03 01:15:00,5108.17,-1.10,TRADE
VIC1,2026/08/03 01:20:00,5139.51,-1.10,TRADE
VIC1,2026/08/03 01:25:00,5107.47,8.94,TRADE
VIC1,2026/08/03 01:30:00,5107.5,0.67,TRADE
VIC1,2026/08/03 01:35:00,5077.35,0.01,TRADE
VIC1,2026/08/03 01:40:00,4960.74,0.67,TRADE
VIC1,2026/08/03 01:45:00,4939.04,0.62,TRADE
VIC1,2026/08/03 01:50:00,5014.26,5.08,TRADE
VIC1,2026/08/03 01:55:00,5040.28,5.08,TRADE
VIC1,2026/08/03 02:00:00,4966.05,0.64,TRADE
VIC1,2026/08/03 02:05:00,4966.28,0.64,TRADE
VIC1,2026/08/03 02:10:00,4936.58,0.07,TRADE
VIC1,2026/08/03 02:15:00,4921.77,0.81,TRADE
VIC1,2026/08/03 02:20:00,4828.13,0.08,TRADE
VIC1,2026/08/03 02:25:00,4808.25,0.62,TRADE
VIC1,2026/08/03 02:30:00,4868.96,0.07,TRADE
VIC1,2026/08/03 02:35:00,4840.38,0.67,TRADE
VIC1,2026/08/03 02:40:00,4770.77,0.07,TRADE
VIC1,2026/08/03 02:45:00,4807.58,0.07,TRADE
VIC1,2026/08/03 02:50:00,4810.27,0.01,TRADE
VIC1,2026/08/03 02:55:00,4787.72,0.07,TRADE
VIC1,2026/08/03 03:00:00,4760.86,-0.09,TRADE
VIC1,2026/08/03 03:05:00,4694.91,-1.10,TRADE
VIC1,2026/08/03 03:10:00,4731.33,-1.10,TRADE
VIC1,2026/08/03 03:15:00,4727.26,-1.10,TRADE
VIC1,2026/08/03 03:20:00,4739.84,-1.10,TRADE
VIC1,2026/08/03 03:25:00,4791.66,0.01,TRADE
VIC1,2026/08/03 03:30:00,4746.56,2.59,TRADE
VIC1,2026/08/03 03:35:00,4772.16,4.93,TRADE
VIC1,2026/08/03 03:40:00,4766.79,3.39,TRADE
VIC1,2026/08/03 03:45:00,4760.94,1.42,TRADE
VIC1,2026/08/03 03:50:00,4747.66,8.94,TRADE
VIC1,2026/08/03 03:55:00,4779.17,9.47,TRADE
VIC1,2026/08/03 04:00:00,4728.21,5.08,TRADE
VIC1,2026/08/03 04:05:00,4773.86,4.27,TRADE
VIC1,2026/08/03 04:10:00,4797.93,1.22,TRADE
VIC1,2026/08/03 04:15:00,4746.54,0.14,TRADE
VIC1,2026/08/03 04:20:00,4828.22,3.63,TRADE
VIC1,2026/08/03 04:25:00,4810.46,0.16,TRADE
VIC1,2026/08/03 04:30:00,4748.94,-1.10,TRADE
VIC1,2026/08/03 04:35:00,4856.54,-0.63,TRADE
VIC1,2026/08/03 04:40:00,4841.74,-0.62,TRADE
VIC1,2026/08/03 04:45:00,4838.02,0.01,TRADE
VIC1,2026/08/03 04:50:00,4835.43,0,TRADE
VIC1,2026/08/03 04:55:00,4931.33,1.45,TRADE
VIC1,2026/08/03 05:00:00,4973.51,3.33,TRADE
VIC1,2026/08/03 05:05:00,4983.08,0,TRADE
VIC1,2026/08/03 05:10:00,5036.9,0.01,TRADE
VIC1,2026/08/03 05:15:00,5106.06,0.16,TRADE
VIC1,2026/08/03 05:20:00,5205.78,0.01,TRADE
VIC1,2026/08/03 05:25:00,5145.92,-1.10,TRADE
VIC1,2026/08/03 05:30:00,5181.12,0.01,TRADE
VIC1,2026/08/03 05:35:00,5262.01,-1.10,TRADE
VIC1,2026/08/03 05:40:00,5334.04,0.01,TRADE
VIC1,2026/08/03 05:45:00,5436.74,-1.10,TRADE
VIC1,2026/08/03 05:50:00,5542.59,0.01,TRADE
VIC1,2026/08/03 05:55:00,5516.48,0.01,TRADE
VIC1,2026/08/03 06:00:00,5615.5,0.01,TRADE
VIC1,2026/08/03 06:05:00,5665.18,5.08,TRADE
VIC1,2026/08/03 06:10:00,5767.38,9.70,TRADE
VIC1,2026/08/03 06:15:00,5924.9,22.67,TRADE
VIC1,2026/08/03 06:20:00,6020.14,22.67,TRADE
VIC1,2026/08/03 06:25:00,6204.1,10.50,TRADE
VIC1,2026/08/03 06:30:00,6300.63,10.50,TRADE
VIC1,2026/08/03 06:35:00,6384.74,22.67,TRADE
VIC1,2026/08/03 06:40:00,6536.68,22.67,TRADE
VIC1,2026/08/03 06:45:00,6672.6,22.67,TRADE
VIC1,2026/08/03 06:50:00,6742.37,54.48,TRADE
VIC1,2026/08/03 06:55:00,6761.17,22.67,TRADE
VIC1,2026/08/03 07:00:00,6873.07,10.50,TRADE
VIC1,2026/08/03 07:05:00,6957.98,10.50,TRADE
VIC1,2026/08/03 07:10:00,7026.92,10.50,TRADE
VIC1,2026/08/03 07:15:00,7176.04,29.33,TRADE
VIC1,2026/08/03 07:20:00,7290.2,29.98,TRADE
VIC1,2026/08/03 07:25:00,7350.26,33.39,TRADE
VIC1,2026/08/03 07:30:00,7445.84,35.03,TRADE
VIC1,2026/08/03 07:35:00,7497.51,29.77,TRADE
VIC1,2026/08/03 07:40:00,7559.72,31.68,TRADE
VIC1,2026/08/03 07:45:00,7621.05,31.61,TRADE
VIC1,2026/08/03 07:50:00,7643.22,35.51,TRADE
VIC1,2026/08/03 07:55:00,7642.81,28.30,TRADE
VIC1,2026/08/03 08:00:00,7597.79,10.65,TRADE
VIC1,2026/08/03 08:05:00,7581.31,10.50,TRADE
VIC1,2026/08/03 08:10:00,7611.32,12.57,TRADE
VIC1,2026/08/03 08:15:00,7584.07,-1.10,TRADE
VIC1,2026/08/03 08:20:00,7545.95,8.94,TRADE
VIC1,2026/08/03 08:25:00,7424.9,4.08,TRADE
VIC1,2026/08/03 08:30:00,7331.12,0.01,TRADE
VIC1,2026/08/03 08:35:00,7283.33,0.01,TRADE
VIC1,2026/08/03 08:40:00,7278.56,-1.10,TRADE
VIC1,2026/08/03 08:45:00,7202.57,-1.10,TRADE
VIC1,2026/08/03 08:50:00,7109.25,-1.10,TRADE
VIC1,2026/08/03 08:55:00,7018.91,-1.15,TRADE
VIC1,2026/08/03 09:00:00,7013.39,-1.10,TRADE
VIC1,2026/08/03 09:05:00,6927.21,-1.10,TRADE
VIC1,2026/08/03 09:10:00,6895.63,0.01,TRADE
VIC1,2026/08/03 09:15:00,6804.47,-1.10,TRADE
VIC1,2026/08/03 09:20:00,6637.57,-1.10,TRADE
VIC1,2026/08/03 09:25:00,6543.85,-1.10,TRADE
VIC1,2026/08/03 09:30:00,6430.74,-1.10,TRADE
VIC1,2026/08/03 09:35:00,6380.03,-1.10,TRADE
VIC1,2026/08/03 09:40:00,6295.49,-1.10,TRADE
VIC1,2026/08/03 09:45:00,6180.46,-1.10,TRADE
VIC1,2026/08/03 09:50:00,6148.13,-1.10,TRADE
VIC1,2026/08/03 09:55:00,6071.08,-1.15,TRADE
VIC1,2026/08/03 10:00:00,6002.07,-1.10,TRADE
VIC1,2026/08/03 10:05:00,5866.07,-1.15,TRADE
VIC1,2026/08/03 10:10:00,5864.79,-1.10,TRADE
VIC1,2026/08/03 10:15:00,5790.73,-1.15,TRADE
VIC1,2026/08/03 10:20:00,5729.26,-1.15,TRADE
VIC1,2026/08/03 10:25:00,5678.43,-1.15,TRADE
VIC1,2026/08/03 10:30:00,5675.7,-1.15,TRADE
VIC1,2026/08/03 10:35:00,5684.44,-1.15,TRADE
VIC1,2026/08/03 10:40:00,5656.41,-1.15,TRADE
VIC1,2026/08/03 10:45:00,5708.6,-1.10,TRADE
VIC1,2026/08/03 10:50:00,5664.01,-1.10,TRADE
VIC1,2026/08/03 10:55:00,5740.95,-1.15,TRADE
VIC1,2026/08/03 11:00:00,5732.37,-1.15,TRADE
VIC1,2026/08/03 11:05:00,5768.24,-1.10,TRADE
VIC1,2026/08/03 11:10:00,5889.99,-1.10,TRADE
VIC1,2026/08/03 11:15:00,6002.66,0,TRADE
VIC1,2026/08/03 11:20:00,6026.58,0.09,TRADE
VIC1,2026/08/03 11:25:00,6048.58,0,TRADE
VIC1,2026/08/03 11:30:00,5949.37,-1.10,TRADE
VIC1,2026/08/03 11:35:00,6006.22,-1.10,TRADE
VIC1,2026/08/03 11:40:00,6012.71,-1.10,TRADE
VIC1,2026/08/03 11:45:00,6006.36,-1.10,TRADE
VIC1,2026/08/03 11:50:00,5983.73,-1.10,TRADE
VIC1,2026/08/03 11:55:00,5845.68,-1.15,TRADE
VIC1,2026/08/03 12:00:00,5864.72,-1.10,TRADE
VIC1,2026/08/03 12:05:00,5912.11,-1.10,TRADE
VIC1,2026/08/03 12:10:00,5876.66,-1.10,TRADE
VIC1,2026/08/03 12:15:00,5819.36,-1.10,TRADE
VIC1,2026/08/03 12:20:00,5838.25,-1.10,TRADE
VIC1,2026/08/03 12:25:00,5822.41,-1.10,TRADE
VIC1,2026/08/03 12:30:00,5760.14,-1.10,TRADE
VIC1,2026/08/03 12:35:00,5739.65,-1.10,TRADE
VIC1,2026/08/03 12:40:00,5814.35,-1.10,TRADE
VIC1,2026/08/03 12:45:00,5797.67,-1.10,TRADE
VIC1,2026/08/03 12:50:00,5707.08,-1.10,TRADE
VIC1,2026/08/03 12:55:00,5703.16,-1.15,TRADE
VIC1,2026/08/03 13:00:00,5654.12,-1.15,TRADE
VIC1,2026/08/03 13:05:00,5602.69,-1.10,TRADE
VIC1,2026/08/03 13:10:00,5558.26,-5,TRADE
VIC1,2026/08/03 13:15:00,5605.28,-1.15,TRADE
VIC1,2026/08/03 13:20:00,5588.25,-1.15,TRADE
VIC1,2026/08/03 13:25:00,5626.06,-1.10,TRADE
VIC1,2026/08/03 13:30:00,5558.31,-1.15,TRADE
VIC1,2026/08/03 13:35:00,5497.11,-1.15,TRADE
VIC1,2026/08/03 13:40:00,5528.95,-1.15,TRADE
VIC1,2026/08/03 13:45:00,5549.32,-5,TRADE
VIC1,2026/08/03 13:50:00,5545.28,-1.15,TRADE
VIC1,2026/08/03 13:55:00,5599.21,-1.15,TRADE
VIC1,2026/08/03 14:00:00,5625.55,-1.10,TRADE
VIC1,2026/08/03 14:05:00,5626.03,-1.10,TRADE
VIC1,2026/08/03 14:10:00,5594.18,-1.15,TRADE
VIC1,2026/08/03 14:15:00,5525.12,-1.15,TRADE
VIC1,2026/08/03 14:20:00,5594.91,-1.15,TRADE
VIC1,2026/08/03 14:25:00,5667.27,-1.15,TRADE
VIC1,2026/08/03 14:30:00,5767.07,-1.15,TRADE
VIC1,2026/08/03 14:35:00,5754.4,-1.15,TRADE
VIC1,2026/08/03 14:40:00,5833.68,-1.15,TRADE
VIC1,2026/08/03 14:45:00,5894.11,-1.15,TRADE
VIC1,2026/08/03 14:50:00,5897.61,-5,TRADE
VIC1,2026/08/03 14:55:00,5874.87,-6.25,TRADE
VIC1,2026/08/03 15:00:00,5867.51,-6.60,TRADE
VIC1,2026/08/03 15:05:00,5833.62,-6.25,TRADE
VIC1,2026/08/03 15:10:00,5828.46,-3.50,TRADE
VIC1,2026/08/03 15:15:00,5775.57,-5,TRADE
VIC1,2026/08/03 15:20:00,5784.36,-5,TRADE
VIC1,2026/08/03 15:25:00,5748.83,-1.15,TRADE
VIC1,2026/08/03 15:30:00,5789.03,-6.25,TRADE
VIC1,2026/08/03 15:35:00,5821.1,-5,TRADE
VIC1,2026/08/03 15:40:00,5938.95,-5,TRADE
VIC1,2026/08/03 15:45:00,6070.67,-5,TRADE
VIC1,2026/08/03 15:50:00,6134.16,-1.15,TRADE
VIC1,2026/08/03 15:55:00,6315.6,-1.10,TRADE
VIC1,2026/08/03 16:00:00,6394.8,0,TRADE
VIC1,2026/08/03 16:05:00,6459.92,65.77,TRADE
VIC1,2026/08/03 16:10:00,6473.93,68.83,TRADE
VIC1,2026/08/03 16:15:00,6366.05,68.91,TRADE
VIC1,2026/08/03 16:20:00,6394.46,59.75,TRADE
VIC1,2026/08/03 16:25:00,6529.13,10.65,TRADE
VIC1,2026/08/03 16:30:00,6605.64,10.65,TRADE
VIC1,2026/08/03 16:35:00,6689.41,65.66,TRADE
VIC1,2026/08/03 16:40:00,6803.28,76.28,TRADE
VIC1,2026/08/03 16:45:00,6904.42,80.50,TRADE
VIC1,2026/08/03 16:50:00,7008.77,80.50,TRADE
VIC1,2026/08/03 16:55:00,7007.12,88,TRADE
VIC1,2026/08/03 17:00:00,7119.86,94.59,TRADE
VIC1,2026/08/03 17:05:00,7261.16,82.76,TRADE
VIC1,2026/08/03 17:10:00,7285.39,87.10,TRADE
VIC1,2026/08/03 17:15:00,7288.57,98.87,TRADE
VIC1,2026/08/03 17:20:00,7463.02,105.88,TRADE
VIC1,2026/08/03 17:25:00,7553.01,94.87,TRADE
VIC1,2026/08/03 17:30:00,7657.45,101.15,TRADE
VIC1,2026/08/03 17:35:00,7730.56,93.20,TRADE
VIC1,2026/08/03 17:40:00,7751.93,90.38,TRADE
VIC1,2026/08/03 17:45:00,7912.39,100.12,TRADE
VIC1,2026/08/03 17:50:00,7850.18,98.67,TRADE
VIC1,2026/08/03 17:55:00,7935.08,90.03,TRADE
VIC1,2026/08/03 18:00:00,7978.33,98.24,TRADE
VIC1,2026/08/03 18:05:00,8051.94,102.95,TRADE
VIC1,2026/08/03 18:10:00,7928.74,98.05,TRADE
VIC1,2026/08/03 18:15:00,8014.3,90.56,TRADE
VIC1,2026/08/03 18:20:00,8078.01,89,TRADE
VIC1,2026/08/03 18:25:00,8059.91,108.44,TRADE
VIC1,2026/08/03 18:30:00,7946.25,98.05,TRADE
VIC1,2026/08/03 18:35:00,7968.96,90.37,TRADE
VIC1,2026/08/03 18:40:00,7948.35,94.54,TRADE
VIC1,2026/08/03 18:45:00,7971.18,101.07,TRADE
VIC1,2026/08/03 18:50:00,7963.75,96.65,TRADE
VIC1,2026/08/03 18:55:00,7935.58,90.01,TRADE
VIC1,2026/08/03 19:00:00,7941.08,95.61,TRADE
VIC1,2026/08/03 19:05:00,7932.75,102.85,TRADE
VIC1,2026/08/03 19:10:00,7865.47,98.13,TRADE
VIC1,2026/08/03 19:15:00,7747.08,85.34,TRADE
VIC1,2026/08/03 19:20:00,7715.87,85.52,TRADE
VIC1,2026/08/03 19:25:00,7765.58,96.48,TRADE
VIC1,2026/08/03 19:30:00,7784.06,93.51,TRADE
VIC1,2026/08/03 19:35:00,7755.1,92.12,TRADE
VIC1,2026/08/03 19:40:00,7654.03,91.87,TRADE
VIC1,2026/08/03 19:45:00,7721.23,93.36,TRADE
VIC1,2026/08/03 19:50:00,7715.16,97.39,TRADE
VIC1,2026/08/03 19:55:00,7682.34,91.81,TRADE
VIC1,2026/08/03 20:00:00,7644.57,88.39,TRADE
VIC1,2026/08/03 20:05:00,7543.14,84.61,TRADE
VIC1,2026/08/03 20:10:00,7511.25,88.31,TRADE
VIC1,2026/08/03 20:15:00,7474.3,90.16,TRADE
VIC1,2026/08/03 20:20:00,7449.67,83.91,TRADE
VIC1,2026/08/03 20:25:00,7356.37,87.91,TRADE
VIC1,2026/08/03 20:30:00,7391.32,95.82,TRADE
VIC1,2026/08/03 20:35:00,7361.92,90.13,TRADE
VIC1,2026/08/03 20:40:00,7345.4,88.03,TRADE
VIC1,2026/08/03 20:45:00,7224.56,95.03,TRADE
VIC1,2026/08/03 20:50:00,7169.8,87.42,TRADE
VIC1,2026/08/03 20:55:00,7193.42,83.48,TRADE
VIC1,2026/08/03 21:00:00,7173.68,82.97,TRADE
VIC1,2026/08/03 21:05:00,7059.19,95.80,TRADE
VIC1,2026/08/03 21:10:00,7031.28,90.83,TRADE
VIC1,2026/08/03 21:15:00,7005.01,88.13,TRADE
VIC1,2026/08/03 21:20:00,6939.05,82.80,TRADE
VIC1,2026/08/03 21:25:00,6921.39,80.50,TRADE
VIC1,2026/08/03 21:30:00,6841.24,64.64,TRADE
VIC1,2026/08/03 21:35:00,6869.13,83.48,TRADE
VIC1,2026/08/03 21:40:00,6726.07,54.48,TRADE
VIC1,2026/08/03 21:45:00,6745.91,50.78,TRADE
VIC1,2026/08/03 21:50:00,6620.37,45.24,TRADE
VIC1,2026/08/03 21:55:00,6661.83,75.40,TRADE
VIC1,2026/08/03 22:00:00,6642.36,15.57,TRADE
VIC1,2026/08/03 22:05:00,6549.47,15.08,TRADE
VIC1,2026/08/03 22:10:00,6537.52,45.24,TRADE
VIC1,2026/08/03 22:15:00,6387.88,15.08,TRADE
VIC1,2026/08/03 22:20:00,6471.68,45.24,TRADE
VIC1,2026/08/03 22:25:00,6353.55,15.08,TRADE
VIC1,2026/08/03 22:30:00,6281.7,15.08,TRADE
VIC1,2026/08/03 22:35:00,6286.94,45.24,TRADE
VIC1,2026/08/03 22:40:00,6192.19,10.50,TRADE
VIC1,2026/08/03 22:45:00,6203.36,45.24,TRADE
VIC1,2026/08/03 22:50:00,6029.38,75.40,TRADE
VIC1,2026/08/03 22:55:00,5979.29,53.40,TRADE
VIC1,2026/08/03 23:00:00,6016.3,20.68,TRADE
VIC1,2026/08/03 23:05:00,5928.87,19.18,TRADE
VIC1,2026/08/03 23:10:00,6064.26,45.24,TRADE
VIC1,2026/08/03 23:15:00,6118.53,63.44,TRADE
VIC1,2026/08/03 23:20:00,6084.25,22.67,TRADE
VIC1,2026/08/03 23:25:00,6078.39,35.94,TRADE
VIC1,2026/08/03 23:30:00,6072.72,45.24,TRADE
VIC1,2026/08/03 23:35:00,6037.83,-1.10,TRADE
VIC1,2026/08/03 23:40:00,5968.92,19.18,TRADE
VIC1,2026/08/03 23:45:00,5891.93,17.78,TRADE
VIC1,2026/08/03 23:50:00,5884.17,19.18,TRADE
VIC1,2026/08/03 23:55:00,5863.28,35.94,TRADE
VIC1,2026/08/04 00:00:00,5785.37,20.68,TRADE
VIC1,2026/08/04 00:05:00,5823.41,8.94,TRADE
VIC1,2026/08/04 00:10:00,5849.24,35.94,TRADE
VIC1,2026/08/04 00:15:00,5796.88,15.08,TRADE
VIC1,2026/08/04 00:20:00,5825.03,35.94,TRADE
VIC1,2026/08/04 00:25:00,5665.64,8.94,TRADE
VIC1,2026/08/04 00:30:00,5749.84,19.18,TRADE
VIC1,2026/08/04 00:35:00,5705.8,20.68,TRADE
VIC1,2026/08/04 00:40:00,5630,19.18,TRADE
VIC1,2026/08/04 00:45:00,5638.86,45.81,TRADE
VIC1,2026/08/04 00:50:00,5627.1,15.08,TRADE
VIC1,2026/08/04 00:55:00,5613.89,15.08,TRADE
VIC1,2026/08/04 01:00:00,5537.79,45.24,TRADE
VIC1,2026/08/04 01:05:00,5543.66,23.10,TRADE
VIC1,2026/08/04 01:10:00,5527.17,20.63,TRADE
VIC1,2026/08/04 01:15:00,5441.28,45.24,TRADE
VIC1,2026/08/04 01:20:00,5504.65,35.94,TRADE
VIC1,2026/08/04 01:25:00,5428.91,18.46,TRADE
VIC1,2026/08/04 01:30:00,5441.47,45.24,TRADE
VIC1,2026/08/04 01:35:00,5427.59,45.24,TRADE
VIC1,2026/08/04 01:40:00,5346.34,15.08,TRADE
VIC1,2026/08/04 01:45:00,5418.01,45.24,TRADE
VIC1,2026/08/04 01:50:00,5419.96,35.94,TRADE
VIC1,2026/08/04 01:55:00,5383.59,45.24,TRADE
VIC1,2026/08/04 02:00:00,5351.53,10.65,TRADE
VIC1,2026/08/04 02:05:00,5360.13,45.24,TRADE
VIC1,2026/08/04 02:10:00,5307.48,35.94,TRADE
VIC1,2026/08/04 02:15:00,5294.37,35.94,TRADE
VIC1,2026/08/04 02:20:00,5199.14,15.08,TRADE
VIC1,2026/08/04 02:25:00,5259.32,20.68,TRADE
VIC1,2026/08/04 02:30:00,5259.46,65.68,TRADE
VIC1,2026/08/04 02:35:00,5201.28,35.94,TRADE
VIC1,2026/08/04 02:40:00,5208.7,20.68,TRADE
VIC1,2026/08/04 02:45:00,5146.91,20.65,TRADE
VIC1,2026/08/04 02:50:00,5190.83,45.24,TRADE
VIC1,2026/08/04 02:55:00,5124.45,55.42,TRADE
VIC1,2026/08/04 03:00:00,5064.55,45.24,TRADE
VIC1,2026/08/04 03:05:00,5094.64,50.94,TRADE
VIC1,2026/08/04 03:10:00,5136.98,65.57,TRADE
VIC1,2026/08/04 03:15:00,5130.87,66.33,TRADE
VIC1,2026/08/04 03:20:00,5126.84,64,TRADE
VIC1,2026/08/04 03:25:00,5135.76,55.42,TRADE
VIC1,2026/08/04 03:30:00,5131.33,8.94,TRADE
VIC1,2026/08/04 03:35:00,5032.18,15.08,TRADE
VIC1,2026/08/04 03:40:00,5139.13,55.42,TRADE
VIC1,2026/08/04 03:45:00,5117.83,45.24,TRADE
VIC1,2026/08/04 03:50:00,5042.51,20.68,TRADE
VIC1,2026/08/04 03:55:00,5146.01,15.08,TRADE
VIC1,2026/08/04 04:00:00,5127.93,8.94,TRADE
VIC1,2026/08/04 04:05:00,5120.6,58.35,TRADE
VIC1,2026/08/04 04:10:00,5047.56,35.94,TRADE
VIC1,2026/08/04 04:15:00,5075.26,8.94,TRADE
VIC1,2026/08/04 04:20:00,5134.77,35.94,TRADE
VIC1,2026/08/04 04:25:00,5165.3,45.24,TRADE
VIC1,2026/08/04 04:30:00,5125.84,35.94,TRADE
VIC1,2026/08/04 04:35:00,5207.28,45.24,TRADE
VIC1,2026/08/04 04:40:00,5229.59,36.42,TRADE
VIC1,2026/08/04 04:45:00,5284.24,20.65,TRADE
VIC1,2026/08/04 04:50:00,5230.92,35.94,TRADE
VIC1,2026/08/04 04:55:00,5231.78,35.94,TRADE
VIC1,2026/08/04 05:00:00,5322.23,35.94,TRADE
VIC1,2026/08/04 05:05:00,5360.4,45.24,TRADE
VIC1,2026/08/04 05:10:00,5417.56,45.24,TRADE
VIC1,2026/08/04 05:15:00,5516.78,34.64,TRADE
VIC1,2026/08/04 05:20:00,5531.29,35.94,TRADE
VIC1,2026/08/04 05:25:00,5572.72,69.35,TRADE
VIC1,2026/08/04 05:30:00,5528.38,67.03,TRADE
VIC1,2026/08/04 05:35:00,5586.69,45.24,TRADE
VIC1,2026/08/04 05:40:00,5751.51,35.94,TRADE
VIC1,2026/08/04 05:45:00,5850.02,35.94,TRADE
VIC1,2026/08/04 05:50:00,5806.67,35.94,TRADE
VIC1,2026/08/04 05:55:00,5912.66,62.95,TRADE
VIC1,2026/08/04 06:00:00,6012.64,62.95,TRADE
VIC1,2026/08/04 06:05:00,6077.71,56.05,TRADE
VIC1,2026/08/04 06:10:00,6189.46,61.42,TRADE
VIC1,2026/08/04 06:15:00,6307.38,62.95,TRADE
VIC1,2026/08/04 06:20:00,6392.12,61.42,TRADE
VIC1,2026/08/04 06:25:00,6519.91,56.67,TRADE
VIC1,2026/08/04 06:30:00,6662.19,92.52,TRADE
VIC1,2026/08/04 06:35:00,6670.53,74.97,TRADE
VIC1,2026/08/04 06:40:00,6827.07,75.48,TRADE
VIC1,2026/08/04 06:45:00,6942.45,89,TRADE
VIC1,2026/08/04 06:50:00,7056.44,90.50,TRADE
VIC1,2026/08/04 06:55:00,7059.39,91.42,TRADE
VIC1,2026/08/04 07:00:00,7165.4,91.92,TRADE
VIC1,2026/08/04 07:05:00,7331.51,92.22,TRADE
VIC1,2026/08/04 07:10:00,7312.54,91.80,TRADE
VIC1,2026/08/04 07:15:00,7560.95,75.71,TRADE
VIC1,2026/08/04 07:20:00,7562.36,75.48,TRADE
VIC1,2026/08/04 07:25:00,7709.66,88.40,TRADE
VIC1,2026/08/04 07:30:00,7772.38,85.64,TRADE
VIC1,2026/08/04 07:35:00,7864.83,86.65,TRADE
VIC1,2026/08/04 07:40:00,7821.95,78.58,TRADE
VIC1,2026/08/04 07:45:00,7867.51,75.52,TRADE
VIC1,2026/08/04 07:50:00,7903.64,75.48,TRADE
VIC1,2026/08/04 07:55:00,7865.01,68.23,TRADE
VIC1,2026/08/04 08:00:00,7840.75,66.39,TRADE
VIC1,2026/08/04 08:05:00,7824.44,56.05,TRADE
VIC1,2026/08/04 08:10:00,7797.09,56.05,TRADE
VIC1,2026/08/04 08:15:00,7864.44,56.05,TRADE
VIC1,2026/08/04 08:20:00,7848.66,66.57,TRADE
VIC1,2026/08/04 08:25:00,7773.68,56.05,TRADE
VIC1,2026/08/04 08:30:00,7751.46,56.11,TRADE
VIC1,2026/08/04 08:35:00,7595.77,63.28,TRADE
VIC1,2026/08/04 08:40:00,7551.26,68.08,TRADE
VIC1,2026/08/04 08:45:00,7541.27,64.28,TRADE
VIC1,2026/08/04 08:50:00,7526.27,64.84,TRADE
VIC1,2026/08/04 08:55:00,7492.33,56.05,TRADE
VIC1,2026/08/04 09:00:00,7488.53,54.69,TRADE
VIC1,2026/08/04 09:05:00,7509.85,75.48,TRADE
VIC1,2026/08/04 09:10:00,7454.15,70.85,TRADE
VIC1,2026/08/04 09:15:00,7330.33,67.76,TRADE
VIC1,2026/08/04 09:20:00,7279.75,54.94,TRADE
VIC1,2026/08/04 09:25:00,7242.88,30.21,TRADE
VIC1,2026/08/04 09:30:00,7273.47,51.46,TRADE
VIC1,2026/08/04 09:35:00,7235.93,36.42,TRADE
VIC1,2026/08/04 09:40:00,7180.19,51.02,TRADE
VIC1,2026/08/04 09:45:00,7222.24,51.81,TRADE
VIC1,2026/08/04 09:50:00,7186.56,43.76,TRADE
VIC1,2026/08/04 09:55:00,7128.36,54.36,TRADE
VIC1,2026/08/04 10:00:00,7120.01,55.25,TRADE
VIC1,2026/08/04 10:05:00,7024.56,54.66,TRADE
VIC1,2026/08/04 10:10:00,7129.26,55.25,TRADE
VIC1,2026/08/04 10:15:00,7075.01,55.25,TRADE
VIC1,2026/08/04 10:20:00,7110.5,55.72,TRADE
VIC1,2026/08/04 10:25:00,7098.23,54.73,TRADE
VIC1,2026/08/04 10:30:00,7102.83,56.62,TRADE
VIC1,2026/08/04 10:35:00,7080.13,57.07,TRADE
VIC1,2026/08/04 10:40:00,6999.21,30.21,TRADE
VIC1,2026/08/04 10:45:00,7107.3,55.81,TRADE
VIC1,2026/08/04 10:50:00,7062.25,45.09,TRADE
VIC1,2026/08/04 10:55:00,7083.15,43.39,TRADE
VIC1,2026/08/04 11:00:00,7078.97,44.50,TRADE
VIC1,2026/08/04 11:05:00,7079.55,55.97,TRADE
VIC1,2026/08/04 11:10:00,7263.88,57.87,TRADE
VIC1,2026/08/04 11:15:00,7313.73,57.43,TRADE
VIC1,2026/08/04 11:20:00,7256.55,58.35,TRADE
VIC1,2026/08/04 11:25:00,7334.98,58.35,TRADE
VIC1,2026/08/04 11:30:00,7400.57,58.35,TRADE
VIC1,2026/08/04 11:35:00,7400.62,47.11,TRADE
VIC1,2026/08/04 11:40:00,7489.04,64,TRADE
VIC1,2026/08/04 11:45:00,7546.45,64.97,TRADE
VIC1,2026/08/04 11:50:00,7515.96,87.64,TRADE
VIC1,2026/08/04 11:55:00,7420.75,80.02,TRADE
VIC1,2026/08/04 12:00:00,7406.34,53.35,TRADE
VIC1,2026/08/04 12:05:00,7299.24,47.09,TRADE
VIC1,2026/08/04 12:10:00,7366.31,61.42,TRADE
VIC1,2026/08/04 12:15:00,7425.65,75.40,TRADE
VIC1,2026/08/04 12:20:00,7395.49,75.40,TRADE
VIC1,2026/08/04 12:25:00,7352.88,58.35,TRADE
VIC1,2026/08/04 12:30:00,7293.31,61.42,TRADE
VIC1,2026/08/04 12:35:00,7251.43,70.18,TRADE
VIC1,2026/08/04 12:40:00,7258.5,61.42,TRADE
VIC1,2026/08/04 12:45:00,7213.45,74.75,TRADE
VIC1,2026/08/04 12:50:00,7280.33,61.42,TRADE
VIC1,2026/08/04 12:55:00,7165.19,99.21,TRADE
VIC1,2026/08/04 13:00:00,7235.73,93.87,TRADE
VIC1,2026/08/04 13:05:00,7200.22,84.42,TRADE
VIC1,2026/08/04 13:10:00,7277.5,98.50,TRADE
VIC1,2026/08/04 13:15:00,7292.91,97.12,TRADE
VIC1,2026/08/04 13:20:00,7291.97,99.21,TRADE
VIC1,2026/08/04 13:25:00,7216.41,94.31,TRADE
VIC1,2026/08/04 13:30:00,7177.4,92.71,TRADE
VIC1,2026/08/04 13:35:00,7213.86,84.42,TRADE
VIC1,2026/08/04 13:40:00,7189.95,91.07,TRADE
VIC1,2026/08/04 13:45:00,7127.66,92.13,TRADE
VIC1,2026/08/04 13:50:00,7228.21,124.42,TRADE
VIC1,2026/08/04 13:55:00,7178.99,104.67,TRADE
VIC1,2026/08/04 14:00:00,7167.87,123.58,TRADE
VIC1,2026/08/04 14:05:00,7121.13,124.31,TRADE
VIC1,2026/08/04 14:10:00,6953.58,119.72,TRADE
VIC1,2026/08/04 14:15:00,6851.1,89,TRADE
VIC1,2026/08/04 14:20:00,6882.54,94.31,TRADE
VIC1,2026/08/04 14:25:00,6855.93,94.74,TRADE
VIC1,2026/08/04 14:30:00,6772.4,92.07,TRADE
VIC1,2026/08/04 14:35:00,6840.04,98.50,TRADE
VIC1,2026/08/04 14:40:00,6856.08,91.79,TRADE
VIC1,2026/08/04 14:45:00,6884.43,89.17,TRADE
VIC1,2026/08/04 14:50:00,6908.78,92.25,TRADE
VIC1,2026/08/04 14:55:00,6845.2,90.33,TRADE
VIC1,2026/08/04 15:00:00,6957.86,92.09,TRADE
VIC1,2026/08/04 15:05:00,7015.9,92.34,TRADE
VIC1,2026/08/04 15:10:00,6841.9,91.56,TRADE
VIC1,2026/08/04 15:15:00,6909.55,93.32,TRADE
VIC1,2026/08/04 15:20:00,6931.15,94.29,TRADE
VIC1,2026/08/04 15:25:00,6926.81,124.42,TRADE
VIC1,2026/08/04 15:30:00,6829.23,92.68,TRADE
VIC1,2026/08/04 15:35:00,6892.63,93.01,TRADE
VIC1,2026/08/04 15:40:00,6925.68,94,TRADE
VIC1,2026/08/04 15:45:00,7043.31,115.89,TRADE
VIC1,2026/08/04 15:50:00,7087.43,130.36,TRADE
VIC1,2026/08/04 15:55:00,7157.76,73.34,TRADE
VIC1,2026/08/04 16:00:00,7241.45,80.50,TRADE
VIC1,2026/08/04 16:05:00,7344.59,86.33,TRADE
VIC1,2026/08/04 16:10:00,7315.74,61.45,TRADE
VIC1,2026/08/04 16:15:00,7274.7,39.31,TRADE
VIC1,2026/08/04 16:20:00,7348.95,75.40,TRADE
VIC1,2026/08/04 16:25:00,7460.46,88.33,TRADE
VIC1,2026/08/04 16:30:00,7520.71,94.97,TRADE
VIC1,2026/08/04 16:35:00,7534.5,94.68,TRADE
VIC1,2026/08/04 16:40:00,7584.33,110.40,TRADE
VIC1,2026/08/04 16:45:00,7668.44,115.11,TRADE
VIC1,2026/08/04 16:50:00,7753.61,127.56,TRADE
VIC1,2026/08/04 16:55:00,7718.12,132.56,TRADE
VIC1,2026/08/04 17:00:00,7822.28,160.17,TRADE
VIC1,2026/08/04 17:05:00,7846,121.94,TRADE
VIC1,2026/08/04 17:10:00,7877.2,108.36,TRADE
VIC1,2026/08/04 17:15:00,7931.87,117.62,TRADE
VIC1,2026/08/04 17:20:00,7979.96,119.75,TRADE
VIC1,2026/08/04 17:25:00,8101.45,123.55,TRADE
VIC1,2026/08/04 17:30:00,8098.79,130.21,TRADE
VIC1,2026/08/04 17:35:00,8237.82,122.18,TRADE
VIC1,2026/08/04 17:40:00,8280.54,138.11,TRADE
VIC1,2026/08/04 17:45:00,8373.47,131.64,TRADE
VIC1,2026/08/04 17:50:00,8403.47,133.41,TRADE
VIC1,2026/08/04 17:55:00,8387.23,134.21,TRADE
VIC1,2026/08/04 18:00:00,8433.83,126.78,TRADE
VIC1,2026/08/04 18:05:00,8500.58,116.50,TRADE
VIC1,2026/08/04 18:10:00,8427.8,114.81,TRADE
VIC1,2026/08/04 18:15:00,8423.97,116.54,TRADE
VIC1,2026/08/04 18:20:00,8470.92,123.63,TRADE
VIC1,2026/08/04 18:25:00,8493.02,123.64,TRADE
VIC1,2026/08/04 18:30:00,8458.51,122.76,TRADE
VIC1,2026/08/04 18:35:00,8338.15,115.30,TRADE
VIC1,2026/08/04 18:40:00,8341.28,118.30,TRADE
VIC1,2026/08/04 18:45:00,8340.66,117,TRADE
VIC1,2026/08/04 18:50:00,8295.24,117.63,TRADE
VIC1,2026/08/04 18:55:00,8308.91,116.06,TRADE
VIC1,2026/08/04 19:00:00,8359.45,118.87,TRADE
VIC1,2026/08/04 19:05:00,8297.16,117.24,TRADE
VIC1,2026/08/04 19:10:00,8268.51,119.12,TRADE
VIC1,2026/08/04 19:15:00,8245.17,119.15,TRADE
VIC1,2026/08/04 19:20:00,8244.66,114.92,TRADE
VIC1,2026/08/04 19:25:00,8216.73,116.64,TRADE
VIC1,2026/08/04 19:30:00,8136.62,114.54,TRADE
VIC1,2026/08/04 19:35:00,8118.95,114.06,TRADE
VIC1,2026/08/04 19:40:00,8147.07,119.01,TRADE
VIC1,2026/08/04 19:45:00,8141.43,116.47,TRADE
VIC1,2026/08/04 19:50:00,8111.16,113.64,TRADE
VIC1,2026/08/04 19:55:00,8110.75,115,TRADE
VIC1,2026/08/04 20:00:00,8084.13,118.03,TRADE
VIC1,2026/08/04 20:05:00,8051.88,119.86,TRADE
VIC1,2026/08/04 20:10:00,7949.18,118.80,TRADE
VIC1,2026/08/04 20:15:00,7899.87,115.95,TRADE
VIC1,2026/08/04 20:20:00,7926.46,127.29,TRADE
VIC1,2026/08/04 20:25:00,7759.25,116.18,TRADE
VIC1,2026/08/04 20:30:00,7742.03,115.79,TRADE
VIC1,2026/08/04 20:35:00,7770.62,123,TRADE
VIC1,2026/08/04 20:40:00,7686.15,129.97,TRADE
VIC1,2026/08/04 20:45:00,7763.6,126.81,TRADE
VIC1,2026/08/04 20:50:00,7734.73,117.22,TRADE
VIC1,2026/08/04 20:55:00,7659.46,115.63,TRADE
VIC1,2026/08/04 21:00:00,7624.75,118.38,TRADE
VIC1,2026/08/04 21:05:00,7507.58,130.77,TRADE
VIC1,2026/08/04 21:10:00,7535.91,119.58,TRADE
VIC1,2026/08/04 21:15:00,7512.27,133.70,TRADE
VIC1,2026/08/04 21:20:00,7425.97,128.48,TRADE
VIC1,2026/08/04 21:25:00,7390.15,127.97,TRADE
VIC1,2026/08/04 21:30:00,7360.54,121.77,TRADE
VIC1,2026/08/04 21:35:00,7325.71,128.48,TRADE
VIC1,2026/08/04 21:40:00,7175.22,129.84,TRADE
VIC1,2026/08/04 21:45:00,7097.47,119.22,TRADE
VIC1,2026/08/04 21:50:00,7062.81,118.45,TRADE
VIC1,2026/08/04 21:55:00,7003.66,118.91,TRADE
VIC1,2026/08/04 22:00:00,6901.99,113.87,TRADE
VIC1,2026/08/04 22:05:00,6877.32,126.14,TRADE
VIC1,2026/08/04 22:10:00,6842.57,128.48,TRADE
VIC1,2026/08/04 22:15:00,6814.58,130.24,TRADE
VIC1,2026/08/04 22:20:00,6757.47,126.91,TRADE
VIC1,2026/08/04 22:25:00,6620.06,113.85,TRADE
VIC1,2026/08/04 22:30:00,6565.24,111.92,TRADE
VIC1,2026/08/04 22:35:00,6533.02,110.40,TRADE
VIC1,2026/08/04 22:40:00,6504.56,111.89,TRADE
VIC1,2026/08/04 22:45:00,6402.79,99.82,TRADE
VIC1,2026/08/04 22:50:00,6321.31,105.56,TRADE
VIC1,2026/08/04 22:55:00,6267.41,96.63,TRADE
VIC1,2026/08/04 23:00:00,6297.12,102.21,TRADE
VIC1,2026/08/04 23:05:00,6318.71,102.16,TRADE
VIC1,2026/08/04 23:10:00,6400.7,99.55,TRADE
VIC1,2026/08/04 23:15:00,6391.38,97.11,TRADE
VIC1,2026/08/04 23:20:00,6296.08,98.15,TRADE
VIC1,2026/08/04 23:25:00,6285.8,100.97,TRADE
VIC1,2026/08/04 23:30:00,6310.6,100.19,TRADE
VIC1,2026/08/04 23:35:00,6271.68,103.47,TRADE
VIC1,2026/08/04 23:40:00,6225.56,110.40,TRADE
VIC1,2026/08/04 23:45:00,6190.02,97.26,TRADE
VIC1,2026/08/04 23:50:00,6145.25,98.45,TRADE
VIC1,2026/08/04 23:55:00,6071.12,95.58,TRADE
VIC1,2026/08/05 00:00:00,6051.42,91.25,TRADE
VIC1,2026/08/05 00:05:00,5997.95,96.26,TRADE
VIC1,2026/08/05 00:10:00,6035.95,110.40,TRADE
VIC1,2026/08/05 00:15:00,6010.33,110.40,TRADE
VIC1,2026/08/05 00:20:00,5916.64,95.81,TRADE
VIC1,2026/08/05 00:25:00,5984.23,97.48,TRADE
VIC1,2026/08/05 00:30:00,5945.61,105.56,TRADE
VIC1,2026/08/05 00:35:00,5922.24,96.55,TRADE
VIC1,2026/08/05 00:40:00,5888.23,96.55,TRADE
VIC1,2026/08/05 00:45:00,5768.64,105.56,TRADE
VIC1,2026/08/05 00:50:00,5728.25,91.53,TRADE
VIC1,2026/08/05 00:55:00,5799.6,99.09,TRADE
VIC1,2026/08/05 01:00:00,5771.01,97.46,TRADE
VIC1,2026/08/05 01:05:00,5720.76,105.56,TRADE
VIC1,2026/08/05 01:10:00,5687.99,95.47,TRADE
VIC1,2026/08/05 01:15:00,5702.57,97.76,TRADE
VIC1,2026/08/05 01:20:00,5682.89,99.77,TRADE
VIC1,2026/08/05 01:25:00,5589.28,89.35,TRADE
VIC1,2026/08/05 01:30:00,5555.09,96.50,TRADE
VIC1,2026/08/05 01:35:00,5561.05,90.69,TRADE
VIC1,2026/08/05 01:40:00,5526.14,93.03,TRADE
VIC1,2026/08/05 01:45:00,5413.63,84.92,TRADE
VIC1,2026/08/05 01:50:00,5467.6,88.65,TRADE
VIC1,2026/08/05 01:55:00,5470.82,92.07,TRADE
VIC1,2026/08/05 02:00:00,5484.15,91.36,TRADE
VIC1,2026/08/05 02:05:00,5453.93,84.92,TRADE
VIC1,2026/08/05 02:10:00,5380.02,84.92,TRADE
VIC1,2026/08/05 02:15:00,5424.83,91.28,TRADE
VIC1,2026/08/05 02:20:00,5348.07,90.48,TRADE
VIC1,2026/08/05 02:25:00,5312.61,81.68,TRADE
VIC1,2026/08/05 02:30:00,5360.62,84.92,TRADE
VIC1,2026/08/05 02:35:00,5343.48,91.26,TRADE
VIC1,2026/08/05 02:40:00,5355.28,92.74,TRADE
VIC1,2026/08/05 02:45:00,5293.33,88.93,TRADE
VIC1,2026/08/05 02:50:00,5220.45,86.26,TRADE
VIC1,2026/08/05 02:55:00,5206.18,78,TRADE
VIC1,2026/08/05 03:00:00,5247.5,92.45,TRADE
VIC1,2026/08/05 03:05:00,5154.69,88.10,TRADE
VIC1,2026/08/05 03:10:00,5242.85,75.86,TRADE
VIC1,2026/08/05 03:15:00,5192.21,80.41,TRADE
VIC1,2026/08/05 03:20:00,5247.5,89.50,TRADE
VIC1,2026/08/05 03:25:00,5227.65,81.68,TRADE
VIC1,2026/08/05 03:30:00,5192.87,84.92,TRADE
VIC1,2026/08/05 03:35:00,5160.07,76.67,TRADE
VIC1,2026/08/05 03:40:00,5101.88,75.40,TRADE
VIC1,2026/08/05 03:45:00,5155.25,74.16,TRADE
VIC1,2026/08/05 03:50:00,5156.88,75.45,TRADE
VIC1,2026/08/05 03:55:00,5082.92,75.40,TRADE
VIC1,2026/08/05 04:00:00,5153.19,48.83,TRADE
VIC1,2026/08/05 04:05:00,5138.3,62.59,TRADE
VIC1,2026/08/05 04:10:00,5173.11,78.17,TRADE
VIC1,2026/08/05 04:15:00,5210.24,83.95,TRADE
VIC1,2026/08/05 04:20:00,5116.51,72.50,TRADE
VIC1,2026/08/05 04:25:00,5139.68,70.13,TRADE
VIC1,2026/08/05 04:30:00,5136.93,75.40,TRADE
VIC1,2026/08/05 04:35:00,5179.35,89.27,TRADE
VIC1,2026/08/05 04:40:00,5195.55,74.24,TRADE
VIC1,2026/08/05 04:45:00,5240.8,77.11,TRADE
VIC1,2026/08/05 04:50:00,5237.04,80.50,TRADE
VIC1,2026/08/05 04:55:00,5248,94.63,TRADE
VIC1,2026/08/05 05:00:00,5279.09,95.52,TRADE
VIC1,2026/08/05 05:05:00,5289.71,82.06,TRADE
VIC1,2026/08/05 05:10:00,5395.34,94.07,TRADE
VIC1,2026/08/05 05:15:00,5420.83,92.62,TRADE
VIC1,2026/08/05 05:20:00,5466.22,92.67,TRADE
VIC1,2026/08/05 05:25:00,5534.1,93.64,TRADE
VIC1,2026/08/05 05:30:00,5554.41,94.67,TRADE
VIC1,2026/08/05 05:35:00,5556.99,84.92,TRADE
VIC1,2026/08/05 05:40:00,5645.89,92.05,TRADE
VIC1,2026/08/05 05:45:00,5707.25,94.75,TRADE
VIC1,2026/08/05 05:50:00,5773.99,95,TRADE
VIC1,2026/08/05 05:55:00,5822.37,97.22,TRADE
VIC1,2026/08/05 06:00:00,5914.28,110.40,TRADE
VIC1,2026/08/05 06:05:00,5950.44,93,TRADE
VIC1,2026/08/05 06:10:00,6122.34,96.63,TRADE
VIC1,2026/08/05 06:15:00,6234.27,97.33,TRADE
VIC1,2026/08/05 06:20:00,6317.74,98.10,TRADE
VIC1,2026/08/05 06:25:00,6438.32,114.16,TRADE
VIC1,2026/08/05 06:30:00,6521.52,115.77,TRADE
VIC1,2026/08/05 06:35:00,6597.87,105.58,TRADE
VIC1,2026/08/05 06:40:00,6738.8,115,TRADE
VIC1,2026/08/05 06:45:00,6845.72,127.76,TRADE
VIC1,2026/08/05 06:50:00,6949.45,128.48,TRADE
VIC1,2026/08/05 06:55:00,7040.03,163.40,TRADE
VIC1,2026/08/05 07:00:00,7118.42,131.76,TRADE
VIC1,2026/08/05 07:05:00,7204.89,125.14,TRADE
VIC1,2026/08/05 07:10:00,7299.45,128.48,TRADE
VIC1,2026/08/05 07:15:00,7407.72,135.48,TRADE
VIC1,2026/08/05 07:20:00,7503.25,129.06,TRADE
VIC1,2026/08/05 07:25:00,7585.53,131.31,TRADE
VIC1,2026/08/05 07:30:00,7591.4,130.34,TRADE
VIC1,2026/08/05 07:35:00,7680.88,128.65,TRADE
VIC1,2026/08/05 07:40:00,7729.11,113.86,TRADE
VIC1,2026/08/05 07:45:00,7766.61,122.49,TRADE
VIC1,2026/08/05 07:50:00,7821.76,128.48,TRADE
VIC1,2026/08/05 07:55:00,7843.02,116.07,TRADE
VIC1,2026/08/05 08:00:00,7872.8,115,TRADE
VIC1,2026/08/05 08:05:00,7872.9,135.48,TRADE
VIC1,2026/08/05 08:10:00,7908.08,135.48,TRADE
VIC1,2026/08/05 08:15:00,7870.76,129.89,TRADE
VIC1,2026/08/05 08:20:00,7862.11,134.47,TRADE
VIC1,2026/08/05 08:25:00,7864.03,135.48,TRADE
VIC1,2026/08/05 08:30:00,7831.88,128.48,TRADE
VIC1,2026/08/05 08:35:00,7788.31,133.78,TRADE
VIC1,2026/08/05 08:40:00,7751.01,133.78,TRADE
VIC1,2026/08/05 08:45:00,7716.65,128.48,TRADE
VIC1,2026/08/05 08:50:00,7693.38,105.89,TRADE
VIC1,2026/08/05 08:55:00,7639.94,105.88,TRADE
VIC1,2026/08/05 09:00:00,7608.29,105.88,TRADE
VIC1,2026/08/05 09:05:00,7570.42,97.68,TRADE
VIC1,2026/08/05 09:10:00,7582.89,139.03,TRADE
VIC1,2026/08/05 09:15:00,7519.74,139.01,TRADE
VIC1,2026/08/05 09:20:00,7464.27,139.24,TRADE
VIC1,2026/08/05 09:25:00,7437.18,133.41,TRADE
VIC1,2026/08/05 09:30:00,7383.95,105.56,TRADE
VIC1,2026/08/05 09:35:00,7330.3,139.14,TRADE
VIC1,2026/08/05 09:40:00,7310.79,164.56,TRADE
VIC1,2026/08/05 09:45:00,7251.57,139,TRADE
VIC1,2026/08/05 09:50:00,7238.78,115.77,TRADE
VIC1,2026/08/05 09:55:00,7218.38,162.86,TRADE
VIC1,2026/08/05 10:00:00,7152.93,105.56,TRADE
VIC1,2026/08/05 10:05:00,7111.11,111.61,TRADE
VIC1,2026/08/05 10:10:00,7139.27,110.91,TRADE
VIC1,2026/08/05 10:15:00,7116.95,105.56,TRADE
VIC1,2026/08/05 10:20:00,7113.26,105.56,TRADE
VIC1,2026/08/05 10:25:00,7077.7,105.56,TRADE
VIC1,2026/08/05 10:30:00,7076.81,99.21,TRADE
VIC1,2026/08/05 10:35:00,7054.69,105.56,TRADE
VIC1,2026/08/05 10:40:00,7018.58,105.56,TRADE
VIC1,2026/08/05 10:45:00,6976.42,101.50,TRADE
VIC1,2026/08/05 10:50:00,6905.19,99.21,TRADE
VIC1,2026/08/05 10:55:00,6834.51,98.50,TRADE
VIC1,2026/08/05 11:00:00,6776.21,98.50,TRADE
VIC1,2026/08/05 11:05:00,6747.54,99,TRADE
VIC1,2026/08/05 11:10:00,6970.02,105.56,TRADE
VIC1,2026/08/05 11:15:00,7007.88,105.54,TRADE
VIC1,2026/08/05 11:20:00,6977.14,105.34,TRADE
VIC1,2026/08/05 11:25:00,6924.93,98.50,TRADE
VIC1,2026/08/05 11:30:00,6838.16,98.50,TRADE
VIC1,2026/08/05 11:35:00,6817.95,105.56,TRADE
VIC1,2026/08/05 11:40:00,6805.69,105.56,TRADE
VIC1,2026/08/05 11:45:00,6741.83,105.56,TRADE
VIC1,2026/08/05 11:50:00,6740.23,105.56,TRADE
VIC1,2026/08/05 11:55:00,6689.18,105.56,TRADE
VIC1,2026/08/05 12:00:00,6623.85,110.42,TRADE
VIC1,2026/08/05 12:05:00,6580.26,105.56,TRADE
VIC1,2026/08/05 12:10:00,6625.05,110.42,TRADE
VIC1,2026/08/05 12:15:00,6638.73,110.42,TRADE
VIC1,2026/08/05 12:20:00,6703.87,110.42,TRADE
VIC1,2026/08/05 12:25:00,6684.27,110.42,TRADE
VIC1,2026/08/05 12:30:00,6693.92,105.56,TRADE
VIC1,2026/08/05 12:35:00,6749.67,105.56,TRADE
VIC1,2026/08/05 12:40:00,6801.18,110.42,TRADE
VIC1,2026/08/05 12:45:00,6777.82,110.42,TRADE
VIC1,2026/08/05 12:50:00,6769.77,111.62,TRADE
VIC1,2026/08/05 12:55:00,6778.59,124.77,TRADE
VIC1,2026/08/05 13:00:00,6775.88,145.42,TRADE
VIC1,2026/08/05 13:05:00,6701.75,110.42,TRADE
VIC1,2026/08/05 13:10:00,6773.24,110.42,TRADE
VIC1,2026/08/05 13:15:00,6815.09,111.63,TRADE
VIC1,2026/08/05 13:20:00,6865.09,145.42,TRADE
VIC1,2026/08/05 13:25:00,6816.04,145.42,TRADE
VIC1,2026/08/05 13:30:00,6783.53,148.64,TRADE
VIC1,2026/08/05 13:35:00,6799,143.28,TRADE
VIC1,2026/08/05 13:40:00,6811.79,145.42,TRADE
VIC1,2026/08/05 13:45:00,6832,159.13,TRADE
VIC1,2026/08/05 13:50:00,6831.5,145.42,TRADE
VIC1,2026/08/05 13:55:00,6866.38,145.42,TRADE
VIC1,2026/08/05 14:00:00,6797.82,144.58,TRADE
VIC1,2026/08/05 14:05:00,6722.65,134.59,TRADE
VIC1,2026/08/05 14:10:00,6556.18,105.56,TRADE
VIC1,2026/08/05 14:15:00,6607.13,110.42,TRADE
VIC1,2026/08/05 14:20:00,6587.67,105.56,TRADE
VIC1,2026/08/05 14:25:00,6606.41,124,TRADE
VIC1,2026/08/05 14:30:00,6575.5,155.31,TRADE
VIC1,2026/08/05 14:35:00,6498.31,124.87,TRADE
VIC1,2026/08/05 14:40:00,6562.63,124,TRADE
VIC1,2026/08/05 14:45:00,6583.74,124,TRADE
VIC1,2026/08/05 14:50:00,6599.03,151.23,TRADE
VIC1,2026/08/05 14:55:00,6624.03,151.07,TRADE
VIC1,2026/08/05 15:00:00,6642.08,165.75,TRADE
VIC1,2026/08/05 15:05:00,6643.32,164.64,TRADE
VIC1,2026/08/05 15:10:00,6605.84,143.24,TRADE
VIC1,2026/08/05 15:15:00,6658.16,142.15,TRADE
VIC1,2026/08/05 15:20:00,6665.76,142.12,TRADE
VIC1,2026/08/05 15:25:00,6737.54,162.35,TRADE
VIC1,2026/08/05 15:30:00,6752.65,158.69,TRADE
VIC1,2026/08/05 15:35:00,6814.34,170.11,TRADE
VIC1,2026/08/05 15:40:00,6820.96,184,TRADE
VIC1,2026/08/05 15:45:00,6883.93,184,TRADE
VIC1,2026/08/05 15:50:00,6918.56,275.07,TRADE
VIC1,2026/08/05 15:55:00,6916.77,175.46,TRADE
VIC1,2026/08/05 16:00:00,6973.59,184,TRADE
VIC1,2026/08/05 16:05:00,7080.93,274.82,TRADE
VIC1,2026/08/05 16:10:00,7090.08,175.46,TRADE
VIC1,2026/08/05 16:15:00,7148.45,176.46,TRADE
VIC1,2026/08/05 16:20:00,7213.14,181.10,TRADE
VIC1,2026/08/05 16:25:00,7262.41,225.04,TRADE
VIC1,2026/08/05 16:30:00,7275.82,232.48,TRADE
VIC1,2026/08/05 16:35:00,7368.69,176.46,TRADE
VIC1,2026/08/05 16:40:00,7483.73,230.48,TRADE
VIC1,2026/08/05 16:45:00,7594.16,176.46,TRADE
VIC1,2026/08/05 16:50:00,7640.27,231.97,TRADE
VIC1,2026/08/05 16:55:00,7706.01,232.48,TRADE
VIC1,2026/08/05 17:00:00,7771.55,244.69,TRADE
VIC1,2026/08/05 17:05:00,7831.78,186.53,TRADE
VIC1,2026/08/05 17:10:00,7898.94,187.63,TRADE
VIC1,2026/08/05 17:15:00,7978.07,220.77,TRADE
VIC1,2026/08/05 17:20:00,8043.19,215.31,TRADE
VIC1,2026/08/05 17:25:00,8101.88,244.11,TRADE
VIC1,2026/08/05 17:30:00,8165.53,241.48,TRADE
VIC1,2026/08/05 17:35:00,8239.31,186.53,TRADE
VIC1,2026/08/05 17:40:00,8281.05,187.63,TRADE
VIC1,2026/08/05 17:45:00,8362.84,259.30,TRADE
VIC1,2026/08/05 17:50:00,8366.08,187.63,TRADE
VIC1,2026/08/05 17:55:00,8468.3,249.03,TRADE
VIC1,2026/08/05 18:00:00,8454.44,252.42,TRADE
VIC1,2026/08/05 18:05:00,8416.29,187.63,TRADE
VIC1,2026/08/05 18:10:00,8457.03,241.48,TRADE
VIC1,2026/08/05 18:15:00,8495.91,232.48,TRADE
VIC1,2026/08/05 18:20:00,8507.75,241.48,TRADE
VIC1,2026/08/05 18:25:00,8462.74,188.99,TRADE
VIC1,2026/08/05 18:30:00,8494.67,221.11,TRADE
VIC1,2026/08/05 18:35:00,8473.48,248.08,TRADE
VIC1,2026/08/05 18:40:00,8430.94,220.91,TRADE
VIC1,2026/08/05 18:45:00,8447.01,190.70,TRADE
VIC1,2026/08/05 18:50:00,8435.74,202.64,TRADE
VIC1,2026/08/05 18:55:00,8449.87,211.62,TRADE
VIC1,2026/08/05 19:00:00,8451.26,202.25,TRADE
VIC1,2026/08/05 19:05:00,8316.52,187.48,TRADE
VIC1,2026/08/05 19:10:00,8319.03,186.53,TRADE
VIC1,2026/08/05 19:15:00,8266.89,174.18,TRADE
VIC1,2026/08/05 19:20:00,8323.12,184,TRADE
VIC1,2026/08/05 19:25:00,8310.76,177.50,TRADE
VIC1,2026/08/05 19:30:00,8257.43,176.46,TRADE
VIC1,2026/08/05 19:35:00,8253.84,184,TRADE
VIC1,2026/08/05 19:40:00,8253.5,176.46,TRADE
VIC1,2026/08/05 19:45:00,8227.88,164.14,TRADE
VIC1,2026/08/05 19:50:00,8214.95,170.62,TRADE
VIC1,2026/08/05 19:55:00,8100.59,172.40,TRADE
VIC1,2026/08/05 20:00:00,8061.57,163.24,TRADE
VIC1,2026/08/05 20:05:00,8091.13,173.90,TRADE
VIC1,2026/08/05 20:10:00,8015.34,174.55,TRADE
VIC1,2026/08/05 20:15:00,7913.51,171.03,TRADE
VIC1,2026/08/05 20:20:00,7943.26,167.48,TRADE
VIC1,2026/08/05 20:25:00,7914.24,167.79,TRADE
VIC1,2026/08/05 20:30:00,7817.45,167.68,TRADE
VIC1,2026/08/05 20:35:00,7820.57,169.53,TRADE
VIC1,2026/08/05 20:40:00,7799.59,167.48,TRADE
VIC1,2026/08/05 20:45:00,7768.94,157.55,TRADE
VIC1,2026/08/05 20:50:00,7683.81,166.88,TRADE
VIC1,2026/08/05 20:55:00,7622.78,162.67,TRADE
VIC1,2026/08/05 21:00:00,7549.62,144.61,TRADE
VIC1,2026/08/05 21:05:00,7586.13,166.41,TRADE
VIC1,2026/08/05 21:10:00,7542.78,163.24,TRADE
VIC1,2026/08/05 21:15:00,7526.39,163.24,TRADE
VIC1,2026/08/05 21:20:00,7476.89,161.81,TRADE
VIC1,2026/08/05 21:25:00,7435.15,163.24,TRADE
VIC1,2026/08/05 21:30:00,7316.45,140.64,TRADE
VIC1,2026/08/05 21:35:00,7271.95,162.43,TRADE
VIC1,2026/08/05 21:40:00,7269.41,139.45,TRADE
VIC1,2026/08/05 21:45:00,7191.04,157.29,TRADE
VIC1,2026/08/05 21:50:00,7061.63,140.08,TRADE
VIC1,2026/08/05 21:55:00,7070.93,140.21,TRADE
VIC1,2026/08/05 22:00:00,7001.76,126.02,TRADE
VIC1,2026/08/05 22:05:00,6901.86,136.22,TRADE
VIC1,2026/08/05 22:10:00,6921.09,139.60,TRADE
VIC1,2026/08/05 22:15:00,6863.48,128.75,TRADE
VIC1,2026/08/05 22:20:00,6822.3,140.64,TRADE
VIC1,2026/08/05 22:25:00,6777.22,138.13,TRADE
VIC1,2026/08/05 22:30:00,6652.19,132.46,TRADE
VIC1,2026/08/05 22:35:00,6602.66,138.88,TRADE
VIC1,2026/08/05 22:40:00,6604.82,146.49,TRADE
VIC1,2026/08/05 22:45:00,6538.97,147.84,TRADE
VIC1,2026/08/05 22:50:00,6418.26,127.47,TRADE
VIC1,2026/08/05 22:55:00,6451.39,127.79,TRADE
VIC1,2026/08/05 23:00:00,6391.72,118.49,TRADE
VIC1,2026/08/05 23:05:00,6407.11,135.30,TRADE
VIC1,2026/08/05 23:10:00,6488.93,148.43,TRADE
VIC1,2026/08/05 23:15:00,6412.89,137.30,TRADE
VIC1,2026/08/05 23:20:00,6395.89,125.66,TRADE
VIC1,2026/08/05 23:25:00,6420.86,114.89,TRADE
VIC1,2026/08/05 23:30:00,6399.2,116.85,TRADE
VIC1,2026/08/05 23:35:00,6354.29,111.86,TRADE
VIC1,2026/08/05 23:40:00,6329.33,132.79,TRADE
VIC1,2026/08/05 23:45:00,6285.31,108.18,TRADE
VIC1,2026/08/05 23:50:00,6187.9,108.09,TRADE
VIC1,2026/08/05 23:55:00,6192.02,130,TRADE
VIC1,2026/08/06 00:00:00,6104.95,98.01,TRADE
VIC1,2026/08/06 00:05:00,6105.17,108.86,TRADE
VIC1,2026/08/06 00:10:00,6163.1,164,TRADE
VIC1,2026/08/06 00:15:00,6136.64,127.06,TRADE
VIC1,2026/08/06 00:20:00,6026.48,105.56,TRADE
VIC1,2026/08/06 00:25:00,6097.25,105.39,TRADE
VIC1,2026/08/06 00:30:00,6018.04,103.69,TRADE
VIC1,2026/08/06 00:35:00,6010.26,108.24,TRADE
VIC1,2026/08/06 00:40:00,5986.69,108.96,TRADE
VIC1,2026/08/06 00:45:00,5861.4,105.56,TRADE
VIC1,2026/08/06 00:50:00,5915.11,110.40,TRADE
VIC1,2026/08/06 00:55:00,5895.87,117.10,TRADE
VIC1,2026/08/06 01:00:00,5813.53,105.56,TRADE
VIC1,2026/08/06 01:05:00,5837.92,106.94,TRADE
VIC1,2026/08/06 01:10:00,5801.26,105.56,TRADE
VIC1,2026/08/06 01:15:00,5780.23,110.40,TRADE
VIC1,2026/08/06 01:20:00,5757.71,105.78,TRADE
VIC1,2026/08/06 01:25:00,5636.75,105.56,TRADE
VIC1,2026/08/06 01:30:00,5675.01,110.40,TRADE
VIC1,2026/08/06 01:35:00,5642.81,130.77,TRADE
VIC1,2026/08/06 01:40:00,5556.72,110.40,TRADE
VIC1,2026/08/06 01:45:00,5590.83,110.40,TRADE
VIC1,2026/08/06 01:50:00,5551.07,122.28,TRADE
VIC1,2026/08/06 01:55:00,5543.78,111.96,TRADE
VIC1,2026/08/06 02:00:00,5521.24,102.81,TRADE
VIC1,2026/08/06 02:05:00,5424.44,110.40,TRADE
VIC1,2026/08/06 02:10:00,5421.83,123.20,TRADE
VIC1,2026/08/06 02:15:00,5460.83,110.40,TRADE
VIC1,2026/08/06 02:20:00,5431.39,110.40,TRADE
VIC1,2026/08/06 02:25:00,5379.06,110.40,TRADE
VIC1,2026/08/06 02:30:00,5368.56,110.40,TRADE
VIC1,2026/08/06 02:35:00,5373.34,107.41,TRADE
VIC1,2026/08/06 02:40:00,5328.73,107.37,TRADE
VIC1,2026/08/06 02:45:00,5256.53,100.37,TRADE
VIC1,2026/08/06 02:50:00,5278.77,105.56,TRADE
VIC1,2026/08/06 02:55:00,5295.18,107.35,TRADE
VIC1,2026/08/06 03:00:00,5277.07,101.33,TRADE
VIC1,2026/08/06 03:05:00,5284.35,105.56,TRADE
VIC1,2026/08/06 03:10:00,5296.4,109.03,TRADE
VIC1,2026/08/06 03:15:00,5257.42,109.01,TRADE
VIC1,2026/08/06 03:20:00,5316.54,110.40,TRADE
VIC1,2026/08/06 03:25:00,5270.84,109.87,TRADE
VIC1,2026/08/06 03:30:00,5300.18,110.40,TRADE
VIC1,2026/08/06 03:35:00,5309.67,110.40,TRADE
VIC1,2026/08/06 03:40:00,5240.74,108.85,TRADE
VIC1,2026/08/06 03:45:00,5233.87,115.96,TRADE
VIC1,2026/08/06 03:50:00,5259.42,109.68,TRADE
VIC1,2026/08/06 03:55:00,5214.91,107.88,TRADE
VIC1,2026/08/06 04:00:00,5210.88,106.97,TRADE
VIC1,2026/08/06 04:05:00,5242.8,107.86,TRADE
VIC1,2026/08/06 04:10:00,5252.7,109,TRADE
VIC1,2026/08/06 04:15:00,5270.14,106.21,TRADE
VIC1,2026/08/06 04:20:00,5264.17,106.22,TRADE
VIC1,2026/08/06 04:25:00,5276.02,109,TRADE
VIC1,2026/08/06 04:30:00,5213.38,105.56,TRADE
VIC1,2026/08/06 04:35:00,5243.6,109,TRADE
VIC1,2026/08/06 04:40:00,5252.13,109,TRADE
VIC1,2026/08/06 04:45:00,5320.65,109,TRADE
VIC1,2026/08/06 04:50:00,5339.57,109,TRADE
VIC1,2026/08/06 04:55:00,5297.17,109,TRADE
VIC1,2026/08/06 05:00:00,5396.83,109,TRADE
VIC1,2026/08/06 05:05:00,5442.69,117.99,TRADE
VIC1,2026/08/06 05:10:00,5543.96,122.79,TRADE
VIC1,2026/08/06 05:15:00,5594.01,128.19,TRADE
VIC1,2026/08/06 05:20:00,5537.65,120.45,TRADE
VIC1,2026/08/06 05:25:00,5645.78,138.21,TRADE
VIC1,2026/08/06 05:30:00,5694.45,131.25,TRADE
VIC1,2026/08/06 05:35:00,5733.48,128.32,TRADE
VIC1,2026/08/06 05:40:00,5806.97,138.81,TRADE
VIC1,2026/08/06 05:45:00,5846.12,146.42,TRADE
VIC1,2026/08/06 05:50:00,5910.97,141.74,TRADE
VIC1,2026/08/06 05:55:00,5985.79,136.46,TRADE
VIC1,2026/08/06 06:00:00,6026.35,146.42,TRADE
VIC1,2026/08/06 06:05:00,5951.75,146.42,TRADE
VIC1,2026/08/06 06:10:00,6114.23,131.10,TRADE
VIC1,2026/08/06 06:15:00,6291.94,176.46,TRADE
VIC1,2026/08/06 06:20:00,6384.55,184,TRADE
VIC1,2026/08/06 06:25:00,6467.29,147.51,TRADE
VIC1,2026/08/06 06:30:00,6602.22,176.79,TRADE
VIC1,2026/08/06 06:35:00,6674.92,183.51,TRADE
VIC1,2026/08/06 06:40:00,6751.19,183.48,TRADE
VIC1,2026/08/06 06:45:00,6819.34,166.85,TRADE
VIC1,2026/08/06 06:50:00,6956.33,186.53,TRADE
VIC1,2026/08/06 06:55:00,7093.09,197.65,TRADE
VIC1,2026/08/06 07:00:00,7144.19,217.09,TRADE
VIC1,2026/08/06 07:05:00,7302.97,222.55,TRADE
VIC1,2026/08/06 07:10:00,7315.91,217.42,TRADE
VIC1,2026/08/06 07:15:00,7466.18,221.55,TRADE
VIC1,2026/08/06 07:20:00,7521.32,281.23,TRADE
VIC1,2026/08/06 07:25:00,7634.07,273.23,TRADE
VIC1,2026/08/06 07:30:00,7667.43,273.56,TRADE
VIC1,2026/08/06 07:35:00,7648.74,274.07,TRADE
VIC1,2026/08/06 07:40:00,7671.41,270.05,TRADE
VIC1,2026/08/06 07:45:00,7757.42,277.32,TRADE
VIC1,2026/08/06 07:50:00,7810.11,239.48,TRADE
VIC1,2026/08/06 07:55:00,7802.57,184.06,TRADE
VIC1,2026/08/06 08:00:00,7795.28,176.46,TRADE
VIC1,2026/08/06 08:05:00,7770.74,145.25,TRADE
VIC1,2026/08/06 08:10:00,7887.44,133.68,TRADE
VIC1,2026/08/06 08:15:00,7966.18,124,TRADE
VIC1,2026/08/06 08:20:00,7857.75,115,TRADE
VIC1,2026/08/06 08:25:00,7871.23,105.28,TRADE
VIC1,2026/08/06 08:30:00,7881.34,98.85,TRADE
VIC1,2026/08/06 08:35:00,7803.88,109,TRADE
VIC1,2026/08/06 08:40:00,7733.12,97.53,TRADE
VIC1,2026/08/06 08:45:00,7723.51,98.46,TRADE
VIC1,2026/08/06 08:50:00,7753.42,98.75,TRADE
VIC1,2026/08/06 08:55:00,7666.43,97.01,TRADE
VIC1,2026/08/06 09:00:00,7633.28,94.94,TRADE
VIC1,2026/08/06 09:05:00,7521.47,98.45,TRADE
VIC1,2026/08/06 09:10:00,7538.26,101.35,TRADE
VIC1,2026/08/06 09:15:00,7490.34,97.77,TRADE
VIC1,2026/08/06 09:20:00,7438.65,98.38,TRADE
VIC1,2026/08/06 09:25:00,7413.44,99.19,TRADE
VIC1,2026/08/06 09:30:00,7350.85,96.11,TRADE
VIC1,2026/08/06 09:35:00,7299.31,91.75,TRADE
VIC1,2026/08/06 09:40:00,7258.54,92.29,TRADE
VIC1,2026/08/06 09:45:00,7135.3,80.50,TRADE
VIC1,2026/08/06 09:50:00,7063.8,79.48,TRADE
VIC1,2026/08/06 09:55:00,7057.53,79.05,TRADE
VIC1,2026/08/06 10:00:00,6977.21,70.32,TRADE
VIC1,2026/08/06 10:05:00,6898.68,84.92,TRADE
VIC1,2026/08/06 10:10:00,6883.66,84.92,TRADE
VIC1,2026/08/06 10:15:00,6745.14,77.42,TRADE
VIC1,2026/08/06 10:20:00,6712.79,70.32,TRADE
VIC1,2026/08/06 10:25:00,6573.82,70.32,TRADE
VIC1,2026/08/06 10:30:00,6476.52,69.46,TRADE
VIC1,2026/08/06 10:35:00,6361.09,66.41,TRADE
VIC1,2026/08/06 10:40:00,6325.63,69.23,TRADE
VIC1,2026/08/06 10:45:00,6200.96,63.20,TRADE
VIC1,2026/08/06 10:50:00,6101.81,56.58,TRADE
VIC1,2026/08/06 10:55:00,6008.02,61.11,TRADE
VIC1,2026/08/06 11:00:00,5901.19,59.66,TRADE
VIC1,2026/08/06 11:05:00,5830.41,75.40,TRADE
VIC1,2026/08/06 11:10:00,6008.82,78.08,TRADE
VIC1,2026/08/06 11:15:00,5944.88,81.87,TRADE
VIC1,2026/08/06 11:20:00,5923.19,68.89,TRADE
VIC1,2026/08/06 11:25:00,5942.01,75.40,TRADE
VIC1,2026/08/06 11:30:00,5823.98,81.11,TRADE
VIC1,2026/08/06 11:35:00,5780.74,74.83,TRADE
VIC1,2026/08/06 11:40:00,5696.02,65.74,TRADE
VIC1,2026/08/06 11:45:00,5601.91,64,TRADE
VIC1,2026/08/06 11:50:00,5548.76,59.47,TRADE
VIC1,2026/08/06 11:55:00,5513.82,61.68,TRADE
VIC1,2026/08/06 12:00:00,5503.91,59.26,TRADE
VIC1,2026/08/06 12:05:00,5368.5,49.42,TRADE
VIC1,2026/08/06 12:10:00,5378.28,56.91,TRADE
VIC1,2026/08/06 12:15:00,5428.18,49.29,TRADE
VIC1,2026/08/06 12:20:00,5475.32,49.25,TRADE
VIC1,2026/08/06 12:25:00,5511.58,45.24,TRADE
VIC1,2026/08/06 12:30:00,5516.66,25.42,TRADE
VIC1,2026/08/06 12:35:00,5527.65,45.24,TRADE
VIC1,2026/08/06 12:40:00,5545.68,45.24,TRADE
VIC1,2026/08/06 12:45:00,5436.53,32.23,TRADE
VIC1,2026/08/06 12:50:00,5450.17,44.82,TRADE
VIC1,2026/08/06 12:55:00,5463.89,42.33,TRADE
VIC1,2026/08/06 13:00:00,5456.21,45.24,TRADE
VIC1,2026/08/06 13:05:00,5448.2,46.81,TRADE
VIC1,2026/08/06 13:10:00,5479.39,46.94,TRADE
VIC1,2026/08/06 13:15:00,5481.01,25.25,TRADE
VIC1,2026/08/06 13:20:00,5535.99,25.42,TRADE
VIC1,2026/08/06 13:25:00,5462.5,25.24,TRADE
VIC1,2026/08/06 13:30:00,5480.93,24.68,TRADE
VIC1,2026/08/06 13:35:00,5499.5,25.33,TRADE
VIC1,2026/08/06 13:40:00,5521.96,25.42,TRADE
VIC1,2026/08/06 13:45:00,5610.07,49.42,TRADE
VIC1,2026/08/06 13:50:00,5494.79,64,TRADE
VIC1,2026/08/06 13:55:00,5582.66,25.42,TRADE
VIC1,2026/08/06 14:00:00,5621.48,27.68,TRADE
VIC1,2026/08/06 14:05:00,5626.75,25.42,TRADE
VIC1,2026/08/06 14:10:00,5565.34,54.80,TRADE
VIC1,2026/08/06 14:15:00,5496.32,52.75,TRADE
VIC1,2026/08/06 14:20:00,5562.87,42.79,TRADE
VIC1,2026/08/06 14:25:00,5700.58,53.55,TRADE
VIC1,2026/08/06 14:30:00,5704.63,65.99,TRADE
VIC1,2026/08/06 14:35:00,5829.92,64.49,TRADE
VIC1,2026/08/06 14:40:00,5910.53,70.84,TRADE
VIC1,2026/08/06 14:45:00,5982.79,75.40,TRADE
VIC1,2026/08/06 14:50:00,6008.06,80.50,TRADE
VIC1,2026/08/06 14:55:00,5955.91,95.21,TRADE
VIC1,2026/08/06 15:00:00,6038.13,84.90,TRADE
VIC1,2026/08/06 15:05:00,6222.14,90.91,TRADE
VIC1,2026/08/06 15:10:00,6229.02,99,TRADE
VIC1,2026/08/06 15:15:00,6316.77,92.31,TRADE
VIC1,2026/08/06 15:20:00,6370.23,91.70,TRADE
VIC1,2026/08/06 15:25:00,6457.55,95.69,TRADE
VIC1,2026/08/06 15:30:00,6517.06,93.86,TRADE
VIC1,2026/08/06 15:35:00,6479.93,93.43,TRADE
VIC1,2026/08/06 15:40:00,6514.17,94.77,TRADE
VIC1,2026/08/06 15:45:00,6650.6,96.08,TRADE
VIC1,2026/08/06 15:50:00,6705.11,95.73,TRADE
VIC1,2026/08/06 15:55:00,6799.91,95.45,TRADE
VIC1,2026/08/06 16:00:00,6823.61,93.98,TRADE
VIC1,2026/08/06 16:05:00,6848.33,95.45,TRADE
VIC1,2026/08/06 16:10:00,6915.69,96.97,TRADE
VIC1,2026/08/06 16:15:00,6846.63,98.07,TRADE
VIC1,2026/08/06 16:20:00,6947.72,98.99,TRADE
VIC1,2026/08/06 16:25:00,6997.66,109,TRADE
VIC1,2026/08/06 16:30:00,6977.37,109,TRADE
VIC1,2026/08/06 16:35:00,7010.02,92.32,TRADE
VIC1,2026/08/06 16:40:00,7121.61,101.89,TRADE
VIC1,2026/08/06 16:45:00,7124.88,116.43,TRADE
VIC1,2026/08/06 16:50:00,7195.86,113.64,TRADE
VIC1,2026/08/06 16:55:00,7162.6,112.61,TRADE
VIC1,2026/08/06 17:00:00,7223.77,111.55,TRADE
VIC1,2026/08/06 17:05:00,7294.66,115,TRADE
VIC1,2026/08/06 17:10:00,7411.81,117.67,TRADE
VIC1,2026/08/06 17:15:00,7458.12,125.93,TRADE
VIC1,2026/08/06 17:20:00,7510.67,115.45,TRADE
VIC1,2026/08/06 17:25:00,7556.81,132.29,TRADE
VIC1,2026/08/06 17:30:00,7690.29,140.03,TRADE
VIC1,2026/08/06 17:35:00,7742.64,122.34,TRADE
VIC1,2026/08/06 17:40:00,7700.18,120.30,TRADE
VIC1,2026/08/06 17:45:00,7811.84,128.20,TRADE
VIC1,2026/08/06 17:50:00,7832.03,144.13,TRADE
VIC1,2026/08/06 17:55:00,7800.41,129.06,TRADE
VIC1,2026/08/06 18:00:00,7963.76,124.72,TRADE
VIC1,2026/08/06 18:05:00,8001.19,124.87,TRADE
VIC1,2026/08/06 18:10:00,8001.44,134.48,TRADE
VIC1,2026/08/06 18:15:00,7902.47,125.05,TRADE
VIC1,2026/08/06 18:20:00,7894.57,126.27,TRADE
VIC1,2026/08/06 18:25:00,7905.38,125.06,TRADE
VIC1,2026/08/06 18:30:00,7985.27,126.26,TRADE
VIC1,2026/08/06 18:35:00,8019.38,125.46,TRADE
VIC1,2026/08/06 18:40:00,7881.09,129.81,TRADE
VIC1,2026/08/06 18:45:00,7909.76,125.41,TRADE
VIC1,2026/08/06 18:50:00,7881.31,123.95,TRADE
VIC1,2026/08/06 18:55:00,7878.52,138.43,TRADE
VIC1,2026/08/06 19:00:00,7803.72,113.77,TRADE
VIC1,2026/08/06 19:05:00,7835.31,113.09,TRADE
VIC1,2026/08/06 19:10:00,7853.81,115,TRADE
VIC1,2026/08/06 19:15:00,7809.17,111.98,TRADE
VIC1,2026/08/06 19:20:00,7731.7,108.43,TRADE
VIC1,2026/08/06 19:25:00,7775.6,112.59,TRADE
VIC1,2026/08/06 19:30:00,7778.97,110.95,TRADE
VIC1,2026/08/06 19:35:00,7735.11,113.49,TRADE
VIC1,2026/08/06 19:40:00,7743.16,112.31,TRADE
VIC1,2026/08/06 19:45:00,7723.28,113.28,TRADE
VIC1,2026/08/06 19:50:00,7655.03,115,TRADE
VIC1,2026/08/06 19:55:00,7638.63,121.39,TRADE
VIC1,2026/08/06 20:00:00,7599.98,121.24,TRADE
VIC1,2026/08/06 20:05:00,7538.23,120.18,TRADE
VIC1,2026/08/06 20:10:00,7552.01,111.98,TRADE
VIC1,2026/08/06 20:15:00,7486.01,121,TRADE
VIC1,2026/08/06 20:20:00,7509.19,123.01,TRADE
VIC1,2026/08/06 20:25:00,7475.65,123.96,TRADE
VIC1,2026/08/06 20:30:00,7437.95,123.87,TRADE
VIC1,2026/08/06 20:35:00,7422.7,125.73,TRADE
VIC1,2026/08/06 20:40:00,7404.24,127.48,TRADE
VIC1,2026/08/06 20:45:00,7393.86,109.73,TRADE
VIC1,2026/08/06 20:50:00,7348.55,121.80,TRADE
VIC1,2026/08/06 20:55:00,7208.5,122.66,TRADE
VIC1,2026/08/06 21:00:00,7274.86,123.53,TRADE
VIC1,2026/08/06 21:05:00,7198.76,122.56,TRADE
VIC1,2026/08/06 21:10:00,7210.53,125.41,TRADE
VIC1,2026/08/06 21:15:00,7154.22,122.76,TRADE
VIC1,2026/08/06 21:20:00,7122.91,121.97,TRADE
VIC1,2026/08/06 21:25:00,7092.85,123.40,TRADE
VIC1,2026/08/06 21:30:00,7087.48,127.48,TRADE
VIC1,2026/08/06 21:35:00,6945.57,124.13,TRADE
VIC1,2026/08/06 21:40:00,6934.51,121.28,TRADE
VIC1,2026/08/06 21:45:00,6853.66,125.94,TRADE
VIC1,2026/08/06 21:50:00,6762.23,124.88,TRADE
VIC1,2026/08/06 21:55:00,6775.38,124.90,TRADE
VIC1,2026/08/06 22:00:00,6711.15,111.98,TRADE
VIC1,2026/08/06 22:05:00,6614.21,125.72,TRADE
VIC1,2026/08/06 22:10:00,6593.26,127.97,TRADE
VIC1,2026/08/06 22:15:00,6490.27,120.66,TRADE
VIC1,2026/08/06 22:20:00,6449.35,120.52,TRADE
VIC1,2026/08/06 22:25:00,6385.28,122.27,TRADE
VIC1,2026/08/06 22:30:00,6358.26,121.37,TRADE
VIC1,2026/08/06 22:35:00,6378.17,124.20,TRADE
VIC1,2026/08/06 22:40:00,6340.67,123.12,TRADE
VIC1,2026/08/06 22:45:00,6259.56,121.04,TRADE
VIC1,2026/08/06 22:50:00,6207.93,120.09,TRADE
VIC1,2026/08/06 22:55:00,6174.87,113.61,TRADE
VIC1,2026/08/06 23:00:00,6150.69,105.24,TRADE
VIC1,2026/08/06 23:05:00,6099.67,100.31,TRADE
VIC1,2026/08/06 23:10:00,6183.83,117.89,TRADE
VIC1,2026/08/06 23:15:00,6273.31,111.98,TRADE
VIC1,2026/08/06 23:20:00,6194.94,103.02,TRADE
VIC1,2026/08/06 23:25:00,6153,102.24,TRADE
VIC1,2026/08/06 23:30:00,6249.4,107.05,TRADE
VIC1,2026/08/06 23:35:00,6184.72,101.97,TRADE
VIC1,2026/08/06 23:40:00,6115.13,129.70,TRADE
VIC1,2026/08/06 23:45:00,6035.21,100.08,TRADE
VIC1,2026/08/06 23:50:00,5986.07,103.35,TRADE
VIC1,2026/08/06 23:55:00,5951.36,103.22,TRADE
VIC1,2026/08/07 00:00:00,5988.85,103.24,TRADE
VIC1,2026/08/07 00:05:00,5958.42,99.21,TRADE
VIC1,2026/08/07 00:10:00,5943.22,105.56,TRADE
VIC1,2026/08/07 00:15:00,5930.31,99.21,TRADE
VIC1,2026/08/07 00:20:00,5911.51,105.56,TRADE
VIC1,2026/08/07 00:25:00,5881.23,115,TRADE
VIC1,2026/08/07 00:30:00,5761.95,99.21,TRADE
VIC1,2026/08/07 00:35:00,5749.81,99.21,TRADE
VIC1,2026/08/07 00:40:00,5795.07,105.56,TRADE
VIC1,2026/08/07 00:45:00,5752.99,99.21,TRADE
VIC1,2026/08/07 00:50:00,5676.05,105.56,TRADE
VIC1,2026/08/07 00:55:00,5731.05,110.70,TRADE
VIC1,2026/08/07 01:00:00,5715.06,99.21,TRADE
VIC1,2026/08/07 01:05:00,5689.48,109,TRADE
VIC1,2026/08/07 01:10:00,5577.64,109,TRADE
VIC1,2026/08/07 01:15:00,5532.88,108.46,TRADE
VIC1,2026/08/07 01:20:00,5592.05,109,TRADE
VIC1,2026/08/07 01:25:00,5572.22,109,TRADE
VIC1,2026/08/07 01:30:00,5486.37,99.21,TRADE
VIC1,2026/08/07 01:35:00,5501.7,106.57,TRADE
VIC1,2026/08/07 01:40:00,5434,105.56,TRADE
VIC1,2026/08/07 01:45:00,5437.68,105.56,TRADE
VIC1,2026/08/07 01:50:00,5418.06,102.94,TRADE
VIC1,2026/08/07 01:55:00,5369.41,104.96,TRADE
VIC1,2026/08/07 02:00:00,5283.17,99.21,TRADE
VIC1,2026/08/07 02:05:00,5257.4,102.66,TRADE
VIC1,2026/08/07 02:10:00,5291.41,108.20,TRADE
VIC1,2026/08/07 02:15:00,5299.78,105.56,TRADE
VIC1,2026/08/07 02:20:00,5291.75,108.93,TRADE
VIC1,2026/08/07 02:25:00,5205.86,99.21,TRADE
VIC1,2026/08/07 02:30:00,5246.79,105.56,TRADE
VIC1,2026/08/07 02:35:00,5250.76,109,TRADE
VIC1,2026/08/07 02:40:00,5255.21,109,TRADE
VIC1,2026/08/07 02:45:00,5157.11,105.56,TRADE
VIC1,2026/08/07 02:50:00,5135.83,99.21,TRADE
VIC1,2026/08/07 02:55:00,5176.82,99,TRADE
VIC1,2026/08/07 03:00:00,5176.07,105.18,TRADE
VIC1,2026/08/07 03:05:00,5157.98,105.04,TRADE
VIC1,2026/08/07 03:10:00,5121.89,107.85,TRADE
VIC1,2026/08/07 03:15:00,5154.3,109.60,TRADE
VIC1,2026/08/07 03:20:00,5179.9,109,TRADE
VIC1,2026/08/07 03:25:00,5153,109,TRADE
VIC1,2026/08/07 03:30:00,5089.59,109,TRADE
VIC1,2026/08/07 03:35:00,5120.96,109,TRADE
VIC1,2026/08/07 03:40:00,5145.28,107.02,TRADE
VIC1,2026/08/07 03:45:00,5165.04,105.56,TRADE
VIC1,2026/08/07 03:50:00,5127.7,109,TRADE
VIC1,2026/08/07 03:55:00,5140.38,111.42,TRADE
VIC1,2026/08/07 04:00:00,5176.87,109,TRADE
VIC1,2026/08/07 04:05:00,5170.47,149.41,TRADE
VIC1,2026/08/07 04:10:00,5113.6,110.75,TRADE
VIC1,2026/08/07 04:15:00,5159.98,151.95,TRADE
VIC1,2026/08/07 04:20:00,5191.42,109,TRADE
VIC1,2026/08/07 04:25:00,5218.86,132.25,TRADE
VIC1,2026/08/07 04:30:00,5141.91,108.70,TRADE
VIC1,2026/08/07 04:35:00,5187,111.85,TRADE
VIC1,2026/08/07 04:40:00,5256.46,109,TRADE
VIC1,2026/08/07 04:45:00,5312.5,132.23,TRADE
VIC1,2026/08/07 04:50:00,5281.6,112.02,TRADE
VIC1,2026/08/07 04:55:00,5279.39,109,TRADE
VIC1,2026/08/07 05:00:00,5305.4,107.83,TRADE
VIC1,2026/08/07 05:05:00,5403.03,109,TRADE
VIC1,2026/08/07 05:10:00,5478.19,109,TRADE
VIC1,2026/08/07 05:15:00,5433.29,105.56,TRADE
VIC1,2026/08/07 05:20:00,5461.94,100.45,TRADE
VIC1,2026/08/07 05:25:00,5575.83,109,TRADE
VIC1,2026/08/07 05:30:00,5623.05,107.58,TRADE
VIC1,2026/08/07 05:35:00,5672.34,105.56,TRADE
VIC1,2026/08/07 05:40:00,5678.04,112.28,TRADE
VIC1,2026/08/07 05:45:00,5638.01,109.86,TRADE
VIC1,2026/08/07 05:50:00,5707.94,109,TRADE
VIC1,2026/08/07 05:55:00,5764.42,115,TRADE
VIC1,2026/08/07 06:00:00,5929.92,124,TRADE
VIC1,2026/08/07 06:05:00,6003.63,111.75,TRADE
VIC1,2026/08/07 06:10:00,6130.62,128.13,TRADE
VIC1,2026/08/07 06:15:00,6209.8,127.08,TRADE
VIC1,2026/08/07 06:20:00,6301.4,121.55,TRADE
VIC1,2026/08/07 06:25:00,6328.5,121.44,TRADE
VIC1,2026/08/07 06:30:00,6352.79,127.67,TRADE
VIC1,2026/08/07 06:35:00,6380.42,129.06,TRADE
VIC1,2026/08/07 06:40:00,6559.98,115.74,TRADE
VIC1,2026/08/07 06:45:00,6746.35,119.98,TRADE
VIC1,2026/08/07 06:50:00,6830.63,126.48,TRADE
VIC1,2026/08/07 06:55:00,6895.22,129.06,TRADE
VIC1,2026/08/07 07:00:00,7009.49,129.06,TRADE
VIC1,2026/08/07 07:05:00,7091,112.29,TRADE
VIC1,2026/08/07 07:10:00,7157.77,115.78,TRADE
VIC1,2026/08/07 07:15:00,7187.73,114.50,TRADE
VIC1,2026/08/07 07:20:00,7288.57,125.19,TRADE
VIC1,2026/08/07 07:25:00,7433.28,137,TRADE
VIC1,2026/08/07 07:30:00,7489.62,133.60,TRADE
VIC1,2026/08/07 07:35:00,7555.07,139,TRADE
VIC1,2026/08/07 07:40:00,7626.26,139,TRADE
VIC1,2026/08/07 07:45:00,7733.35,147,TRADE
VIC1,2026/08/07 07:50:00,7709.52,147,TRADE
VIC1,2026/08/07 07:55:00,7593.37,176.46,TRADE
VIC1,2026/08/07 08:00:00,7595.77,147,TRADE
VIC1,2026/08/07 08:05:00,7656.97,139.02,TRADE
VIC1,2026/08/07 08:10:00,7702.01,140.90,TRADE
VIC1,2026/08/07 08:15:00,7601.5,157.97,TRADE
VIC1,2026/08/07 08:20:00,7618.07,137.18,TRADE
VIC1,2026/08/07 08:25:00,7604.83,171.92,TRADE
VIC1,2026/08/07 08:30:00,7530.35,141.37,TRADE
VIC1,2026/08/07 08:35:00,7354.84,142.71,TRADE
VIC1,2026/08/07 08:40:00,7294.32,111.59,TRADE
VIC1,2026/08/07 08:45:00,7295.67,111.24,TRADE
VIC1,2026/08/07 08:50:00,7274.87,111.98,TRADE
VIC1,2026/08/07 08:55:00,7179.4,105.56,TRADE
VIC1,2026/08/07 09:00:00,7162.92,105.56,TRADE
VIC1,2026/08/07 09:05:00,7053.21,146.81,TRADE
VIC1,2026/08/07 09:10:00,6960.87,165.48,TRADE
VIC1,2026/08/07 09:15:00,6779.69,150.69,TRADE
VIC1,2026/08/07 09:20:00,6698.74,97.52,TRADE
VIC1,2026/08/07 09:25:00,6594.62,90.73,TRADE
VIC1,2026/08/07 09:30:00,6538.92,71.97,TRADE
VIC1,2026/08/07 09:35:00,6435.78,84.92,TRADE
VIC1,2026/08/07 09:40:00,6453.36,84.92,TRADE
VIC1,2026/08/07 09:45:00,6355.22,63.28,TRADE
VIC1,2026/08/07 09:50:00,6267.5,55.04,TRADE
VIC1,2026/08/07 09:55:00,6211.59,48.72,TRADE
VIC1,2026/08/07 10:00:00,6182.68,42.38,TRADE
VIC1,2026/08/07 10:05:00,6184.42,86.67,TRADE
VIC1,2026/08/07 10:10:00,6058.82,94.14,TRADE
VIC1,2026/08/07 10:15:00,6051.95,86.80,TRADE
VIC1,2026/08/07 10:20:00,6022.58,42.74,TRADE
VIC1,2026/08/07 10:25:00,5982.86,42,TRADE
VIC1,2026/08/07 10:30:00,5973.15,42,TRADE
VIC1,2026/08/07 10:35:00,5786.91,64,TRADE
VIC1,2026/08/07 10:40:00,5921.6,69.79,TRADE
VIC1,2026/08/07 10:45:00,5903.96,89,TRADE
VIC1,2026/08/07 10:50:00,5776.21,75.94,TRADE
VIC1,2026/08/07 10:55:00,5677.61,72.14,TRADE
VIC1,2026/08/07 11:00:00,5592.98,44.94,TRADE
VIC1,2026/08/07 11:05:00,5668.54,77.02,TRADE
VIC1,2026/08/07 11:10:00,5828.82,89,TRADE
VIC1,2026/08/07 11:15:00,5805.78,54.15,TRADE
VIC1,2026/08/07 11:20:00,5759.6,67.66,TRADE
VIC1,2026/08/07 11:25:00,5719.29,44.13,TRADE
VIC1,2026/08/07 11:30:00,5653.73,45.24,TRADE
VIC1,2026/08/07 11:35:00,5483,50.94,TRADE
VIC1,2026/08/07 11:40:00,5427.44,52.02,TRADE
VIC1,2026/08/07 11:45:00,5475.7,45.24,TRADE
VIC1,2026/08/07 11:50:00,5408.29,52.64,TRADE
VIC1,2026/08/07 11:55:00,5401.5,35.94,TRADE
VIC1,2026/08/07 12:00:00,5269.14,30.21,TRADE
VIC1,2026/08/07 12:05:00,5201.93,45.24,TRADE
VIC1,2026/08/07 12:10:00,5093.86,30.21,TRADE
VIC1,2026/08/07 12:15:00,5000.27,13.09,TRADE
VIC1,2026/08/07 12:20:00,5045.33,26.39,TRADE
VIC1,2026/08/07 12:25:00,4908.86,26.42,TRADE
VIC1,2026/08/07 12:30:00,4885.71,26.42,TRADE
VIC1,2026/08/07 12:35:00,4871.77,26.42,TRADE
VIC1,2026/08/07 12:40:00,4849.98,26.42,TRADE
VIC1,2026/08/07 12:45:00,4753.4,10.65,TRADE
VIC1,2026/08/07 12:50:00,4836.83,10.50,TRADE
VIC1,2026/08/07 12:55:00,4777.63,23.75,TRADE
VIC1,2026/08/07 13:00:00,4769.51,-0.10,TRADE
VIC1,2026/08/07 13:05:00,4683.42,0,TRADE
VIC1,2026/08/07 13:10:00,4690.16,8.81,TRADE
VIC1,2026/08/07 13:15:00,4732.86,-0.10,TRADE
VIC1,2026/08/07 13:20:00,4701.54,0.01,TRADE
VIC1,2026/08/07 13:25:00,4670.42,26.42,TRADE
VIC1,2026/08/07 13:30:00,4627.92,0.43,TRADE
VIC1,2026/08/07 13:35:00,4592.89,0.50,TRADE
VIC1,2026/08/07 13:40:00,4598.3,5.08,TRADE
VIC1,2026/08/07 13:45:00,4525.54,-5.37,TRADE
VIC1,2026/08/07 13:50:00,4583.47,0,TRADE
VIC1,2026/08/07 13:55:00,4566.56,-4.67,TRADE
VIC1,2026/08/07 14:00:00,4563.64,-4.86,TRADE
VIC1,2026/08/07 14:05:00,4573.76,-3.56,TRADE
VIC1,2026/08/07 14:10:00,4571.67,-2.62,TRADE
VIC1,2026/08/07 14:15:00,4511.29,-3.70,TRADE
VIC1,2026/08/07 14:20:00,4559.47,-0.10,TRADE
VIC1,2026/08/07 14:25:00,4634.75,0,TRADE
VIC1,2026/08/07 14:30:00,4722.69,0,TRADE
VIC1,2026/08/07 14:35:00,4785.33,0,TRADE
VIC1,2026/08/07 14:40:00,4921.58,5.13,TRADE
VIC1,2026/08/07 14:45:00,4851.35,5.11,TRADE
VIC1,2026/08/07 14:50:00,4864.54,5.07,TRADE
VIC1,2026/08/07 14:55:00,4941.48,0.01,TRADE
VIC1,2026/08/07 15:00:00,4964.53,1.22,TRADE
VIC1,2026/08/07 15:05:00,5009.21,5.07,TRADE
VIC1,2026/08/07 15:10:00,5056.26,5.08,TRADE
VIC1,2026/08/07 15:15:00,5045.09,10.50,TRADE
VIC1,2026/08/07 15:20:00,5165.71,10.50,TRADE
VIC1,2026/08/07 15:25:00,5207.98,10.65,TRADE
VIC1,2026/08/07 15:30:00,5230.59,10.50,TRADE
VIC1,2026/08/07 15:35:00,5225.6,8.96,TRADE
VIC1,2026/08/07 15:40:00,5268.76,10.50,TRADE
VIC1,2026/08/07 15:45:00,5392.95,36.83,TRADE
VIC1,2026/08/07 15:50:00,5429.82,20.73,TRADE
VIC1,2026/08/07 15:55:00,5454.37,41.88,TRADE
VIC1,2026/08/07 16:00:00,5562.54,42.16,TRADE
VIC1,2026/08/07 16:05:00,5579.07,26.19,TRADE
VIC1,2026/08/07 16:10:00,5646.06,59.04,TRADE
VIC1,2026/08/07 16:15:00,5651.03,94.38,TRADE
VIC1,2026/08/07 16:20:00,5759.63,102.59,TRADE
VIC1,2026/08/07 16:25:00,5808.36,113.40,TRADE
VIC1,2026/08/07 16:30:00,6005.63,131.79,TRADE
VIC1,2026/08/07 16:35:00,6109.74,109,TRADE
VIC1,2026/08/07 16:40:00,6131.9,109,TRADE
VIC1,2026/08/07 16:45:00,6275.71,109,TRADE
VIC1,2026/08/07 16:50:00,6318.52,115,TRADE
VIC1,2026/08/07 16:55:00,6451.03,123.52,TRADE
VIC1,2026/08/07 17:00:00,6466.11,119.68,TRADE
VIC1,2026/08/07 17:05:00,6561.81,113.74,TRADE
VIC1,2026/08/07 17:10:00,6645.28,115.76,TRADE
VIC1,2026/08/07 17:15:00,6726.5,105.88,TRADE
VIC1,2026/08/07 17:20:00,6825.31,120.37,TRADE
VIC1,2026/08/07 17:25:00,6868.5,121.40,TRADE
VIC1,2026/08/07 17:30:00,6961.06,133.48,TRADE
VIC1,2026/08/07 17:35:00,7039.04,124.78,TRADE
VIC1,2026/08/07 17:40:00,7001.05,115,TRADE
VIC1,2026/08/07 17:45:00,7137.81,148.07,TRADE
VIC1,2026/08/07 17:50:00,7186.27,147,TRADE
VIC1,2026/08/07 17:55:00,7256,122.58,TRADE
VIC1,2026/08/07 18:00:00,7374.61,133.48,TRADE
VIC1,2026/08/07 18:05:00,7417.93,147,TRADE
VIC1,2026/08/07 18:10:00,7380.48,132.58,TRADE
VIC1,2026/08/07 18:15:00,7408.02,111.63,TRADE
VIC1,2026/08/07 18:20:00,7401.02,112.20,TRADE
VIC1,2026/08/07 18:25:00,7404.79,133.54,TRADE
VIC1,2026/08/07 18:30:00,7470.2,119.52,TRADE
VIC1,2026/08/07 18:35:00,7412.17,114.06,TRADE
VIC1,2026/08/07 18:40:00,7390.18,115,TRADE
VIC1,2026/08/07 18:45:00,7397.7,105.88,TRADE
VIC1,2026/08/07 18:50:00,7430.34,105.88,TRADE
VIC1,2026/08/07 18:55:00,7448.76,110.92,TRADE
VIC1,2026/08/07 19:00:00,7319.14,106.31,TRADE
VIC1,2026/08/07 19:05:00,7335.6,106.31,TRADE
VIC1,2026/08/07 19:10:00,7361.4,105.88,TRADE
VIC1,2026/08/07 19:15:00,7330.36,105.88,TRADE
VIC1,2026/08/07 19:20:00,7281.41,105.88,TRADE
VIC1,2026/08/07 19:25:00,7359.82,105.88,TRADE
VIC1,2026/08/07 19:30:00,7295.04,103.83,TRADE
VIC1,2026/08/07 19:35:00,7307.66,109,TRADE
VIC1,2026/08/07 19:40:00,7249.07,105.88,TRADE
VIC1,2026/08/07 19:45:00,7167.6,101.05,TRADE
VIC1,2026/08/07 19:50:00,7162.23,100.20,TRADE
VIC1,2026/08/07 19:55:00,7207.58,109,TRADE
VIC1,2026/08/07 20:00:00,7169.85,109,TRADE
VIC1,2026/08/07 20:05:00,7086.44,107.68,TRADE
VIC1,2026/08/07 20:10:00,7152.79,107.68,TRADE
VIC1,2026/08/07 20:15:00,7072.92,105.11,TRADE
VIC1,2026/08/07 20:20:00,7131.11,102.82,TRADE
VIC1,2026/08/07 20:25:00,7033.05,106.24,TRADE
VIC1,2026/08/07 20:30:00,7032.19,105.88,TRADE
VIC1,2026/08/07 20:35:00,6977.85,105.11,TRADE
VIC1,2026/08/07 20:40:00,7009.68,105.88,TRADE
VIC1,2026/08/07 20:45:00,6986.16,104.91,TRADE
VIC1,2026/08/07 20:50:00,6914.29,104.75,TRADE
VIC1,2026/08/07 20:55:00,6858.08,103.96,TRADE
VIC1,2026/08/07 21:00:00,6958.19,105.88,TRADE
VIC1,2026/08/07 21:05:00,6887.38,110.43,TRADE
VIC1,2026/08/07 21:10:00,6730,105.88,TRADE
VIC1,2026/08/07 21:15:00,6763.31,97.86,TRADE
VIC1,2026/08/07 21:20:00,6732.21,106.18,TRADE
VIC1,2026/08/07 21:25:00,6679.69,101.34,TRADE
VIC1,2026/08/07 21:30:00,6591.39,105.88,TRADE
VIC1,2026/08/07 21:35:00,6531.42,102.05,TRADE
VIC1,2026/08/07 21:40:00,6526.75,103.29,TRADE
VIC1,2026/08/07 21:45:00,6489.49,97.24,TRADE
VIC1,2026/08/07 21:50:00,6368.97,86.29,TRADE
VIC1,2026/08/07 21:55:00,6430.37,95.75,TRADE
VIC1,2026/08/07 22:00:00,6326.92,98,TRADE
VIC1,2026/08/07 22:05:00,6288.27,105.88,TRADE
VIC1,2026/08/07 22:10:00,6190.22,104.84,TRADE
VIC1,2026/08/07 22:15:00,6188.31,101.74,TRADE
VIC1,2026/08/07 22:20:00,6254.56,100.04,TRADE
VIC1,2026/08/07 22:25:00,6204.51,105.88,TRADE
VIC1,2026/08/07 22:30:00,6174.49,97.69,TRADE
VIC1,2026/08/07 22:35:00,6123.19,96.81,TRADE
VIC1,2026/08/07 22:40:00,6065.93,97.45,TRADE
VIC1,2026/08/07 22:45:00,6054.33,95.33,TRADE
VIC1,2026/08/07 22:50:00,5937.92,94.74,TRADE
VIC1,2026/08/07 22:55:00,5898.54,90.52,TRADE
VIC1,2026/08/07 23:00:00,5945.41,81.68,TRADE
VIC1,2026/08/07 23:05:00,5929.77,91.27,TRADE
VIC1,2026/08/07 23:10:00,5994.92,91.97,TRADE
VIC1,2026/08/07 23:15:00,6032.25,75.88,TRADE
VIC1,2026/08/07 23:20:00,5979.01,80.91,TRADE
VIC1,2026/08/07 23:25:00,6003.31,82.29,TRADE
VIC1,2026/08/07 23:30:00,5923.22,81.58,TRADE
VIC1,2026/08/07 23:35:00,5894.23,79.45,TRADE
VIC1,2026/08/07 23:40:00,5861.27,94.63,TRADE
VIC1,2026/08/07 23:45:00,5872.17,85.61,TRADE
VIC1,2026/08/07 23:50:00,5850.47,64.62,TRADE
VIC1,2026/08/07 23:55:00,5810.33,56.41,TRADE
VIC1,2026/08/08 00:00:00,5753.49,50.94,TRADE
VIC1,2026/08/08 00:05:00,5766.19,56.77,TRADE
VIC1,2026/08/08 00:10:00,5748,56.95,TRADE
VIC1,2026/08/08 00:15:00,5685.09,55.01,TRADE
VIC1,2026/08/08 00:20:00,5663.13,56.39,TRADE
VIC1,2026/08/08 00:25:00,5629.15,52.36,TRADE
VIC1,2026/08/08 00:30:00,5659.96,34,TRADE
VIC1,2026/08/08 00:35:00,5542.03,26.42,TRADE
VIC1,2026/08/08 00:40:00,5511.86,23.21,TRADE
VIC1,2026/08/08 00:45:00,5544.65,10.65,TRADE
VIC1,2026/08/08 00:50:00,5476.15,8.94,TRADE
VIC1,2026/08/08 00:55:00,5441.25,10.50,TRADE
VIC1,2026/08/08 01:00:00,5442.97,8.94,TRADE
VIC1,2026/08/08 01:05:00,5433.33,10.17,TRADE
VIC1,2026/08/08 01:10:00,5399.87,15.08,TRADE
VIC1,2026/08/08 01:15:00,5309,0.14,TRADE
VIC1,2026/08/08 01:20:00,5296.01,6.03,TRADE
VIC1,2026/08/08 01:25:00,5339.77,8.94,TRADE
VIC1,2026/08/08 01:30:00,5212.26,5.08,TRADE
VIC1,2026/08/08 01:35:00,5179.08,5.08,TRADE
VIC1,2026/08/08 01:40:00,5168.79,5.08,TRADE
VIC1,2026/08/08 01:45:00,5125.39,5.81,TRADE
VIC1,2026/08/08 01:50:00,5099,8.94,TRADE
VIC1,2026/08/08 01:55:00,5085.45,10.50,TRADE
VIC1,2026/08/08 02:00:00,5092.51,10.17,TRADE
VIC1,2026/08/08 02:05:00,5084.42,9.45,TRADE
VIC1,2026/08/08 02:10:00,4987.83,10.50,TRADE
VIC1,2026/08/08 02:15:00,5023.64,10.50,TRADE
VIC1,2026/08/08 02:20:00,4980.59,10.17,TRADE
VIC1,2026/08/08 02:25:00,4904.91,8.94,TRADE
VIC1,2026/08/08 02:30:00,4875.55,8.94,TRADE
VIC1,2026/08/08 02:35:00,4896.11,5.77,TRADE
VIC1,2026/08/08 02:40:00,4872.64,5.08,TRADE
VIC1,2026/08/08 02:45:00,4775,5.08,TRADE
VIC1,2026/08/08 02:50:00,4771.95,4.32,TRADE
VIC1,2026/08/08 02:55:00,4829.79,5.08,TRADE
VIC1,2026/08/08 03:00:00,4829.96,5.08,TRADE
VIC1,2026/08/08 03:05:00,4751.79,0.20,TRADE
VIC1,2026/08/08 03:10:00,4823.8,5.08,TRADE
VIC1,2026/08/08 03:15:00,4815.44,5.08,TRADE
VIC1,2026/08/08 03:20:00,4827.53,10.50,TRADE
VIC1,2026/08/08 03:25:00,4756.88,-0.05,TRADE
VIC1,2026/08/08 03:30:00,4737.03,0,TRADE
VIC1,2026/08/08 03:35:00,4810.77,0.12,TRADE
VIC1,2026/08/08 03:40:00,4864.32,0.01,TRADE
VIC1,2026/08/08 03:45:00,4774.95,-0.05,TRADE
VIC1,2026/08/08 03:50:00,4808.03,-0.05,TRADE
VIC1,2026/08/08 03:55:00,4809,-0.05,TRADE
VIC1,2026/08/08 04:00:00,4811.39,-0.05,TRADE
VIC1,2026/08/08 04:05:00,4749.96,0,TRADE
VIC1,2026/08/08 04:10:00,4724.09,-0.05,TRADE
VIC1,2026/08/08 04:15:00,4733.4,0,TRADE
VIC1,2026/08/08 04:20:00,4790.51,0.01,TRADE
VIC1,2026/08/08 04:25:00,4773.28,0,TRADE
VIC1,2026/08/08 04:30:00,4753.27,0.01,TRADE
VIC1,2026/08/08 04:35:00,4779.35,0.01,TRADE
VIC1,2026/08/08 04:40:00,4764.32,0.01,TRADE
VIC1,2026/08/08 04:45:00,4793.79,0.01,TRADE
VIC1,2026/08/08 04:50:00,4840.94,0.01,TRADE
VIC1,2026/08/08 04:55:00,4769.92,0.06,TRADE
VIC1,2026/08/08 05:00:00,4769.25,0,TRADE
VIC1,2026/08/08 05:05:00,4813.61,-0.05,TRADE
VIC1,2026/08/08 05:10:00,4838.71,0.01,TRADE
VIC1,2026/08/08 05:15:00,4840.56,-0.05,TRADE
VIC1,2026/08/08 05:20:00,4901.68,-0.05,TRADE
VIC1,2026/08/08 05:25:00,4921.31,-0.05,TRADE
VIC1,2026/08/08 05:30:00,4863.5,-0.05,TRADE
VIC1,2026/08/08 05:35:00,4940.84,-0.05,TRADE
VIC1,2026/08/08 05:40:00,4969.29,-0.05,TRADE
VIC1,2026/08/08 05:45:00,4937.67,-0.05,TRADE
VIC1,2026/08/08 05:50:00,4949.66,-0.05,TRADE
VIC1,2026/08/08 05:55:00,5025.85,-0.05,TRADE
VIC1,2026/08/08 06:00:00,5032.47,-0.05,TRADE
VIC1,2026/08/08 06:05:00,5047.72,-0.05,TRADE
VIC1,2026/08/08 06:10:00,5098.36,0,TRADE
VIC1,2026/08/08 06:15:00,5223.96,0.01,TRADE
VIC1,2026/08/08 06:20:00,5261.45,0.01,TRADE
VIC1,2026/08/08 06:25:00,5239.86,0,TRADE
VIC1,2026/08/08 06:30:00,5340.72,0.01,TRADE
VIC1,2026/08/08 06:35:00,5363.13,0.01,TRADE
VIC1,2026/08/08 06:40:00,5449.74,4.88,TRADE
VIC1,2026/08/08 06:45:00,5490.79,5.08,TRADE
VIC1,2026/08/08 06:50:00,5435.47,5.08,TRADE
VIC1,2026/08/08 06:55:00,5497.16,8.94,TRADE
VIC1,2026/08/08 07:00:00,5625.57,16.48,TRADE
VIC1,2026/08/08 07:05:00,5676.74,10.50,TRADE
VIC1,2026/08/08 07:10:00,5651.72,10.50,TRADE
VIC1,2026/08/08 07:15:00,5713.74,22.77,TRADE
VIC1,2026/08/08 07:20:00,5766.12,22.67,TRADE
VIC1,2026/08/08 07:25:00,5767.5,10.50,TRADE
VIC1,2026/08/08 07:30:00,5793.65,8.94,TRADE
VIC1,2026/08/08 07:35:00,5884.9,10.50,TRADE
VIC1,2026/08/08 07:40:00,5856.27,8.94,TRADE
VIC1,2026/08/08 07:45:00,5890.03,38.89,TRADE
VIC1,2026/08/08 07:50:00,5949.7,26.73,TRADE
VIC1,2026/08/08 07:55:00,5988.94,23.48,TRADE
VIC1,2026/08/08 08:00:00,6000.9,23.48,TRADE
VIC1,2026/08/08 08:05:00,6032.66,23.48,TRADE
VIC1,2026/08/08 08:10:00,6053.83,10.65,TRADE
VIC1,2026/08/08 08:15:00,6080.91,10.50,TRADE
VIC1,2026/08/08 08:20:00,6052.74,10.50,TRADE
VIC1,2026/08/08 08:25:00,5961.93,10.50,TRADE
VIC1,2026/08/08 08:30:00,5945.76,-0.05,TRADE
VIC1,2026/08/08 08:35:00,5908.72,10.50,TRADE
VIC1,2026/08/08 08:40:00,5892.17,-0.05,TRADE
VIC1,2026/08/08 08:45:00,5854.01,8.94,TRADE
VIC1,2026/08/08 08:50:00,5806.25,-0.05,TRADE
VIC1,2026/08/08 08:55:00,5651.76,-0.05,TRADE
VIC1,2026/08/08 09:00:00,5668.14,-0.05,TRADE
VIC1,2026/08/08 09:05:00,5593.33,-0.10,TRADE
VIC1,2026/08/08 09:10:00,5458.62,-0.05,TRADE
VIC1,2026/08/08 09:15:00,5384.04,-0.05,TRADE
VIC1,2026/08/08 09:20:00,5301.42,-0.05,TRADE
VIC1,2026/08/08 09:25:00,5256.2,-0.10,TRADE
VIC1,2026/08/08 09:30:00,5242.23,-0.10,TRADE
VIC1,2026/08/08 09:35:00,5114.45,-0.05,TRADE
VIC1,2026/08/08 09:40:00,5143.29,-0.05,TRADE
VIC1,2026/08/08 09:45:00,5124.23,-0.10,TRADE
VIC1,2026/08/08 09:50:00,5087.68,-0.10,TRADE
VIC1,2026/08/08 09:55:00,4991.24,-1.12,TRADE
VIC1,2026/08/08 10:00:00,4982.78,-0.10,TRADE
VIC1,2026/08/08 10:05:00,4984.84,-6.26,TRADE
VIC1,2026/08/08 10:10:00,5054.6,-0.10,TRADE
VIC1,2026/08/08 10:15:00,5023.25,-0.10,TRADE
VIC1,2026/08/08 10:20:00,4877.62,-0.10,TRADE
VIC1,2026/08/08 10:25:00,4801.83,-0.10,TRADE
VIC1,2026/08/08 10:30:00,4758.24,-5.91,TRADE
VIC1,2026/08/08 10:35:00,4703.39,-4.05,TRADE
VIC1,2026/08/08 10:40:00,4650.08,-1.05,TRADE
VIC1,2026/08/08 10:45:00,4507.78,-4.67,TRADE
VIC1,2026/08/08 10:50:00,4430.23,-1.06,TRADE
VIC1,2026/08/08 10:55:00,4391.72,-6,TRADE
VIC1,2026/08/08 11:00:00,4352.2,-5,TRADE
VIC1,2026/08/08 11:05:00,4215.93,-5,TRADE
VIC1,2026/08/08 11:10:00,4368.25,-4.70,TRADE
VIC1,2026/08/08 11:15:00,4333.25,-6.30,TRADE
VIC1,2026/08/08 11:20:00,4180.95,-6.51,TRADE
VIC1,2026/08/08 11:25:00,4147.87,-5,TRADE
VIC1,2026/08/08 11:30:00,4117.75,-5,TRADE
VIC1,2026/08/08 11:35:00,4028.01,-6.51,TRADE
VIC1,2026/08/08 11:40:00,3996,-6.64,TRADE
VIC1,2026/08/08 11:45:00,4026.5,-6.51,TRADE
VIC1,2026/08/08 11:50:00,3976.78,-6.77,TRADE
VIC1,2026/08/08 11:55:00,3919.1,-6.51,TRADE
VIC1,2026/08/08 12:00:00,3911.01,-6.50,TRADE
VIC1,2026/08/08 12:05:00,3867.49,-6.39,TRADE
VIC1,2026/08/08 12:10:00,3896.48,-6.49,TRADE
VIC1,2026/08/08 12:15:00,3879.71,-7,TRADE
VIC1,2026/08/08 12:20:00,3794.38,-7.51,TRADE
VIC1,2026/08/08 12:25:00,3773.66,-6.51,TRADE
VIC1,2026/08/08 12:30:00,3741.39,-6.51,TRADE
VIC1,2026/08/08 12:35:00,3721.09,-5.83,TRADE
VIC1,2026/08/08 12:40:00,3723.65,-6.49,TRADE
VIC1,2026/08/08 12:45:00,3752.62,-6.50,TRADE
VIC1,2026/08/08 12:50:00,3694.48,-6.50,TRADE
VIC1,2026/08/08 12:55:00,3660.03,-7,TRADE
VIC1,2026/08/08 13:00:00,3622.48,-7,TRADE
VIC1,2026/08/08 13:05:00,3723.61,-6.49,TRADE
VIC1,2026/08/08 13:10:00,3755.96,-6.60,TRADE
VIC1,2026/08/08 13:15:00,3817.35,-6.60,TRADE
VIC1,2026/08/08 13:20:00,3923.87,-6.64,TRADE
VIC1,2026/08/08 13:25:00,4014.07,-7,TRADE
VIC1,2026/08/08 13:30:00,4034.24,-7.15,TRADE
VIC1,2026/08/08 13:35:00,3943.33,-7.15,TRADE
VIC1,2026/08/08 13:40:00,3941.99,-7,TRADE
VIC1,2026/08/08 13:45:00,3911.13,-7,TRADE
VIC1,2026/08/08 13:50:00,3977.52,-6.51,TRADE
VIC1,2026/08/08 13:55:00,4013.23,-6.51,TRADE
VIC1,2026/08/08 14:00:00,4137.76,-7,TRADE
VIC1,2026/08/08 14:05:00,4094.16,-7.23,TRADE
VIC1,2026/08/08 14:10:00,4136.36,-7,TRADE
VIC1,2026/08/08 14:15:00,4165.4,-7.51,TRADE
VIC1,2026/08/08 14:20:00,4260.66,-7,TRADE
VIC1,2026/08/08 14:25:00,4326.79,-7.40,TRADE
VIC1,2026/08/08 14:30:00,4408.27,-7.51,TRADE
VIC1,2026/08/08 14:35:00,4324.52,-7.51,TRADE
VIC1,2026/08/08 14:40:00,4419.24,-6.78,TRADE
VIC1,2026/08/08 14:45:00,4387.34,-6.60,TRADE
VIC1,2026/08/08 14:50:00,4508.1,-6.39,TRADE
VIC1,2026/08/08 14:55:00,4509.36,-6.51,TRADE
VIC1,2026/08/08 15:00:00,4593.59,-6.50,TRADE
VIC1,2026/08/08 15:05:00,4689.18,-6.50,TRADE
VIC1,2026/08/08 15:10:00,4757.24,-5.02,TRADE
VIC1,2026/08/08 15:15:00,4742.24,-0.10,TRADE
VIC1,2026/08/08 15:20:00,4816.9,-0.05,TRADE
VIC1,2026/08/08 15:25:00,4838.81,-0.10,TRADE
VIC1,2026/08/08 15:30:00,4916.94,-0.10,TRADE
VIC1,2026/08/08 15:35:00,4948.66,-0.10,TRADE
VIC1,2026/08/08 15:40:00,4865.49,-0.10,TRADE
VIC1,2026/08/08 15:45:00,4906.35,-0.05,TRADE
VIC1,2026/08/08 15:50:00,5007.51,8.26,TRADE
VIC1,2026/08/08 15:55:00,5129.94,17.63,TRADE
VIC1,2026/08/08 16:00:00,5214.41,10.50,TRADE
VIC1,2026/08/08 16:05:00,5335.58,14.18,TRADE
VIC1,2026/08/08 16:10:00,5383.02,18.96,TRADE
VIC1,2026/08/08 16:15:00,5532.18,19.69,TRADE
VIC1,2026/08/08 16:20:00,5465.66,0.08,TRADE
VIC1,2026/08/08 16:25:00,5575.62,10.50,TRADE
VIC1,2026/08/08 16:30:00,5669.84,10.65,TRADE
VIC1,2026/08/08 16:35:00,5833.56,18.91,TRADE
VIC1,2026/08/08 16:40:00,5896.84,10.65,TRADE
VIC1,2026/08/08 16:45:00,5920.68,10.50,TRADE
VIC1,2026/08/08 16:50:00,5981.4,10.50,TRADE
VIC1,2026/08/08 16:55:00,6091.63,10.65,TRADE
VIC1,2026/08/08 17:00:00,6147.89,10.65,TRADE
VIC1,2026/08/08 17:05:00,6101.4,0.08,TRADE
VIC1,2026/08/08 17:10:00,6138.97,5.08,TRADE
VIC1,2026/08/08 17:15:00,6255.3,10.50,TRADE
VIC1,2026/08/08 17:20:00,6296.53,10.50,TRADE
VIC1,2026/08/08 17:25:00,6388.14,20.88,TRADE
VIC1,2026/08/08 17:30:00,6478.33,16.65,TRADE
VIC1,2026/08/08 17:35:00,6541.01,10.50,TRADE
VIC1,2026/08/08 17:40:00,6562.06,23.48,TRADE
VIC1,2026/08/08 17:45:00,6545.26,10.50,TRADE
VIC1,2026/08/08 17:50:00,6605.58,22.67,TRADE
VIC1,2026/08/08 17:55:00,6686.18,23.48,TRADE
VIC1,2026/08/08 18:00:00,6664.15,10.50,TRADE
VIC1,2026/08/08 18:05:00,6692.33,10.65,TRADE
VIC1,2026/08/08 18:10:00,6762.49,22.78,TRADE
VIC1,2026/08/08 18:15:00,6811.87,22.67,TRADE
VIC1,2026/08/08 18:20:00,6899.8,23.48,TRADE
VIC1,2026/08/08 18:25:00,6705.49,23.48,TRADE
VIC1,2026/08/08 18:30:00,6683.95,22.67,TRADE
VIC1,2026/08/08 18:35:00,6654.01,10.65,TRADE
VIC1,2026/08/08 18:40:00,6731.08,8.94,TRADE
VIC1,2026/08/08 18:45:00,6741.67,8.94,TRADE
VIC1,2026/08/08 18:50:00,6688.22,8.94,TRADE
VIC1,2026/08/08 18:55:00,6681.09,22.67,TRADE
VIC1,2026/08/08 19:00:00,6697.63,22.67,TRADE
VIC1,2026/08/08 19:05:00,6671.83,10.50,TRADE
VIC1,2026/08/08 19:10:00,6552.32,8.94,TRADE
VIC1,2026/08/08 19:15:00,6534.26,20.80,TRADE
VIC1,2026/08/08 19:20:00,6521.56,20.74,TRADE
VIC1,2026/08/08 19:25:00,6478.83,20.80,TRADE
VIC1,2026/08/08 19:30:00,6481.77,20.71,TRADE
VIC1,2026/08/08 19:35:00,6472.44,10.25,TRADE
VIC1,2026/08/08 19:40:00,6555.6,22.67,TRADE
VIC1,2026/08/08 19:45:00,6521.36,17.49,TRADE
VIC1,2026/08/08 19:50:00,6487.57,8.94,TRADE
VIC1,2026/08/08 19:55:00,6487.29,20.84,TRADE
VIC1,2026/08/08 20:00:00,6507.49,10.50,TRADE
VIC1,2026/08/08 20:05:00,6471.24,10.50,TRADE
VIC1,2026/08/08 20:10:00,6371.23,8.56,TRADE
VIC1,2026/08/08 20:15:00,6392.67,10.50,TRADE
VIC1,2026/08/08 20:20:00,6274.81,5.02,TRADE
VIC1,2026/08/08 20:25:00,6305.79,8.69,TRADE
VIC1,2026/08/08 20:30:00,6256.33,10.39,TRADE
VIC1,2026/08/08 20:35:00,6230.59,5.05,TRADE
VIC1,2026/08/08 20:40:00,6260.49,10.50,TRADE
VIC1,2026/08/08 20:45:00,6255.35,4.88,TRADE
VIC1,2026/08/08 20:50:00,6117.66,0.08,TRADE
VIC1,2026/08/08 20:55:00,6096.16,5.04,TRADE
VIC1,2026/08/08 21:00:00,6044.12,8.50,TRADE
VIC1,2026/08/08 21:05:00,6123.21,12.19,TRADE
VIC1,2026/08/08 21:10:00,6118.63,10.50,TRADE
VIC1,2026/08/08 21:15:00,6107.8,10.50,TRADE
VIC1,2026/08/08 21:20:00,6105.26,10.65,TRADE
VIC1,2026/08/08 21:25:00,6102.26,10.50,TRADE
VIC1,2026/08/08 21:30:00,6082.34,5.08,TRADE
VIC1,2026/08/08 21:35:00,5951.93,5.04,TRADE
VIC1,2026/08/08 21:40:00,5997.3,10.50,TRADE
VIC1,2026/08/08 21:45:00,5949.89,4.91,TRADE
VIC1,2026/08/08 21:50:00,5912.89,4.93,TRADE
VIC1,2026/08/08 21:55:00,5861.58,10.50,TRADE
VIC1,2026/08/08 22:00:00,5830.13,9.70,TRADE
VIC1,2026/08/08 22:05:00,5748.26,10.50,TRADE
VIC1,2026/08/08 22:10:00,5791.82,10.50,TRADE
VIC1,2026/08/08 22:15:00,5717.5,8,TRADE
VIC1,2026/08/08 22:20:00,5707.25,10.50,TRADE
VIC1,2026/08/08 22:25:00,5725.28,10.50,TRADE
VIC1,2026/08/08 22:30:00,5697.54,5.05,TRADE
VIC1,2026/08/08 22:35:00,5675.74,10.50,TRADE
VIC1,2026/08/08 22:40:00,5588,5.02,TRADE
VIC1,2026/08/08 22:45:00,5615.9,10.50,TRADE
VIC1,2026/08/08 22:50:00,5585.26,10.50,TRADE
VIC1,2026/08/08 22:55:00,5471.93,4.91,TRADE
VIC1,2026/08/08 23:00:00,5442.21,0.08,TRADE
VIC1,2026/08/08 23:05:00,5459.12,4.88,TRADE
VIC1,2026/08/08 23:10:00,5525.42,15.08,TRADE
VIC1,2026/08/08 23:15:00,5600.34,10.65,TRADE
VIC1,2026/08/08 23:20:00,5571.5,10.50,TRADE
VIC1,2026/08/08 23:25:00,5590.96,10.50,TRADE
VIC1,2026/08/08 23:30:00,5568.88,10.50,TRADE
VIC1,2026/08/08 23:35:00,5571.05,10.50,TRADE
VIC1,2026/08/08 23:40:00,5531.17,10.65,TRADE
VIC1,2026/08/08 23:45:00,5424.12,10.50,TRADE
VIC1,2026/08/08 23:50:00,5414.1,10.50,TRADE
VIC1,2026/08/08 23:55:00,5373.55,4.84,TRADE
VIC1,2026/08/09 00:00:00,5311.07,0.01,TRADE
VIC1,2026/08/09 00:05:00,5359.65,0.06,TRADE
VIC1,2026/08/09 00:10:00,5366.77,4.84,TRADE
VIC1,2026/08/09 00:15:00,5345.65,0,TRADE
VIC1,2026/08/09 00:20:00,5331.72,0.08,TRADE
VIC1,2026/08/09 00:25:00,5229.31,-0.05,TRADE
VIC1,2026/08/09 00:30:00,5188.56,-0.05,TRADE
VIC1,2026/08/09 00:35:00,5232.9,0,TRADE
VIC1,2026/08/09 00:40:00,5214.05,0,TRADE
VIC1,2026/08/09 00:45:00,5161.32,0,TRADE
VIC1,2026/08/09 00:50:00,5061.57,-0.05,TRADE
VIC1,2026/08/09 00:55:00,5040.54,-0.05,TRADE
VIC1,2026/08/09 01:00:00,4991.8,-0.05,TRADE
VIC1,2026/08/09 01:05:00,4960.9,-0.05,TRADE
VIC1,2026/08/09 01:10:00,4955.62,-0.05,TRADE
VIC1,2026/08/09 01:15:00,4988.3,-0.05,TRADE
VIC1,2026/08/09 01:20:00,4974.7,-0.05,TRADE
VIC1,2026/08/09 01:25:00,4948.22,-0.10,TRADE
VIC1,2026/08/09 01:30:00,4884.27,-0.10,TRADE
VIC1,2026/08/09 01:35:00,4767.94,-0.10,TRADE
VIC1,2026/08/09 01:40:00,4833.32,-0.05,TRADE
VIC1,2026/08/09 01:45:00,4792.49,-0.10,TRADE
VIC1,2026/08/09 01:50:00,4723.34,-0.10,TRADE
VIC1,2026/08/09 01:55:00,4768.22,-0.10,TRADE
VIC1,2026/08/09 02:00:00,4726.23,-0.10,TRADE
VIC1,2026/08/09 02:05:00,4709.57,-0.10,TRADE
VIC1,2026/08/09 02:10:00,4685.04,-0.10,TRADE
VIC1,2026/08/09 02:15:00,4610.88,-0.10,TRADE
VIC1,2026/08/09 02:20:00,4551.68,-0.10,TRADE
VIC1,2026/08/09 02:25:00,4556.51,-2.99,TRADE
VIC1,2026/08/09 02:30:00,4504.54,-6.51,TRADE
VIC1,2026/08/09 02:35:00,4525.89,-4.67,TRADE
VIC1,2026/08/09 02:40:00,4520.58,-0.10,TRADE
VIC1,2026/08/09 02:45:00,4587.95,-0.10,TRADE
VIC1,2026/08/09 02:50:00,4543.41,-0.55,TRADE
VIC1,2026/08/09 02:55:00,4458.71,-5,TRADE
VIC1,2026/08/09 03:00:00,4524.84,-2.99,TRADE
VIC1,2026/08/09 03:05:00,4516.28,-0.10,TRADE
VIC1,2026/08/09 03:10:00,4530.32,-5,TRADE
VIC1,2026/08/09 03:15:00,4534.33,-5,TRADE
VIC1,2026/08/09 03:20:00,4414.89,-6.51,TRADE
VIC1,2026/08/09 03:25:00,4493.77,-4.36,TRADE
VIC1,2026/08/09 03:30:00,4449.48,-3.95,TRADE
VIC1,2026/08/09 03:35:00,4475.78,-2.99,TRADE
VIC1,2026/08/09 03:40:00,4444.27,-4,TRADE
VIC1,2026/08/09 03:45:00,4414.3,-4.67,TRADE
VIC1,2026/08/09 03:50:00,4403.6,-4,TRADE
VIC1,2026/08/09 03:55:00,4432.8,-4.80,TRADE
VIC1,2026/08/09 04:00:00,4350.95,-5,TRADE
VIC1,2026/08/09 04:05:00,4360.85,-4.71,TRADE
VIC1,2026/08/09 04:10:00,4438.59,-4,TRADE
VIC1,2026/08/09 04:15:00,4401.36,-4,TRADE
VIC1,2026/08/09 04:20:00,4371.36,-6.51,TRADE
VIC1,2026/08/09 04:25:00,4427.19,-6.51,TRADE
VIC1,2026/08/09 04:30:00,4420.8,-4.67,TRADE
VIC1,2026/08/09 04:35:00,4417.58,-4,TRADE
VIC1,2026/08/09 04:40:00,4435.97,-4,TRADE
VIC1,2026/08/09 04:45:00,4377.84,-4,TRADE
VIC1,2026/08/09 04:50:00,4396.6,-4,TRADE
VIC1,2026/08/09 04:55:00,4433.41,-6.51,TRADE
VIC1,2026/08/09 05:00:00,4377.79,-6.51,TRADE
VIC1,2026/08/09 05:05:00,4453.76,-4,TRADE
VIC1,2026/08/09 05:10:00,4479.37,-4,TRADE
VIC1,2026/08/09 05:15:00,4511.76,-6.51,TRADE
VIC1,2026/08/09 05:20:00,4487.49,-6.51,TRADE
VIC1,2026/08/09 05:25:00,4421.15,-6.60,TRADE
VIC1,2026/08/09 05:30:00,4480.2,-6.51,TRADE
VIC1,2026/08/09 05:35:00,4451.39,-6.51,TRADE
VIC1,2026/08/09 05:40:00,4485.01,-4.72,TRADE
VIC1,2026/08/09 05:45:00,4573.8,-6.51,TRADE
VIC1,2026/08/09 05:50:00,4540.25,-6.60,TRADE
VIC1,2026/08/09 05:55:00,4585.92,-4,TRADE
VIC1,2026/08/09 06:00:00,4590.17,-0.10,TRADE
VIC1,2026/08/09 06:05:00,4646.87,-0.10,TRADE
VIC1,2026/08/09 06:10:00,4612.94,-4,TRADE
VIC1,2026/08/09 06:15:00,4712.4,-0.10,TRADE
VIC1,2026/08/09 06:20:00,4753.8,-0.10,TRADE
VIC1,2026/08/09 06:25:00,4697.25,-2.99,TRADE
VIC1,2026/08/09 06:30:00,4728.31,-2.99,TRADE
VIC1,2026/08/09 06:35:00,4805.07,-0.10,TRADE
VIC1,2026/08/09 06:40:00,4856.39,-0.10,TRADE
VIC1,2026/08/09 06:45:00,4879.55,-0.10,TRADE
VIC1,2026/08/09 06:50:00,4913.47,-0.10,TRADE
VIC1,2026/08/09 06:55:00,4938.89,-0.05,TRADE
VIC1,2026/08/09 07:00:00,4990.03,-0.05,TRADE
VIC1,2026/08/09 07:05:00,4987.33,-0.05,TRADE
VIC1,2026/08/09 07:10:00,4981,-0.05,TRADE
VIC1,2026/08/09 07:15:00,5127.47,0.08,TRADE
VIC1,2026/08/09 07:20:00,5205.09,9.57,TRADE
VIC1,2026/08/09 07:25:00,5196.1,10.45,TRADE
VIC1,2026/08/09 07:30:00,5293.5,10.65,TRADE
VIC1,2026/08/09 07:35:00,5336.61,10.65,TRADE
VIC1,2026/08/09 07:40:00,5399.27,10.65,TRADE
VIC1,2026/08/09 07:45:00,5435.91,10.65,TRADE
VIC1,2026/08/09 07:50:00,5422.02,10.50,TRADE
VIC1,2026/08/09 07:55:00,5507.77,10.50,TRADE
VIC1,2026/08/09 08:00:00,5555.06,22.48,TRADE
VIC1,2026/08/09 08:05:00,5558.57,10.65,TRADE
VIC1,2026/08/09 08:10:00,5672.37,21.05,TRADE
VIC1,2026/08/09 08:15:00,5737.29,10.65,TRADE
VIC1,2026/08/09 08:20:00,5796.63,10.65,TRADE
VIC1,2026/08/09 08:25:00,5828.11,10.65,TRADE
VIC1,2026/08/09 08:30:00,5771.8,10.50,TRADE
VIC1,2026/08/09 08:35:00,5827.46,10.65,TRADE
VIC1,2026/08/09 08:40:00,5854.25,10.50,TRADE
VIC1,2026/08/09 08:45:00,5901.22,10.50,TRADE
VIC1,2026/08/09 08:50:00,5969.74,10.65,TRADE
VIC1,2026/08/09 08:55:00,5988.8,10.50,TRADE
VIC1,2026/08/09 09:00:00,5997.1,10.65,TRADE
VIC1,2026/08/09 09:05:00,6077.72,10.65,TRADE
VIC1,2026/08/09 09:10:00,6160.29,10.65,TRADE
VIC1,2026/08/09 09:15:00,6198.51,10.65,TRADE
VIC1,2026/08/09 09:20:00,6234.44,10.65,TRADE
VIC1,2026/08/09 09:25:00,6192.29,10.50,TRADE
VIC1,2026/08/09 09:30:00,6245.62,10.65,TRADE
VIC1,2026/08/09 09:35:00,6281.73,10.65,TRADE
VIC1,2026/08/09 09:40:00,6318.22,10.65,TRADE
VIC1,2026/08/09 09:45:00,6333.39,10.65,TRADE
VIC1,2026/08/09 09:50:00,6365.45,10.65,TRADE
VIC1,2026/08/09 09:55:00,6383.23,10.50,TRADE
VIC1,2026/08/09 10:00:00,6327.37,-0.05,TRADE
VIC1,2026/08/09 10:05:00,6422.91,0.11,TRADE
VIC1,2026/08/09 10:10:00,6416.99,0.67,TRADE
VIC1,2026/08/09 10:15:00,6407.83,4.86,TRADE
VIC1,2026/08/09 10:20:00,6458.69,10.50,TRADE
VIC1,2026/08/09 10:25:00,6485.27,10.50,TRADE
VIC1,2026/08/09 10:30:00,6438.42,-0.10,TRADE
VIC1,2026/08/09 10:35:00,6497.06,0,TRADE
VIC1,2026/08/09 10:40:00,6535.52,10.65,TRADE
VIC1,2026/08/09 10:45:00,6496.28,10.50,TRADE
VIC1,2026/08/09 10:50:00,6483.48,10.50,TRADE
VIC1,2026/08/09 10:55:00,6593.37,10.65,TRADE
VIC1,2026/08/09 11:00:00,6510.47,10.65,TRADE
VIC1,2026/08/09 11:05:00,6546.25,15.08,TRADE
VIC1,2026/08/09 11:10:00,6903.34,53.99,TRADE
VIC1,2026/08/09 11:15:00,6965.82,35.95,TRADE
VIC1,2026/08/09 11:20:00,7002.38,22.67,TRADE
VIC1,2026/08/09 11:25:00,7023.44,22.03,TRADE
VIC1,2026/08/09 11:30:00,7011.21,8.94,TRADE
VIC1,2026/08/09 11:35:00,7094.75,8.94,TRADE
VIC1,2026/08/09 11:40:00,6986.31,8.94,TRADE
VIC1,2026/08/09 11:45:00,7003.82,22.48,TRADE
VIC1,2026/08/09 11:50:00,7027.81,22.48,TRADE
VIC1,2026/08/09 11:55:00,7066.96,45.94,TRADE
VIC1,2026/08/09 12:00:00,6998.65,8.94,TRADE
VIC1,2026/08/09 12:05:00,7086.91,8.95,TRADE
VIC1,2026/08/09 12:10:00,7120.07,10.50,TRADE
VIC1,2026/08/09 12:15:00,7131.39,10.50,TRADE
VIC1,2026/08/09 12:20:00,7073.16,31.12,TRADE
VIC1,2026/08/09 12:25:00,7055.72,10.50,TRADE
VIC1,2026/08/09 12:30:00,7141.91,22.48,TRADE
VIC1,2026/08/09 12:35:00,7165.18,14.61,TRADE
VIC1,2026/08/09 12:40:00,7104.26,9.93,TRADE
VIC1,2026/08/09 12:45:00,7164.96,20.68,TRADE
VIC1,2026/08/09 12:50:00,7200.28,10.50,TRADE
VIC1,2026/08/09 12:55:00,7209.45,25.42,TRADE
VIC1,2026/08/09 13:00:00,7206.5,30.30,TRADE
VIC1,2026/08/09 13:05:00,7154.22,8.94,TRADE
VIC1,2026/08/09 13:10:00,7124.65,10.50,TRADE
VIC1,2026/08/09 13:15:00,7191.95,15.08,TRADE
VIC1,2026/08/09 13:20:00,7185.54,27.80,TRADE
VIC1,2026/08/09 13:25:00,7198.53,10.50,TRADE
VIC1,2026/08/09 13:30:00,7143.71,62.87,TRADE
VIC1,2026/08/09 13:35:00,7229.66,35.10,TRADE
VIC1,2026/08/09 13:40:00,7268.31,22.67,TRADE
VIC1,2026/08/09 13:45:00,7154.39,25.42,TRADE
VIC1,2026/08/09 13:50:00,7158.67,10.50,TRADE
VIC1,2026/08/09 13:55:00,7186.69,37.06,TRADE
VIC1,2026/08/09 14:00:00,7171.82,32.21,TRADE
VIC1,2026/08/09 14:05:00,7151.93,15.08,TRADE
VIC1,2026/08/09 14:10:00,7017.83,10.50,TRADE
VIC1,2026/08/09 14:15:00,6971.91,8.94,TRADE
VIC1,2026/08/09 14:20:00,6943,10.50,TRADE
VIC1,2026/08/09 14:25:00,6921.29,8.94,TRADE
VIC1,2026/08/09 14:30:00,6907.84,8.94,TRADE
VIC1,2026/08/09 14:35:00,6976.66,8.94,TRADE
VIC1,2026/08/09 14:40:00,6971.39,8.58,TRADE
VIC1,2026/08/09 14:45:00,6955.68,5.08,TRADE
VIC1,2026/08/09 14:50:00,6953.89,5.08,TRADE
VIC1,2026/08/09 14:55:00,7025.1,5.08,TRADE
VIC1,2026/08/09 15:00:00,7012.62,5.08,TRADE
VIC1,2026/08/09 15:05:00,6892.27,-0.10,TRADE
VIC1,2026/08/09 15:10:00,6905.57,0.01,TRADE
VIC1,2026/08/09 15:15:00,6983.02,-0.05,TRADE
VIC1,2026/08/09 15:20:00,7018.63,0.01,TRADE
VIC1,2026/08/09 15:25:00,6996.87,1.68,TRADE
VIC1,2026/08/09 15:30:00,7016.31,0.01,TRADE
VIC1,2026/08/09 15:35:00,7022.34,8.95,TRADE
VIC1,2026/08/09 15:40:00,7080.07,8.94,TRADE
VIC1,2026/08/09 15:45:00,7086.65,8.94,TRADE
VIC1,2026/08/09 15:50:00,7040.63,10.19,TRADE
VIC1,2026/08/09 15:55:00,7100.32,89.48,TRADE
VIC1,2026/08/09 16:00:00,7128.29,53.48,TRADE
VIC1,2026/08/09 16:05:00,7106.05,25.43,TRADE
VIC1,2026/08/09 16:10:00,7095.28,25.43,TRADE
VIC1,2026/08/09 16:15:00,7149.02,56.15,TRADE
VIC1,2026/08/09 16:20:00,7113.44,75.88,TRADE
VIC1,2026/08/09 16:25:00,7073.89,75.40,TRADE
VIC1,2026/08/09 16:30:00,7101.73,23.54,TRADE
VIC1,2026/08/09 16:35:00,7192.4,23.29,TRADE
VIC1,2026/08/09 16:40:00,7253.39,67.82,TRADE
VIC1,2026/08/09 16:45:00,7205.27,56.05,TRADE
VIC1,2026/08/09 16:50:00,7231.59,86.76,TRADE
VIC1,2026/08/09 16:55:00,7303.79,89.30,TRADE
VIC1,2026/08/09 17:00:00,7263.69,89.48,TRADE
VIC1,2026/08/09 17:05:00,7300.22,83.73,TRADE
VIC1,2026/08/09 17:10:00,7387.66,89.48,TRADE
VIC1,2026/08/09 17:15:00,7416.58,82.62,TRADE
VIC1,2026/08/09 17:20:00,7399.64,81.98,TRADE
VIC1,2026/08/09 17:25:00,7435.69,84.81,TRADE
VIC1,2026/08/09 17:30:00,7450.41,89,TRADE
VIC1,2026/08/09 17:35:00,7554.8,88.04,TRADE
VIC1,2026/08/09 17:40:00,7565.75,89.46,TRADE
VIC1,2026/08/09 17:45:00,7656.92,89.48,TRADE
VIC1,2026/08/09 17:50:00,7660.93,89.48,TRADE
VIC1,2026/08/09 17:55:00,7681.35,89.48,TRADE
VIC1,2026/08/09 18:00:00,7681.93,89.48,TRADE
VIC1,2026/08/09 18:05:00,7599.08,89.48,TRADE
VIC1,2026/08/09 18:10:00,7619.28,89.78,TRADE
VIC1,2026/08/09 18:15:00,7648.2,89.48,TRADE
VIC1,2026/08/09 18:20:00,7569.64,89.38,TRADE
VIC1,2026/08/09 18:25:00,7610.12,91.28,TRADE
VIC1,2026/08/09 18:30:00,7629.33,92.03,TRADE
VIC1,2026/08/09 18:35:00,7578.75,92.04,TRADE
VIC1,2026/08/09 18:40:00,7514.8,89,TRADE
VIC1,2026/08/09 18:45:00,7441.72,91.30,TRADE
VIC1,2026/08/09 18:50:00,7447.26,85.23,TRADE
VIC1,2026/08/09 18:55:00,7447.5,92.36,TRADE
VIC1,2026/08/09 19:00:00,7351.73,91.09,TRADE
VIC1,2026/08/09 19:05:00,7425.37,92.26,TRADE
VIC1,2026/08/09 19:10:00,7360.96,94.90,TRADE
VIC1,2026/08/09 19:15:00,7342.66,89,TRADE
VIC1,2026/08/09 19:20:00,7359.45,88.47,TRADE
VIC1,2026/08/09 19:25:00,7246.25,85.31,TRADE
VIC1,2026/08/09 19:30:00,7279.88,88.72,TRADE
VIC1,2026/08/09 19:35:00,7186.66,91.94,TRADE
VIC1,2026/08/09 19:40:00,7229.24,90.35,TRADE
VIC1,2026/08/09 19:45:00,7235.02,94.89,TRADE
VIC1,2026/08/09 19:50:00,7205.72,94.59,TRADE
VIC1,2026/08/09 19:55:00,7176.77,94.06,TRADE
VIC1,2026/08/09 20:00:00,7169.83,94.88,TRADE
VIC1,2026/08/09 20:05:00,7103.28,96.06,TRADE
VIC1,2026/08/09 20:10:00,7027.01,95.45,TRADE
VIC1,2026/08/09 20:15:00,6995.3,95.42,TRADE
VIC1,2026/08/09 20:20:00,7050.07,96.21,TRADE
VIC1,2026/08/09 20:25:00,6977.9,95.37,TRADE
VIC1,2026/08/09 20:30:00,6935.29,96.95,TRADE
VIC1,2026/08/09 20:35:00,6904.68,108.19,TRADE
VIC1,2026/08/09 20:40:00,6903.18,107.03,TRADE
VIC1,2026/08/09 20:45:00,6858.86,93.99,TRADE
VIC1,2026/08/09 20:50:00,6768.56,90.48,TRADE
VIC1,2026/08/09 20:55:00,6802.22,105.56,TRADE
VIC1,2026/08/09 21:00:00,6765.89,90.34,TRADE
VIC1,2026/08/09 21:05:00,6671.24,93.27,TRADE
VIC1,2026/08/09 21:10:00,6727.41,109.01,TRADE
VIC1,2026/08/09 21:15:00,6693.29,94.89,TRADE
VIC1,2026/08/09 21:20:00,6676.08,95.40,TRADE
VIC1,2026/08/09 21:25:00,6653.44,109.74,TRADE
VIC1,2026/08/09 21:30:00,6521.05,96.28,TRADE
VIC1,2026/08/09 21:35:00,6534.8,126.07,TRADE
VIC1,2026/08/09 21:40:00,6521.17,126.99,TRADE
VIC1,2026/08/09 21:45:00,6417.6,109.09,TRADE
VIC1,2026/08/09 21:50:00,6344.41,88.35,TRADE
VIC1,2026/08/09 21:55:00,6362.59,105.81,TRADE
VIC1,2026/08/09 22:00:00,6324.14,88.17,TRADE
VIC1,2026/08/09 22:05:00,6236.09,88.89,TRADE
VIC1,2026/08/09 22:10:00,6237.03,95.94,TRADE
VIC1,2026/08/09 22:15:00,6129.49,87.95,TRADE
VIC1,2026/08/09 22:20:00,6163.67,86.99,TRADE
VIC1,2026/08/09 22:25:00,6102.35,86.48,TRADE
VIC1,2026/08/09 22:30:00,6003.55,79.55,TRADE
VIC1,2026/08/09 22:35:00,6030.92,84.88,TRADE
VIC1,2026/08/09 22:40:00,5986.55,79.59,TRADE
VIC1,2026/08/09 22:45:00,5966.01,78.29,TRADE
VIC1,2026/08/09 22:50:00,5927.76,82.87,TRADE
VIC1,2026/08/09 22:55:00,5809.57,76.91,TRADE
VIC1,2026/08/09 23:00:00,5863.07,77.51,TRADE
VIC1,2026/08/09 23:05:00,5875.32,79.38,TRADE
VIC1,2026/08/09 23:10:00,5878.55,79.38,TRADE
VIC1,2026/08/09 23:15:00,5975.47,85.44,TRADE
VIC1,2026/08/09 23:20:00,5955.84,85.42,TRADE
VIC1,2026/08/09 23:25:00,5947.29,85.50,TRADE
VIC1,2026/08/09 23:30:00,5873.66,70.69,TRADE
VIC1,2026/08/09 23:35:00,5856.66,83.78,TRADE
VIC1,2026/08/09 23:40:00,5866.99,87.63,TRADE
VIC1,2026/08/09 23:45:00,5831.52,82.85,TRADE
VIC1,2026/08/09 23:50:00,5718.17,78.82,TRADE
VIC1,2026/08/09 23:55:00,5736.54,92.97,TRADE
VIC1,2026/08/10 00:00:00,5704.95,70.59,TRADE
VIC1,2026/08/10 00:05:00,5709.54,82.79,TRADE
VIC1,2026/08/10 00:10:00,5740.51,87.60,TRADE
VIC1,2026/08/10 00:15:00,5656.19,86.81,TRADE
VIC1,2026/08/10 00:20:00,5682.61,87.73,TRADE
VIC1,2026/08/10 00:25:00,5690.79,86.94,TRADE
VIC1,2026/08/10 00:30:00,5655.36,81.68,TRADE
VIC1,2026/08/10 00:35:00,5613.01,82.31,TRADE
VIC1,2026/08/10 00:40:00,5562.99,80.26,TRADE
VIC1,2026/08/10 00:45:00,5546.55,71.67,TRADE
VIC1,2026/08/10 00:50:00,5491.23,70.46,TRADE
VIC1,2026/08/10 00:55:00,5395.02,71.60,TRADE
VIC1,2026/08/10 01:00:00,5346.5,70.37,TRADE
VIC1,2026/08/10 01:05:00,5433.01,71.01,TRADE
VIC1,2026/08/10 01:10:00,5324.84,68.71,TRADE
VIC1,2026/08/10 01:15:00,5366.59,68.76,TRADE
VIC1,2026/08/10 01:20:00,5312.04,67.75,TRADE
VIC1,2026/08/10 01:25:00,5314.01,64.01,TRADE
VIC1,2026/08/10 01:30:00,5272.79,62.38,TRADE
VIC1,2026/08/10 01:35:00,5272.73,71.51,TRADE
VIC1,2026/08/10 01:40:00,5253.53,70.96,TRADE
VIC1,2026/08/10 01:45:00,5175.12,64.78,TRADE
VIC1,2026/08/10 01:50:00,5214.94,67.49,TRADE
VIC1,2026/08/10 01:55:00,5180.44,64.60,TRADE
VIC1,2026/08/10 02:00:00,5175.36,66.04,TRADE
VIC1,2026/08/10 02:05:00,5123.49,67.98,TRADE
VIC1,2026/08/10 02:10:00,5103.55,65.44,TRADE
VIC1,2026/08/10 02:15:00,5078.1,69.76,TRADE
VIC1,2026/08/10 02:20:00,5053.8,71.02,TRADE
VIC1,2026/08/10 02:25:00,4946.47,64.11,TRADE
VIC1,2026/08/10 02:30:00,4975.35,64.11,TRADE
VIC1,2026/08/10 02:35:00,4948.67,64.11,TRADE
VIC1,2026/08/10 02:40:00,4850.54,65.82,TRADE
VIC1,2026/08/10 02:45:00,4871.71,64.11,TRADE
VIC1,2026/08/10 02:50:00,4849.49,66.18,TRADE
VIC1,2026/08/10 02:55:00,4845.1,70.37,TRADE
VIC1,2026/08/10 03:00:00,4849.97,64.11,TRADE
VIC1,2026/08/10 03:05:00,4782.05,69.12,TRADE
VIC1,2026/08/10 03:10:00,4848.07,70.28,TRADE
VIC1,2026/08/10 03:15:00,4831.36,69.19,TRADE
VIC1,2026/08/10 03:20:00,4740.89,68.64,TRADE
VIC1,2026/08/10 03:25:00,4808.97,66.20,TRADE
VIC1,2026/08/10 03:30:00,4802.4,66.22,TRADE
VIC1,2026/08/10 03:35:00,4815.29,69.17,TRADE
VIC1,2026/08/10 03:40:00,4740.56,67.60,TRADE
VIC1,2026/08/10 03:45:00,4725.34,63.28,TRADE
VIC1,2026/08/10 03:50:00,4737.74,64.01,TRADE
VIC1,2026/08/10 03:55:00,4708,64,TRADE
VIC1,2026/08/10 04:00:00,4773.78,65.35,TRADE
VIC1,2026/08/10 04:05:00,4762.08,64.53,TRADE
VIC1,2026/08/10 04:10:00,4696.15,60.16,TRADE
VIC1,2026/08/10 04:15:00,4770.03,68.52,TRADE
VIC1,2026/08/10 04:20:00,4760.89,63,TRADE
VIC1,2026/08/10 04:25:00,4817.56,62.51,TRADE
VIC1,2026/08/10 04:30:00,4814.23,64.02,TRADE
VIC1,2026/08/10 04:35:00,4757.05,60.16,TRADE
VIC1,2026/08/10 04:40:00,4797.9,62.90,TRADE
VIC1,2026/08/10 04:45:00,4862.92,64,TRADE
VIC1,2026/08/10 04:50:00,4924.52,60.57,TRADE
VIC1,2026/08/10 04:55:00,4924.92,63.46,TRADE
VIC1,2026/08/10 05:00:00,4956.27,62.16,TRADE
VIC1,2026/08/10 05:05:00,4991.79,62.26,TRADE
VIC1,2026/08/10 05:10:00,5069.74,65.64,TRADE
VIC1,2026/08/10 05:15:00,5036.29,64.24,TRADE
VIC1,2026/08/10 05:20:00,5104.23,64,TRADE
VIC1,2026/08/10 05:25:00,5158.7,64,TRADE
VIC1,2026/08/10 05:30:00,5142.03,64,TRADE
VIC1,2026/08/10 05:35:00,5225.64,62.40,TRADE
VIC1,2026/08/10 05:40:00,5280.48,58.84,TRADE
VIC1,2026/08/10 05:45:00,5388.06,53.18,TRADE
VIC1,2026/08/10 05:50:00,5410.2,34,TRADE
VIC1,2026/08/10 05:55:00,5410.87,63.26,TRADE
VIC1,2026/08/10 06:00:00,5453.83,37.13,TRADE
VIC1,2026/08/10 06:05:00,5629.52,34,TRADE
VIC1,2026/08/10 06:10:00,5810.81,62.82,TRADE
VIC1,2026/08/10 06:15:00,5888.13,61.10,TRADE
VIC1,2026/08/10 06:20:00,5984.5,64.09,TRADE
VIC1,2026/08/10 06:25:00,6054.54,64.98,TRADE
VIC1,2026/08/10 06:30:00,6117.91,64.76,TRADE
VIC1,2026/08/10 06:35:00,6087.6,61.13,TRADE
VIC1,2026/08/10 06:40:00,6214.95,66.20,TRADE
VIC1,2026/08/10 06:45:00,6344.78,71.32,TRADE
VIC1,2026/08/10 06:50:00,6487.14,75.31,TRADE
VIC1,2026/08/10 06:55:00,6540.72,75.88,TRADE
VIC1,2026/08/10 07:00:00,6638.9,81.10,TRADE
VIC1,2026/08/10 07:05:00,6713.74,82.40,TRADE
VIC1,2026/08/10 07:10:00,6785.29,78.66,TRADE
VIC1,2026/08/10 07:15:00,6933.81,81.42,TRADE
VIC1,2026/08/10 07:20:00,6967.87,81.55,TRADE
VIC1,2026/08/10 07:25:00,7114.17,80.50,TRADE
VIC1,2026/08/10 07:30:00,7177.6,80.44,TRADE
VIC1,2026/08/10 07:35:00,7202.7,79.09,TRADE
VIC1,2026/08/10 07:40:00,7283.62,80.50,TRADE
VIC1,2026/08/10 07:45:00,7410.51,80.50,TRADE
VIC1,2026/08/10 07:50:00,7430.71,80.50,TRADE
VIC1,2026/08/10 07:55:00,7387.55,78.74,TRADE
VIC1,2026/08/10 08:00:00,7390.91,71.49,TRADE
VIC1,2026/08/10 08:05:00,7506.36,75.88,TRADE
VIC1,2026/08/10 08:10:00,7577.84,82.08,TRADE
VIC1,2026/08/10 08:15:00,7567.43,82.76,TRADE
VIC1,2026/08/10 08:20:00,7595.41,81.23,TRADE
VIC1,2026/08/10 08:25:00,7605.54,75.88,TRADE
VIC1,2026/08/10 08:30:00,7582.7,77.60,TRADE
VIC1,2026/08/10 08:35:00,7520.56,84.46,TRADE
VIC1,2026/08/10 08:40:00,7511.18,85.65,TRADE
VIC1,2026/08/10 08:45:00,7500.08,86.67,TRADE
VIC1,2026/08/10 08:50:00,7592.88,90.60,TRADE
VIC1,2026/08/10 08:55:00,7432.87,92.18,TRADE
VIC1,2026/08/10 09:00:00,7493.99,94.93,TRADE
VIC1,2026/08/10 09:05:00,7504.66,102.13,TRADE
VIC1,2026/08/10 09:10:00,7588.35,102.13,TRADE
VIC1,2026/08/10 09:15:00,7545.63,102.13,TRADE
VIC1,2026/08/10 09:20:00,7470.36,102.13,TRADE
VIC1,2026/08/10 09:25:00,7505.13,102.13,TRADE
VIC1,2026/08/10 09:30:00,7507.64,102.13,TRADE
VIC1,2026/08/10 09:35:00,7399.84,95.81,TRADE
VIC1,2026/08/10 09:40:00,7471.9,94.93,TRADE
VIC1,2026/08/10 09:45:00,7498.98,94.64,TRADE
VIC1,2026/08/10 09:50:00,7507.66,95.23,TRADE
VIC1,2026/08/10 09:55:00,7470.73,95.52,TRADE
VIC1,2026/08/10 10:00:00,7368.6,88.48,TRADE
VIC1,2026/08/10 10:05:00,7396.45,68.76,TRADE
VIC1,2026/08/10 10:10:00,7491.37,94.06,TRADE
VIC1,2026/08/10 10:15:00,7494.03,88.48,TRADE
VIC1,2026/08/10 10:20:00,7459.7,78.79,TRADE
VIC1,2026/08/10 10:25:00,7496.45,94.36,TRADE
VIC1,2026/08/10 10:30:00,7440.61,72.76,TRADE
VIC1,2026/08/10 10:35:00,7430.93,88.48,TRADE
VIC1,2026/08/10 10:40:00,7429.3,94.94,TRADE
VIC1,2026/08/10 10:45:00,7383.95,95.24,TRADE
VIC1,2026/08/10 10:50:00,7351.75,92.48,TRADE
VIC1,2026/08/10 10:55:00,7215.76,78.23,TRADE
VIC1,2026/08/10 11:00:00,7206.88,93.07,TRADE
VIC1,2026/08/10 11:05:00,7127.17,80.06,TRADE
VIC1,2026/08/10 11:10:00,7381,95.24,TRADE
VIC1,2026/08/10 11:15:00,7376.76,104.66,TRADE
VIC1,2026/08/10 11:20:00,7359.83,90.89,TRADE
VIC1,2026/08/10 11:25:00,7387.56,88.51,TRADE
VIC1,2026/08/10 11:30:00,7331.45,77.98,TRADE
VIC1,2026/08/10 11:35:00,7337.24,76.23,TRADE
VIC1,2026/08/10 11:40:00,7202.79,68.64,TRADE
VIC1,2026/08/10 11:45:00,7253.17,67.06,TRADE
VIC1,2026/08/10 11:50:00,7216.74,48.42,TRADE
VIC1,2026/08/10 11:55:00,7226.15,36.09,TRADE
VIC1,2026/08/10 12:00:00,7240.54,45.24,TRADE
VIC1,2026/08/10 12:05:00,7251.93,34,TRADE
VIC1,2026/08/10 12:10:00,7193.69,60.16,TRADE
VIC1,2026/08/10 12:15:00,7259.05,30.21,TRADE
VIC1,2026/08/10 12:20:00,7225.13,20.68,TRADE
VIC1,2026/08/10 12:25:00,7297.64,45.24,TRADE
VIC1,2026/08/10 12:30:00,7308.56,45.24,TRADE
VIC1,2026/08/10 12:35:00,7265.7,34,TRADE
VIC1,2026/08/10 12:40:00,7393.87,45.24,TRADE
VIC1,2026/08/10 12:45:00,7356.31,40.34,TRADE
VIC1,2026/08/10 12:50:00,7401.13,47.46,TRADE
VIC1,2026/08/10 12:55:00,7228.36,55.65,TRADE
VIC1,2026/08/10 13:00:00,7175.73,48.76,TRADE
VIC1,2026/08/10 13:05:00,7348.78,118.51,TRADE
VIC1,2026/08/10 13:10:00,7408.11,131.47,TRADE
VIC1,2026/08/10 13:15:00,7287.99,72.24,TRADE
VIC1,2026/08/10 13:20:00,7297.62,30.21,TRADE
VIC1,2026/08/10 13:25:00,7347.21,20.68,TRADE
VIC1,2026/08/10 13:30:00,7232.14,88.62,TRADE
VIC1,2026/08/10 13:35:00,7262.23,14.79,TRADE
VIC1,2026/08/10 13:40:00,7332.25,23.71,TRADE
VIC1,2026/08/10 13:45:00,7287.21,8.94,TRADE
VIC1,2026/08/10 13:50:00,7299.41,14.37,TRADE
VIC1,2026/08/10 13:55:00,7316.28,5.05,TRADE
VIC1,2026/08/10 14:00:00,7232.38,30.21,TRADE
VIC1,2026/08/10 14:05:00,7233.85,23.71,TRADE
VIC1,2026/08/10 14:10:00,7108.92,10.66,TRADE
VIC1,2026/08/10 14:15:00,7004.4,10.50,TRADE
VIC1,2026/08/10 14:20:00,7018.17,10.65,TRADE
VIC1,2026/08/10 14:25:00,7057.24,23.71,TRADE
VIC1,2026/08/10 14:30:00,6913.53,10.65,TRADE
VIC1,2026/08/10 14:35:00,7044.83,20.68,TRADE
VIC1,2026/08/10 14:40:00,6999.65,10.50,TRADE
VIC1,2026/08/10 14:45:00,7010.84,10.50,TRADE
VIC1,2026/08/10 14:50:00,7067.81,10.65,TRADE
VIC1,2026/08/10 14:55:00,7032.43,8.94,TRADE
VIC1,2026/08/10 15:00:00,7041.03,10.50,TRADE
VIC1,2026/08/10 15:05:00,7034.61,8.94,TRADE
VIC1,2026/08/10 15:10:00,6926.3,8.81,TRADE
VIC1,2026/08/10 15:15:00,6880.59,-6.30,TRADE
VIC1,2026/08/10 15:20:00,6910.22,5.05,TRADE
VIC1,2026/08/10 15:25:00,6879.97,5.08,TRADE
VIC1,2026/08/10 15:30:00,6939.68,-0.05,TRADE
VIC1,2026/08/10 15:35:00,6969.86,5.08,TRADE
VIC1,2026/08/10 15:40:00,6993.41,10.50,TRADE
VIC1,2026/08/10 15:45:00,7106.74,10.65,TRADE
VIC1,2026/08/10 15:50:00,7140.14,10.50,TRADE
VIC1,2026/08/10 15:55:00,7137.75,10.50,TRADE
VIC1,2026/08/10 16:00:00,7222.17,11.34,TRADE
VIC1,2026/08/10 16:05:00,7317.93,65.73,TRADE
VIC1,2026/08/10 16:10:00,7258.51,10.65,TRADE
VIC1,2026/08/10 16:15:00,7272.75,10.50,TRADE
VIC1,2026/08/10 16:20:00,7364.88,10.50,TRADE
VIC1,2026/08/10 16:25:00,7318.12,10.50,TRADE
VIC1,2026/08/10 16:30:00,7381.34,10.50,TRADE
VIC1,2026/08/10 16:35:00,7416.36,88.17,TRADE
VIC1,2026/08/10 16:40:00,7432.3,132.36,TRADE
VIC1,2026/08/10 16:45:00,7376.78,53.65,TRADE
VIC1,2026/08/10 16:50:00,7493.79,82.84,TRADE
VIC1,2026/08/10 16:55:00,7532.35,66.33,TRADE
VIC1,2026/08/10 17:00:00,7575.45,62.66,TRADE
VIC1,2026/08/10 17:05:00,7624.9,94.55,TRADE
VIC1,2026/08/10 17:10:00,7502.55,75.88,TRADE
VIC1,2026/08/10 17:15:00,7535.7,75.88,TRADE
VIC1,2026/08/10 17:20:00,7697.68,83.82,TRADE
VIC1,2026/08/10 17:25:00,7710.81,86.62,TRADE
VIC1,2026/08/10 17:30:00,7759.69,94.99,TRADE
VIC1,2026/08/10 17:35:00,7812.43,85.31,TRADE
VIC1,2026/08/10 17:40:00,7862.04,88.04,TRADE
VIC1,2026/08/10 17:45:00,7895.16,91.69,TRADE
VIC1,2026/08/10 17:50:00,7906.97,94.17,TRADE
VIC1,2026/08/10 17:55:00,7955.92,88.04,TRADE
VIC1,2026/08/10 18:00:00,7954.22,88.48,TRADE
VIC1,2026/08/10 18:05:00,7975.84,95.59,TRADE
VIC1,2026/08/10 18:10:00,7996.73,86.88,TRADE
VIC1,2026/08/10 18:15:00,7903.56,91.19,TRADE
VIC1,2026/08/10 18:20:00,8008.53,102.01,TRADE
VIC1,2026/08/10 18:25:00,7976.94,91.66,TRADE
VIC1,2026/08/10 18:30:00,7966.08,88.48,TRADE
VIC1,2026/08/10 18:35:00,8008.2,95.69,TRADE
VIC1,2026/08/10 18:40:00,7882.5,89,TRADE
VIC1,2026/08/10 18:45:00,7846.06,82.97,TRADE
VIC1,2026/08/10 18:50:00,7856.57,87.56,TRADE
VIC1,2026/08/10 18:55:00,7865.42,101.73,TRADE
VIC1,2026/08/10 19:00:00,7779.26,88,TRADE
VIC1,2026/08/10 19:05:00,7789.52,89,TRADE
VIC1,2026/08/10 19:10:00,7750.84,98.31,TRADE
VIC1,2026/08/10 19:15:00,7631.68,87.72,TRADE
VIC1,2026/08/10 19:20:00,7642.29,80.40,TRADE
VIC1,2026/08/10 19:25:00,7676.05,84.02,TRADE
VIC1,2026/08/10 19:30:00,7620.26,86.80,TRADE
VIC1,2026/08/10 19:35:00,7592.65,80.50,TRADE
VIC1,2026/08/10 19:40:00,7597.33,82.98,TRADE
VIC1,2026/08/10 19:45:00,7583.3,86.81,TRADE
VIC1,2026/08/10 19:50:00,7609.39,85.95,TRADE
VIC1,2026/08/10 19:55:00,7476.66,86.74,TRADE
VIC1,2026/08/10 20:00:00,7456.28,85.53,TRADE
VIC1,2026/08/10 20:05:00,7464.97,88.75,TRADE
VIC1,2026/08/10 20:10:00,7426.53,88.83,TRADE
VIC1,2026/08/10 20:15:00,7363.35,85,TRADE
VIC1,2026/08/10 20:20:00,7357.38,80.50,TRADE
VIC1,2026/08/10 20:25:00,7316.86,83.19,TRADE
VIC1,2026/08/10 20:30:00,7261.55,85.65,TRADE
VIC1,2026/08/10 20:35:00,7140.14,80.50,TRADE
VIC1,2026/08/10 20:40:00,7171.41,80.50,TRADE
VIC1,2026/08/10 20:45:00,7072.83,75.18,TRADE
VIC1,2026/08/10 20:50:00,7119.13,75.88,TRADE
VIC1,2026/08/10 20:55:00,7079.06,76.32,TRADE
VIC1,2026/08/10 21:00:00,7032.98,80.50,TRADE
VIC1,2026/08/10 21:05:00,6989.84,85.91,TRADE
VIC1,2026/08/10 21:10:00,7028.57,88.48,TRADE
VIC1,2026/08/10 21:15:00,7010.94,86.07,TRADE
VIC1,2026/08/10 21:20:00,6840.68,80.50,TRADE
VIC1,2026/08/10 21:25:00,6787.25,83.94,TRADE
VIC1,2026/08/10 21:30:00,6820.14,83.83,TRADE
VIC1,2026/08/10 21:35:00,6759.38,88.89,TRADE
VIC1,2026/08/10 21:40:00,6651.94,87.73,TRADE
VIC1,2026/08/10 21:45:00,6646.39,88.91,TRADE
VIC1,2026/08/10 21:50:00,6585.07,86.46,TRADE
VIC1,2026/08/10 21:55:00,6579.81,85.73,TRADE
VIC1,2026/08/10 22:00:00,6535.76,86.65,TRADE
VIC1,2026/08/10 22:05:00,6355.07,80.50,TRADE
VIC1,2026/08/10 22:10:00,6408.84,81.18,TRADE
VIC1,2026/08/10 22:15:00,6381.12,85.20,TRADE
VIC1,2026/08/10 22:20:00,6312.21,80.50,TRADE
VIC1,2026/08/10 22:25:00,6300.13,67.42,TRADE
VIC1,2026/08/10 22:30:00,6242.04,68.33,TRADE
VIC1,2026/08/10 22:35:00,6197.59,71.35,TRADE
VIC1,2026/08/10 22:40:00,6164.96,71.39,TRADE
VIC1,2026/08/10 22:45:00,6040.86,71.01,TRADE
VIC1,2026/08/10 22:50:00,6016.13,66.53,TRADE
VIC1,2026/08/10 22:55:00,6037.55,69.11,TRADE
VIC1,2026/08/10 23:00:00,6035.7,69.59,TRADE
VIC1,2026/08/10 23:05:00,6007.27,69.37,TRADE
VIC1,2026/08/10 23:10:00,6102.58,76.22,TRADE
VIC1,2026/08/10 23:15:00,6129.49,80.61,TRADE
VIC1,2026/08/10 23:20:00,6088.97,73,TRADE
VIC1,2026/08/10 23:25:00,5962.86,63.77,TRADE
VIC1,2026/08/10 23:30:00,5941.45,67.19,TRADE
VIC1,2026/08/10 23:35:00,6016.51,73.51,TRADE
VIC1,2026/08/10 23:40:00,5954.23,72.71,TRADE
VIC1,2026/08/10 23:45:00,5847.62,67.74,TRADE
VIC1,2026/08/10 23:50:00,5869.02,72.77,TRADE
VIC1,2026/08/10 23:55:00,5861.92,64.32,TRADE
VIC1,2026/08/11 00:00:00,5818.69,58.51,TRADE
