REGION,SETTLEMENTDATE,TOTALDEMAND,RRP,PERIODTYPE
VIC1,2026/07/01 00:05:00,5467.33,8.92,TRADE
VIC1,2026/07/01 00:10:00,5469,10.48,TRADE
VIC1,2026/07/01 00:15:00,5456.64,24.63,TRADE
VIC1,2026/07/01 00:20:00,5462.64,20.61,TRADE
VIC1,2026/07/01 00:25:00,5409.9,9.71,TRADE
VIC1,2026/07/01 00:30:00,5405.47,8.92,TRADE
VIC1,2026/07/01 00:35:00,5379.33,10.63,TRADE
VIC1,2026/07/01 00:40:00,5313.1,10.48,TRADE
VIC1,2026/07/01 00:45:00,5268.01,20.71,TRADE
VIC1,2026/07/01 00:50:00,5182.78,9.72,TRADE
VIC1,2026/07/01 00:55:00,5167.18,10.48,TRADE
VIC1,2026/07/01 01:00:00,5127.62,10.48,TRADE
VIC1,2026/07/01 01:05:00,5159.64,27.14,TRADE
VIC1,2026/07/01 01:10:00,5057.01,10.48,TRADE
VIC1,2026/07/01 01:15:00,5109,0,TRADE
VIC1,2026/07/01 01:20:00,5099.69,8.92,TRADE
VIC1,2026/07/01 01:25:00,5067.66,10.48,TRADE
VIC1,2026/07/01 01:30:00,5028.09,20.61,TRADE
VIC1,2026/07/01 01:35:00,5027.86,11.64,TRADE
VIC1,2026/07/01 01:40:00,5019.8,20.61,TRADE
VIC1,2026/07/01 01:45:00,4944.97,0,TRADE
VIC1,2026/07/01 01:50:00,4923.3,0,TRADE
VIC1,2026/07/01 01:55:00,4920.82,9.56,TRADE
VIC1,2026/07/01 02:00:00,4933.18,8.92,TRADE
VIC1,2026/07/01 02:05:00,4883.49,11.50,TRADE
VIC1,2026/07/01 02:10:00,4863.44,10.48,TRADE
VIC1,2026/07/01 02:15:00,4868.74,9.78,TRADE
VIC1,2026/07/01 02:20:00,4870.38,10.48,TRADE
VIC1,2026/07/01 02:25:00,4747.68,25.71,TRADE
VIC1,2026/07/01 02:30:00,4745.12,26.63,TRADE
VIC1,2026/07/01 02:35:00,4695.23,0,TRADE
VIC1,2026/07/01 02:40:00,4768.94,8.92,TRADE
VIC1,2026/07/01 02:45:00,4771.25,8.92,TRADE
VIC1,2026/07/01 02:50:00,4711.91,9.62,TRADE
VIC1,2026/07/01 02:55:00,4708.94,8.81,TRADE
VIC1,2026/07/01 03:00:00,4689.27,0,TRADE
VIC1,2026/07/01 03:05:00,4659.07,1.93,TRADE
VIC1,2026/07/01 03:10:00,4593.83,8.81,TRADE
VIC1,2026/07/01 03:15:00,4584.02,0.17,TRADE
VIC1,2026/07/01 03:20:00,4630.84,10.48,TRADE
VIC1,2026/07/01 03:25:00,4657.77,8.81,TRADE
VIC1,2026/07/01 03:30:00,4632.2,0,TRADE
VIC1,2026/07/01 03:35:00,4590.87,0.30,TRADE
VIC1,2026/07/01 03:40:00,4594.81,0,TRADE
VIC1,2026/07/01 03:45:00,4585.52,0,TRADE
VIC1,2026/07/01 03:50:00,4483.44,0,TRADE
VIC1,2026/07/01 03:55:00,4514.68,-0.05,TRADE
VIC1,2026/07/01 04:00:00,4496.21,0,TRADE
VIC1,2026/07/01 04:05:00,4562.21,0,TRADE
VIC1,2026/07/01 04:10:00,4634.68,0,TRADE
VIC1,2026/07/01 04:15:00,4623.3,0,TRADE
VIC1,2026/07/01 04:20:00,4595.12,0,TRADE
VIC1,2026/07/01 04:25:00,4630.26,0,TRADE
VIC1,2026/07/01 04:30:00,4646.19,0,TRADE
VIC1,2026/07/01 04:35:00,4689.22,0,TRADE
VIC1,2026/07/01 04:40:00,4648.03,-0.05,TRADE
VIC1,2026/07/01 04:45:00,4627.27,0,TRADE
VIC1,2026/07/01 04:50:00,4647.03,0,TRADE
VIC1,2026/07/01 04:55:00,4688.45,0,TRADE
VIC1,2026/07/01 05:00:00,4691.87,-0.05,TRADE
VIC1,2026/07/01 05:05:00,4692.33,0,TRADE
VIC1,2026/07/01 05:10:00,4744.47,-0.05,TRADE
VIC1,2026/07/01 05:15:00,4813.98,0,TRADE
VIC1,2026/07/01 05:20:00,4812.63,8.32,TRADE
VIC1,2026/07/01 05:25:00,4850.81,8.59,TRADE
VIC1,2026/07/01 05:30:00,4898.28,5.08,TRADE
VIC1,2026/07/01 05:35:00,4931.01,0,TRADE
VIC1,2026/07/01 05:40:00,4953.62,0,TRADE
VIC1,2026/07/01 05:45:00,4967.12,0,TRADE
VIC1,2026/07/01 05:50:00,4999.88,0,TRADE
VIC1,2026/07/01 05:55:00,5022.98,0,TRADE
VIC1,2026/07/01 06:00:00,5073.9,8.59,TRADE
VIC1,2026/07/01 06:05:00,5153.15,9.76,TRADE
VIC1,2026/07/01 06:10:00,5314.41,10.50,TRADE
VIC1,2026/07/01 06:15:00,5413.31,10.50,TRADE
VIC1,2026/07/01 06:20:00,5433.91,10.50,TRADE
VIC1,2026/07/01 06:25:00,5498.53,10.50,TRADE
VIC1,2026/07/01 06:30:00,5537.83,8.94,TRADE
VIC1,2026/07/01 06:35:00,5611.96,5.08,TRADE
VIC1,2026/07/01 06:40:00,5718.47,5.08,TRADE
VIC1,2026/07/01 06:45:00,5774.68,5.08,TRADE
VIC1,2026/07/01 06:50:00,5833.1,8.94,TRADE
VIC1,2026/07/01 06:55:00,5918.39,10.25,TRADE
VIC1,2026/07/01 07:00:00,6121.27,56.67,TRADE
VIC1,2026/07/01 07:05:00,6199.67,56.36,TRADE
VIC1,2026/07/01 07:10:00,6252.13,18.13,TRADE
VIC1,2026/07/01 07:15:00,6355.23,37.69,TRADE
VIC1,2026/07/01 07:20:00,6454.45,37.69,TRADE
VIC1,2026/07/01 07:25:00,6477.26,37.69,TRADE
VIC1,2026/07/01 07:30:00,6567.01,37.69,TRADE
VIC1,2026/07/01 07:35:00,6612.43,37.69,TRADE
VIC1,2026/07/01 07:40:00,6666.85,12.03,TRADE
VIC1,2026/07/01 07:45:00,6724.02,10.96,TRADE
VIC1,2026/07/01 07:50:00,6757.5,10.50,TRADE
VIC1,2026/07/01 07:55:00,6813.29,12.21,TRADE
VIC1,2026/07/01 08:00:00,6830.6,44.36,TRADE
VIC1,2026/07/01 08:05:00,6828.03,37.69,TRADE
VIC1,2026/07/01 08:10:00,6904.17,10.50,TRADE
VIC1,2026/07/01 08:15:00,6931.79,10.50,TRADE
VIC1,2026/07/01 08:20:00,6961.35,10.50,TRADE
VIC1,2026/07/01 08:25:00,6959.39,10.50,TRADE
VIC1,2026/07/01 08:30:00,6930.54,10.50,TRADE
VIC1,2026/07/01 08:35:00,6863.8,8.38,TRADE
VIC1,2026/07/01 08:40:00,6907.02,10.50,TRADE
VIC1,2026/07/01 08:45:00,6931.85,37.69,TRADE
VIC1,2026/07/01 08:50:00,6939.61,37.69,TRADE
VIC1,2026/07/01 08:55:00,6902.17,10.65,TRADE
VIC1,2026/07/01 09:00:00,6877.75,8.68,TRADE
VIC1,2026/07/01 09:05:00,6820.78,8.94,TRADE
VIC1,2026/07/01 09:10:00,6806.75,8.94,TRADE
VIC1,2026/07/01 09:15:00,6793.56,11.64,TRADE
VIC1,2026/07/01 09:20:00,6747.87,10.50,TRADE
VIC1,2026/07/01 09:25:00,6648.42,8.94,TRADE
VIC1,2026/07/01 09:30:00,6636.61,10.50,TRADE
VIC1,2026/07/01 09:35:00,6579.9,10.50,TRADE
VIC1,2026/07/01 09:40:00,6550.28,9.58,TRADE
VIC1,2026/07/01 09:45:00,6464.22,8.94,TRADE
VIC1,2026/07/01 09:50:00,6404.53,10.50,TRADE
VIC1,2026/07/01 09:55:00,6310.54,10.50,TRADE
VIC1,2026/07/01 10:00:00,6289.21,10.50,TRADE
VIC1,2026/07/01 10:05:00,6196.34,11.68,TRADE
VIC1,2026/07/01 10:10:00,6218.7,10.50,TRADE
VIC1,2026/07/01 10:15:00,6123.97,8.94,TRADE
VIC1,2026/07/01 10:20:00,6054.05,8.94,TRADE
VIC1,2026/07/01 10:25:00,5950.99,5.08,TRADE
VIC1,2026/07/01 10:30:00,5884.4,5.08,TRADE
VIC1,2026/07/01 10:35:00,5830.55,10.50,TRADE
VIC1,2026/07/01 10:40:00,5818.82,10.50,TRADE
VIC1,2026/07/01 10:45:00,5778.46,8.95,TRADE
VIC1,2026/07/01 10:50:00,5726.05,10.50,TRADE
VIC1,2026/07/01 10:55:00,5663.57,8.94,TRADE
VIC1,2026/07/01 11:00:00,5613.03,10.50,TRADE
VIC1,2026/07/01 11:05:00,5574.23,10.65,TRADE
VIC1,2026/07/01 11:10:00,5695.22,10.50,TRADE
VIC1,2026/07/01 11:15:00,5705.83,10.50,TRADE
VIC1,2026/07/01 11:20:00,5677.03,10.50,TRADE
VIC1,2026/07/01 11:25:00,5628.39,8.94,TRADE
VIC1,2026/07/01 11:30:00,5597.26,8.94,TRADE
VIC1,2026/07/01 11:35:00,5545.96,10.50,TRADE
VIC1,2026/07/01 11:40:00,5528.75,8.97,TRADE
VIC1,2026/07/01 11:45:00,5476.42,8.97,TRADE
VIC1,2026/07/01 11:50:00,5464.29,10.50,TRADE
VIC1,2026/07/01 11:55:00,5424.89,8.94,TRADE
VIC1,2026/07/01 12:00:00,5416.37,9.01,TRADE
VIC1,2026/07/01 12:05:00,5396.28,8.94,TRADE
VIC1,2026/07/01 12:10:00,5395.41,10.50,TRADE
VIC1,2026/07/01 12:15:00,5402.46,10.50,TRADE
VIC1,2026/07/01 12:20:00,5408.7,8.82,TRADE
VIC1,2026/07/01 12:25:00,5463.63,10.50,TRADE
VIC1,2026/07/01 12:30:00,5426.44,10.50,TRADE
VIC1,2026/07/01 12:35:00,5525.81,10.69,TRADE
VIC1,2026/07/01 12:40:00,5577.12,37.69,TRADE
VIC1,2026/07/01 12:45:00,5582.75,37.69,TRADE
VIC1,2026/07/01 12:50:00,5614.27,10.65,TRADE
VIC1,2026/07/01 12:55:00,5636.68,10.50,TRADE
VIC1,2026/07/01 13:00:00,5640.15,10.50,TRADE
VIC1,2026/07/01 13:05:00,5714.32,10.67,TRADE
VIC1,2026/07/01 13:10:00,5780.01,15.01,TRADE
VIC1,2026/07/01 13:15:00,5852.61,10.67,TRADE
VIC1,2026/07/01 13:20:00,5986.95,10.50,TRADE
VIC1,2026/07/01 13:25:00,6037.2,10.50,TRADE
VIC1,2026/07/01 13:30:00,6121.21,8.96,TRADE
VIC1,2026/07/01 13:35:00,6119.09,10.50,TRADE
VIC1,2026/07/01 13:40:00,6190.93,8.94,TRADE
VIC1,2026/07/01 13:45:00,6239.09,10.50,TRADE
VIC1,2026/07/01 13:50:00,6334.25,10.50,TRADE
VIC1,2026/07/01 13:55:00,6317.57,10.50,TRADE
VIC1,2026/07/01 14:00:00,6331.08,10.50,TRADE
VIC1,2026/07/01 14:05:00,6313.84,10.50,TRADE
VIC1,2026/07/01 14:10:00,6258.57,8.94,TRADE
VIC1,2026/07/01 14:15:00,6254.91,-0.05,TRADE
VIC1,2026/07/01 14:20:00,6339.51,8.94,TRADE
VIC1,2026/07/01 14:25:00,6386.46,16.30,TRADE
VIC1,2026/07/01 14:30:00,6390.37,10.13,TRADE
VIC1,2026/07/01 14:35:00,6392.27,10.50,TRADE
VIC1,2026/07/01 14:40:00,6427.2,10.67,TRADE
VIC1,2026/07/01 14:45:00,6448.61,10.50,TRADE
VIC1,2026/07/01 14:50:00,6488.4,8.94,TRADE
VIC1,2026/07/01 14:55:00,6536.42,10.67,TRADE
VIC1,2026/07/01 15:00:00,6572.49,10.50,TRADE
VIC1,2026/07/01 15:05:00,6558.05,10.50,TRADE
VIC1,2026/07/01 15:10:00,6538.68,8.68,TRADE
VIC1,2026/07/01 15:15:00,6529.07,8.94,TRADE
VIC1,2026/07/01 15:20:00,6540.08,8.94,TRADE
VIC1,2026/07/01 15:25:00,6535.74,8.94,TRADE
VIC1,2026/07/01 15:30:00,6550.46,8.94,TRADE
VIC1,2026/07/01 15:35:00,6570.75,8.94,TRADE
VIC1,2026/07/01 15:40:00,6595.47,-0.05,TRADE
VIC1,2026/07/01 15:45:00,6603.3,-0.05,TRADE
VIC1,2026/07/01 15:50:00,6648.66,0.01,TRADE
VIC1,2026/07/01 15:55:00,6675.92,8.10,TRADE
VIC1,2026/07/01 16:00:00,6678.5,21.11,TRADE
VIC1,2026/07/01 16:05:00,6817.32,37.69,TRADE
VIC1,2026/07/01 16:10:00,6796.06,8.94,TRADE
VIC1,2026/07/01 16:15:00,6765.9,8.94,TRADE
VIC1,2026/07/01 16:20:00,6833.12,10.50,TRADE
VIC1,2026/07/01 16:25:00,6859.86,15,TRADE
VIC1,2026/07/01 16:30:00,6919.05,37.69,TRADE
VIC1,2026/07/01 16:35:00,6954.91,37.69,TRADE
VIC1,2026/07/01 16:40:00,6999.86,37.69,TRADE
VIC1,2026/07/01 16:45:00,7019.22,37.69,TRADE
VIC1,2026/07/01 16:50:00,7091.12,37.69,TRADE
VIC1,2026/07/01 16:55:00,7125.97,37.69,TRADE
VIC1,2026/07/01 17:00:00,7159.88,37.69,TRADE
VIC1,2026/07/01 17:05:00,7178.35,37.69,TRADE
VIC1,2026/07/01 17:10:00,7187.58,37.69,TRADE
VIC1,2026/07/01 17:15:00,7231.77,38.71,TRADE
VIC1,2026/07/01 17:20:00,7334.7,50.10,TRADE
VIC1,2026/07/01 17:25:00,7367.46,72.53,TRADE
VIC1,2026/07/01 17:30:00,7346.72,50.06,TRADE
VIC1,2026/07/01 17:35:00,7456.43,56.77,TRADE
VIC1,2026/07/01 17:40:00,7466.05,62.85,TRADE
VIC1,2026/07/01 17:45:00,7441.22,63.69,TRADE
VIC1,2026/07/01 17:50:00,7457,59.59,TRADE
VIC1,2026/07/01 17:55:00,7453.79,50.26,TRADE
VIC1,2026/07/01 18:00:00,7514.09,46.02,TRADE
VIC1,2026/07/01 18:05:00,7475.77,43.57,TRADE
VIC1,2026/07/01 18:10:00,7434.4,43.57,TRADE
VIC1,2026/07/01 18:15:00,7417.62,56.67,TRADE
VIC1,2026/07/01 18:20:00,7318.35,58.83,TRADE
VIC1,2026/07/01 18:25:00,7295.86,63.69,TRADE
VIC1,2026/07/01 18:30:00,7292.23,57.44,TRADE
VIC1,2026/07/01 18:35:00,7273.1,63.69,TRADE
VIC1,2026/07/01 18:40:00,7211.73,63.69,TRADE
VIC1,2026/07/01 18:45:00,7149.42,50.72,TRADE
VIC1,2026/07/01 18:50:00,7134.86,48.84,TRADE
VIC1,2026/07/01 18:55:00,7118.94,49.44,TRADE
VIC1,2026/07/01 19:00:00,7077.44,49.39,TRADE
VIC1,2026/07/01 19:05:00,7080.31,119.40,TRADE
VIC1,2026/07/01 19:10:00,7025.75,101.81,TRADE
VIC1,2026/07/01 19:15:00,6981.16,119.41,TRADE
VIC1,2026/07/01 19:20:00,6917.68,153.23,TRADE
VIC1,2026/07/01 19:25:00,6925.92,113.44,TRADE
VIC1,2026/07/01 19:30:00,6874.17,72.44,TRADE
VIC1,2026/07/01 19:35:00,6888.64,25.37,TRADE
VIC1,2026/07/01 19:40:00,6882.72,20.68,TRADE
VIC1,2026/07/01 19:45:00,6883.3,10.65,TRADE
VIC1,2026/07/01 19:50:00,6870.06,11.44,TRADE
VIC1,2026/07/01 19:55:00,6834.36,37.69,TRADE
VIC1,2026/07/01 20:00:00,6875.29,37.69,TRADE
VIC1,2026/07/01 20:05:00,6852.77,37.73,TRADE
VIC1,2026/07/01 20:10:00,6854.07,10.65,TRADE
VIC1,2026/07/01 20:15:00,6822.26,10.50,TRADE
VIC1,2026/07/01 20:20:00,6824.35,10.50,TRADE
VIC1,2026/07/01 20:25:00,6763.67,-2.50,TRADE
VIC1,2026/07/01 20:30:00,6750.57,-0.05,TRADE
VIC1,2026/07/01 20:35:00,6712.82,0,TRADE
VIC1,2026/07/01 20:40:00,6663.53,-0.05,TRADE
VIC1,2026/07/01 20:45:00,6613.63,0,TRADE
VIC1,2026/07/01 20:50:00,6541.27,-0.05,TRADE
VIC1,2026/07/01 20:55:00,6465.6,0,TRADE
VIC1,2026/07/01 21:00:00,6489.25,0,TRADE
VIC1,2026/07/01 21:05:00,6438.05,0,TRADE
VIC1,2026/07/01 21:10:00,6354.19,5.10,TRADE
VIC1,2026/07/01 21:15:00,6403.34,0,TRADE
VIC1,2026/07/01 21:20:00,6307.6,-0.05,TRADE
VIC1,2026/07/01 21:25:00,6204.22,-0.05,TRADE
VIC1,2026/07/01 21:30:00,6171.58,-0.05,TRADE
VIC1,2026/07/01 21:35:00,6129.74,-0.05,TRADE
VIC1,2026/07/01 21:40:00,6157.24,-0.05,TRADE
VIC1,2026/07/01 21:45:00,6129.5,-0.05,TRADE
VIC1,2026/07/01 21:50:00,6035.62,-0.10,TRADE
VIC1,2026/07/01 21:55:00,5973.94,-0.10,TRADE
VIC1,2026/07/01 22:00:00,6008.62,-0.10,TRADE
VIC1,2026/07/01 22:05:00,5986.1,-0.05,TRADE
VIC1,2026/07/01 22:10:00,5893.14,-0.10,TRADE
VIC1,2026/07/01 22:15:00,5921.96,-0.10,TRADE
VIC1,2026/07/01 22:20:00,5868.92,-0.10,TRADE
VIC1,2026/07/01 22:25:00,5892.47,-0.10,TRADE
VIC1,2026/07/01 22:30:00,5855.49,-0.10,TRADE
VIC1,2026/07/01 22:35:00,5726.69,-1.04,TRADE
VIC1,2026/07/01 22:40:00,5707.95,-0.99,TRADE
VIC1,2026/07/01 22:45:00,5741.29,-0.10,TRADE
VIC1,2026/07/01 22:50:00,5690.53,-0.10,TRADE
VIC1,2026/07/01 22:55:00,5634.89,-0.10,TRADE
VIC1,2026/07/01 23:00:00,5612.63,-1.01,TRADE
VIC1,2026/07/01 23:05:00,5649.86,-1.09,TRADE
VIC1,2026/07/01 23:10:00,5689.17,-0.10,TRADE
VIC1,2026/07/01 23:15:00,5721.42,-0.10,TRADE
VIC1,2026/07/01 23:20:00,5623.92,-2.50,TRADE
VIC1,2026/07/01 23:25:00,5624.69,-2.99,TRADE
VIC1,2026/07/01 23:30:00,5666.02,-2.50,TRADE
VIC1,2026/07/01 23:35:00,5610.82,-1,TRADE
VIC1,2026/07/01 23:40:00,5578.54,-0.10,TRADE
VIC1,2026/07/01 23:45:00,5532.38,-1.02,TRADE
VIC1,2026/07/01 23:50:00,5483.16,-2.50,TRADE
VIC1,2026/07/01 23:55:00,5480.45,-2.50,TRADE
VIC1,2026/07/02 00:00:00,5416.69,-2.50,TRADE
VIC1,2026/07/02 00:05:00,5395.55,-1,TRADE
VIC1,2026/07/02 00:10:00,5356.94,-1.09,TRADE
VIC1,2026/07/02 00:15:00,5397.71,-1.02,TRADE
VIC1,2026/07/02 00:20:00,5386.68,-0.10,TRADE
VIC1,2026/07/02 00:25:00,5304.16,-2.50,TRADE
VIC1,2026/07/02 00:30:00,5280.55,-2.99,TRADE
VIC1,2026/07/02 00:35:00,5263.56,-2.99,TRADE
VIC1,2026/07/02 00:40:00,5240.85,-4.67,TRADE
VIC1,2026/07/02 00:45:00,5121.94,-6.51,TRADE
VIC1,2026/07/02 00:50:00,5101.31,-4.67,TRADE
VIC1,2026/07/02 00:55:00,5137.35,-2.81,TRADE
VIC1,2026/07/02 01:00:00,5098.72,-2.99,TRADE
VIC1,2026/07/02 01:05:00,5087.18,-6.15,TRADE
VIC1,2026/07/02 01:10:00,5046,-6.51,TRADE
VIC1,2026/07/02 01:15:00,5044.82,-6.51,TRADE
VIC1,2026/07/02 01:20:00,5019.78,-6.60,TRADE
VIC1,2026/07/02 01:25:00,4987.23,-6.60,TRADE
VIC1,2026/07/02 01:30:00,4911.08,-6.77,TRADE
VIC1,2026/07/02 01:35:00,4928.17,-6.60,TRADE
VIC1,2026/07/02 01:40:00,4917.62,-6.60,TRADE
VIC1,2026/07/02 01:45:00,4821.04,-6.60,TRADE
VIC1,2026/07/02 01:50:00,4874.7,-6.51,TRADE
VIC1,2026/07/02 01:55:00,4786.58,-6.60,TRADE
VIC1,2026/07/02 02:00:00,4837.71,-6.60,TRADE
VIC1,2026/07/02 02:05:00,4800,-4.67,TRADE
VIC1,2026/07/02 02:10:00,4806.54,-6.51,TRADE
VIC1,2026/07/02 02:15:00,4700.8,-6.51,TRADE
VIC1,2026/07/02 02:20:00,4674.13,-6.60,TRADE
VIC1,2026/07/02 02:25:00,4649.83,-6.51,TRADE
VIC1,2026/07/02 02:30:00,4658.52,-4.78,TRADE
VIC1,2026/07/02 02:35:00,4699.95,-6.51,TRADE
VIC1,2026/07/02 02:40:00,4682.01,-6.51,TRADE
VIC1,2026/07/02 02:45:00,4640.39,-6.60,TRADE
VIC1,2026/07/02 02:50:00,4634.75,-11.28,TRADE
VIC1,2026/07/02 02:55:00,4651.4,-6.98,TRADE
VIC1,2026/07/02 03:00:00,4655.07,-6.60,TRADE
VIC1,2026/07/02 03:05:00,4607.06,-6.60,TRADE
VIC1,2026/07/02 03:10:00,4586.5,-6.78,TRADE
VIC1,2026/07/02 03:15:00,4567.43,-6.60,TRADE
VIC1,2026/07/02 03:20:00,4556.21,-6.91,TRADE
VIC1,2026/07/02 03:25:00,4535.95,-6.60,TRADE
VIC1,2026/07/02 03:30:00,4604.88,-6.51,TRADE
VIC1,2026/07/02 03:35:00,4609.54,-6.51,TRADE
VIC1,2026/07/02 03:40:00,4611.45,-6.58,TRADE
VIC1,2026/07/02 03:45:00,4536.89,-6.73,TRADE
VIC1,2026/07/02 03:50:00,4617.29,-6.76,TRADE
VIC1,2026/07/02 03:55:00,4622.35,-6.78,TRADE
VIC1,2026/07/02 04:00:00,4627.57,-7.74,TRADE
VIC1,2026/07/02 04:05:00,4641.48,-7.06,TRADE
VIC1,2026/07/02 04:10:00,4596.29,-6.60,TRADE
VIC1,2026/07/02 04:15:00,4635.69,-6.60,TRADE
VIC1,2026/07/02 04:20:00,4609.72,-8.07,TRADE
VIC1,2026/07/02 04:25:00,4558.09,-7,TRADE
VIC1,2026/07/02 04:30:00,4615.54,-6.60,TRADE
VIC1,2026/07/02 04:35:00,4639.38,-11,TRADE
VIC1,2026/07/02 04:40:00,4653.84,-7.74,TRADE
VIC1,2026/07/02 04:45:00,4676.59,-6.84,TRADE
VIC1,2026/07/02 04:50:00,4503.92,-12.75,TRADE
VIC1,2026/07/02 04:55:00,4605.32,-6.89,TRADE
VIC1,2026/07/02 05:00:00,4587.11,-7.74,TRADE
VIC1,2026/07/02 05:05:00,4675.91,-6.60,TRADE
VIC1,2026/07/02 05:10:00,4727.97,-6.60,TRADE
VIC1,2026/07/02 05:15:00,4865.36,-6.84,TRADE
VIC1,2026/07/02 05:20:00,4813.35,-6.86,TRADE
VIC1,2026/07/02 05:25:00,4968.06,-7,TRADE
VIC1,2026/07/02 05:30:00,4990.58,-6.92,TRADE
VIC1,2026/07/02 05:35:00,5011.76,-7,TRADE
VIC1,2026/07/02 05:40:00,5122.69,-6.60,TRADE
VIC1,2026/07/02 05:45:00,5110.62,-6.98,TRADE
VIC1,2026/07/02 05:50:00,5082.12,-6.94,TRADE
VIC1,2026/07/02 05:55:00,5205.94,-6.60,TRADE
VIC1,2026/07/02 06:00:00,5205.05,-6.51,TRADE
VIC1,2026/07/02 06:05:00,5322.69,-6.60,TRADE
VIC1,2026/07/02 06:10:00,5460.41,-6.60,TRADE
VIC1,2026/07/02 06:15:00,5512.72,-6.51,TRADE
VIC1,2026/07/02 06:20:00,5582.51,-6.51,TRADE
VIC1,2026/07/02 06:25:00,5680.52,-6.51,TRADE
VIC1,2026/07/02 06:30:00,5775.5,-6.51,TRADE
VIC1,2026/07/02 06:35:00,5728.54,-6.51,TRADE
VIC1,2026/07/02 06:40:00,5861.14,-6.51,TRADE
VIC1,2026/07/02 06:45:00,5912.46,-6.51,TRADE
VIC1,2026/07/02 06:50:00,5983.2,-6.51,TRADE
VIC1,2026/07/02 06:55:00,6058.73,-2.99,TRADE
VIC1,2026/07/02 07:00:00,6177.16,-2.99,TRADE
VIC1,2026/07/02 07:05:00,6244.99,-2.99,TRADE
VIC1,2026/07/02 07:10:00,6337.85,-1.15,TRADE
VIC1,2026/07/02 07:15:00,6435.91,-1.15,TRADE
VIC1,2026/07/02 07:20:00,6559.05,-1.15,TRADE
VIC1,2026/07/02 07:25:00,6511.33,-1.15,TRADE
VIC1,2026/07/02 07:30:00,6555.24,-6.51,TRADE
VIC1,2026/07/02 07:35:00,6591.2,-6.51,TRADE
VIC1,2026/07/02 07:40:00,6642.38,-2.99,TRADE
VIC1,2026/07/02 07:45:00,6724.24,-1.15,TRADE
VIC1,2026/07/02 07:50:00,6696.26,-1.15,TRADE
VIC1,2026/07/02 07:55:00,6798.25,-1.15,TRADE
VIC1,2026/07/02 08:00:00,6842.72,-1.15,TRADE
VIC1,2026/07/02 08:05:00,6868.64,2.54,TRADE
VIC1,2026/07/02 08:10:00,6862.88,5.92,TRADE
VIC1,2026/07/02 08:15:00,6916.5,7.52,TRADE
VIC1,2026/07/02 08:20:00,6882.01,10.50,TRADE
VIC1,2026/07/02 08:25:00,6959.82,10.65,TRADE
VIC1,2026/07/02 08:30:00,6988.64,10.50,TRADE
VIC1,2026/07/02 08:35:00,6994.82,8.80,TRADE
VIC1,2026/07/02 08:40:00,7067.75,8.94,TRADE
VIC1,2026/07/02 08:45:00,7032.62,45.91,TRADE
VIC1,2026/07/02 08:50:00,7011.77,46.50,TRADE
VIC1,2026/07/02 08:55:00,7142.83,56.67,TRADE
VIC1,2026/07/02 09:00:00,7201.36,10.50,TRADE
VIC1,2026/07/02 09:05:00,7104.07,-4.67,TRADE
VIC1,2026/07/02 09:10:00,7176.17,10.50,TRADE
VIC1,2026/07/02 09:15:00,7136.74,10.50,TRADE
VIC1,2026/07/02 09:20:00,7127.67,10.50,TRADE
VIC1,2026/07/02 09:25:00,7109.28,10.65,TRADE
VIC1,2026/07/02 09:30:00,7119.77,7.95,TRADE
VIC1,2026/07/02 09:35:00,7037.78,5.08,TRADE
VIC1,2026/07/02 09:40:00,7004.27,-1.15,TRADE
VIC1,2026/07/02 09:45:00,6985.02,5.08,TRADE
VIC1,2026/07/02 09:50:00,6894.29,-6.75,TRADE
VIC1,2026/07/02 09:55:00,6910.97,-1.15,TRADE
VIC1,2026/07/02 10:00:00,6828.57,-1.15,TRADE
VIC1,2026/07/02 10:05:00,6867.2,-1.10,TRADE
VIC1,2026/07/02 10:10:00,6906.71,0,TRADE
VIC1,2026/07/02 10:15:00,6898.51,-1.15,TRADE
VIC1,2026/07/02 10:20:00,6930.23,-1.15,TRADE
VIC1,2026/07/02 10:25:00,6816.61,-1.15,TRADE
VIC1,2026/07/02 10:30:00,6792.83,-1.15,TRADE
VIC1,2026/07/02 10:35:00,6835.53,-1.10,TRADE
VIC1,2026/07/02 10:40:00,6849.48,0,TRADE
VIC1,2026/07/02 10:45:00,6846.28,-1.15,TRADE
VIC1,2026/07/02 10:50:00,6895.81,-1.15,TRADE
VIC1,2026/07/02 10:55:00,6852.69,-1.15,TRADE
VIC1,2026/07/02 11:00:00,6842.13,-1.15,TRADE
VIC1,2026/07/02 11:05:00,6800.14,-5,TRADE
VIC1,2026/07/02 11:10:00,7035.88,0.01,TRADE
VIC1,2026/07/02 11:15:00,7063.51,6.27,TRADE
VIC1,2026/07/02 11:20:00,7067.78,5.08,TRADE
VIC1,2026/07/02 11:25:00,7099.97,10.50,TRADE
VIC1,2026/07/02 11:30:00,7091.12,20.92,TRADE
VIC1,2026/07/02 11:35:00,7043.33,-24.88,TRADE
VIC1,2026/07/02 11:40:00,7119.54,10.50,TRADE
VIC1,2026/07/02 11:45:00,7078.72,8.94,TRADE
VIC1,2026/07/02 11:50:00,7063.83,10.50,TRADE
VIC1,2026/07/02 11:55:00,6967.23,-13.99,TRADE
VIC1,2026/07/02 12:00:00,7010.13,-2.99,TRADE
VIC1,2026/07/02 12:05:00,7017.44,5.08,TRADE
VIC1,2026/07/02 12:10:00,7092.34,10.65,TRADE
VIC1,2026/07/02 12:15:00,7087.11,79.72,TRADE
VIC1,2026/07/02 12:20:00,7143.63,10.50,TRADE
VIC1,2026/07/02 12:25:00,7200.13,10.50,TRADE
VIC1,2026/07/02 12:30:00,7078.58,79.72,TRADE
VIC1,2026/07/02 12:35:00,7165.82,10.65,TRADE
VIC1,2026/07/02 12:40:00,7143.06,-6.80,TRADE
VIC1,2026/07/02 12:45:00,7217.34,10.50,TRADE
VIC1,2026/07/02 12:50:00,7291.67,10.50,TRADE
VIC1,2026/07/02 12:55:00,7280.32,83.66,TRADE
VIC1,2026/07/02 13:00:00,7186.15,10.65,TRADE
VIC1,2026/07/02 13:05:00,7256.45,8.94,TRADE
VIC1,2026/07/02 13:10:00,7318.05,10.50,TRADE
VIC1,2026/07/02 13:15:00,7344.6,10.50,TRADE
VIC1,2026/07/02 13:20:00,7333.91,10.50,TRADE
VIC1,2026/07/02 13:25:00,7195.91,-7.74,TRADE
VIC1,2026/07/02 13:30:00,7161.02,-3.07,TRADE
VIC1,2026/07/02 13:35:00,7129.54,-5.58,TRADE
VIC1,2026/07/02 13:40:00,7129.81,-5,TRADE
VIC1,2026/07/02 13:45:00,7013.38,-1.15,TRADE
VIC1,2026/07/02 13:50:00,6992.86,-5,TRADE
VIC1,2026/07/02 13:55:00,7016.89,-1.15,TRADE
VIC1,2026/07/02 14:00:00,7003.87,-1.15,TRADE
VIC1,2026/07/02 14:05:00,6949.02,-6.51,TRADE
VIC1,2026/07/02 14:10:00,6862.13,-5,TRADE
VIC1,2026/07/02 14:15:00,6809.65,-5,TRADE
VIC1,2026/07/02 14:20:00,6867.33,-5.39,TRADE
VIC1,2026/07/02 14:25:00,6905.04,-5.25,TRADE
VIC1,2026/07/02 14:30:00,6909.49,-6.51,TRADE
VIC1,2026/07/02 14:35:00,6927.34,-7.14,TRADE
VIC1,2026/07/02 14:40:00,6963.41,-7.23,TRADE
VIC1,2026/07/02 14:45:00,6990.02,-6.51,TRADE
VIC1,2026/07/02 14:50:00,6955.09,-6.60,TRADE
VIC1,2026/07/02 14:55:00,7003.45,-5,TRADE
VIC1,2026/07/02 15:00:00,6982.65,-1.11,TRADE
VIC1,2026/07/02 15:05:00,7061.34,-0.33,TRADE
VIC1,2026/07/02 15:10:00,6997.51,-3.33,TRADE
VIC1,2026/07/02 15:15:00,7111.66,-2.72,TRADE
VIC1,2026/07/02 15:20:00,7125.4,0,TRADE
VIC1,2026/07/02 15:25:00,7104.92,0,TRADE
VIC1,2026/07/02 15:30:00,7164.26,10.50,TRADE
VIC1,2026/07/02 15:35:00,7155.72,10.50,TRADE
VIC1,2026/07/02 15:40:00,7242.3,0,TRADE
VIC1,2026/07/02 15:45:00,7343.98,10.50,TRADE
VIC1,2026/07/02 15:50:00,7408.12,48.85,TRADE
VIC1,2026/07/02 15:55:00,7479.47,62.69,TRADE
VIC1,2026/07/02 16:00:00,7485.99,110.34,TRADE
VIC1,2026/07/02 16:05:00,7512.25,56.76,TRADE
VIC1,2026/07/02 16:10:00,7567.01,35.31,TRADE
VIC1,2026/07/02 16:15:00,7568.17,32.73,TRADE
VIC1,2026/07/02 16:20:00,7624.8,50.39,TRADE
VIC1,2026/07/02 16:25:00,7710.84,88.04,TRADE
VIC1,2026/07/02 16:30:00,7682.96,56.79,TRADE
VIC1,2026/07/02 16:35:00,7714.73,56.90,TRADE
VIC1,2026/07/02 16:40:00,7806.35,78.74,TRADE
VIC1,2026/07/02 16:45:00,7847.62,72.80,TRADE
VIC1,2026/07/02 16:50:00,7870.17,72.80,TRADE
VIC1,2026/07/02 16:55:00,7919.97,179.75,TRADE
VIC1,2026/07/02 17:00:00,7852.88,10.65,TRADE
VIC1,2026/07/02 17:05:00,7929.4,53.66,TRADE
VIC1,2026/07/02 17:10:00,7971.13,53.66,TRADE
VIC1,2026/07/02 17:15:00,7928,50.90,TRADE
VIC1,2026/07/02 17:20:00,8083.13,56.79,TRADE
VIC1,2026/07/02 17:25:00,8092.1,54.23,TRADE
VIC1,2026/07/02 17:30:00,8127.24,55.43,TRADE
VIC1,2026/07/02 17:35:00,8176.55,56.78,TRADE
VIC1,2026/07/02 17:40:00,8213.19,74.12,TRADE
VIC1,2026/07/02 17:45:00,8198.8,53.66,TRADE
VIC1,2026/07/02 17:50:00,8135.27,53.66,TRADE
VIC1,2026/07/02 17:55:00,8138.72,10.65,TRADE
VIC1,2026/07/02 18:00:00,8246.49,56.91,TRADE
VIC1,2026/07/02 18:05:00,8210.47,53.66,TRADE
VIC1,2026/07/02 18:10:00,8154.34,56.67,TRADE
VIC1,2026/07/02 18:15:00,8137.48,90.70,TRADE
VIC1,2026/07/02 18:20:00,8218.26,53.66,TRADE
VIC1,2026/07/02 18:25:00,8062.46,10.50,TRADE
VIC1,2026/07/02 18:30:00,8041.93,10.50,TRADE
VIC1,2026/07/02 18:35:00,8095.31,46.50,TRADE
VIC1,2026/07/02 18:40:00,8024.8,10.50,TRADE
VIC1,2026/07/02 18:45:00,7991.78,9.71,TRADE
VIC1,2026/07/02 18:50:00,7901.91,8.94,TRADE
VIC1,2026/07/02 18:55:00,7969.33,11.65,TRADE
VIC1,2026/07/02 19:00:00,7965.75,10.73,TRADE
VIC1,2026/07/02 19:05:00,7915.4,20.68,TRADE
VIC1,2026/07/02 19:10:00,7927.19,11.68,TRADE
VIC1,2026/07/02 19:15:00,7900.93,10.50,TRADE
VIC1,2026/07/02 19:20:00,7888.33,10.50,TRADE
VIC1,2026/07/02 19:25:00,7817.18,10.50,TRADE
VIC1,2026/07/02 19:30:00,7781.68,10.50,TRADE
VIC1,2026/07/02 19:35:00,7830.16,10.50,TRADE
VIC1,2026/07/02 19:40:00,7837.65,46.50,TRADE
VIC1,2026/07/02 19:45:00,7843.59,10.80,TRADE
VIC1,2026/07/02 19:50:00,7814.96,10.50,TRADE
VIC1,2026/07/02 19:55:00,7801.78,10.50,TRADE
VIC1,2026/07/02 20:00:00,7756.73,10.94,TRADE
VIC1,2026/07/02 20:05:00,7638.95,8.69,TRADE
VIC1,2026/07/02 20:10:00,7613.81,10.50,TRADE
VIC1,2026/07/02 20:15:00,7594.26,10.83,TRADE
VIC1,2026/07/02 20:20:00,7587.6,10.65,TRADE
VIC1,2026/07/02 20:25:00,7510.12,10.50,TRADE
VIC1,2026/07/02 20:30:00,7515.63,9.82,TRADE
VIC1,2026/07/02 20:35:00,7479.11,10.50,TRADE
VIC1,2026/07/02 20:40:00,7412.64,9.88,TRADE
VIC1,2026/07/02 20:45:00,7313.44,0.08,TRADE
VIC1,2026/07/02 20:50:00,7258.45,0.08,TRADE
VIC1,2026/07/02 20:55:00,7218.32,0.08,TRADE
VIC1,2026/07/02 21:00:00,7114.7,0.08,TRADE
VIC1,2026/07/02 21:05:00,7082.28,0.08,TRADE
VIC1,2026/07/02 21:10:00,7051.31,0.18,TRADE
VIC1,2026/07/02 21:15:00,7005.83,0.18,TRADE
VIC1,2026/07/02 21:20:00,7047,8.73,TRADE
VIC1,2026/07/02 21:25:00,7016.02,5.08,TRADE
VIC1,2026/07/02 21:30:00,6920.61,0.17,TRADE
VIC1,2026/07/02 21:35:00,6899.88,5.08,TRADE
VIC1,2026/07/02 21:40:00,6941.13,10.48,TRADE
VIC1,2026/07/02 21:45:00,6865.59,5.08,TRADE
VIC1,2026/07/02 21:50:00,6843.97,8.94,TRADE
VIC1,2026/07/02 21:55:00,6784.28,5.62,TRADE
VIC1,2026/07/02 22:00:00,6618.12,-4.70,TRADE
VIC1,2026/07/02 22:05:00,6517.34,-1.10,TRADE
VIC1,2026/07/02 22:10:00,6590.99,10.50,TRADE
VIC1,2026/07/02 22:15:00,6578.14,5.08,TRADE
VIC1,2026/07/02 22:20:00,6523.39,0.08,TRADE
VIC1,2026/07/02 22:25:00,6491.51,0.02,TRADE
VIC1,2026/07/02 22:30:00,6405.58,-0.83,TRADE
VIC1,2026/07/02 22:35:00,6343.07,-1.10,TRADE
VIC1,2026/07/02 22:40:00,6229.18,-1.10,TRADE
VIC1,2026/07/02 22:45:00,6198.18,-1.10,TRADE
VIC1,2026/07/02 22:50:00,6099.87,-1.10,TRADE
VIC1,2026/07/02 22:55:00,6106.76,-1.15,TRADE
VIC1,2026/07/02 23:00:00,6092.45,-1.10,TRADE
VIC1,2026/07/02 23:05:00,5988.13,-1.15,TRADE
VIC1,2026/07/02 23:10:00,6096.39,-1.15,TRADE
VIC1,2026/07/02 23:15:00,6153.16,-1.15,TRADE
VIC1,2026/07/02 23:20:00,6120.21,-1.15,TRADE
VIC1,2026/07/02 23:25:00,6002.42,-1.15,TRADE
VIC1,2026/07/02 23:30:00,5962.67,-1.15,TRADE
VIC1,2026/07/02 23:35:00,5983.91,-1.15,TRADE
VIC1,2026/07/02 23:40:00,5916.82,-1.15,TRADE
VIC1,2026/07/02 23:45:00,5888.85,-1.15,TRADE
VIC1,2026/07/02 23:50:00,5763.17,-1.15,TRADE
VIC1,2026/07/02 23:55:00,5731.17,-1.15,TRADE
VIC1,2026/07/03 00:00:00,5690.49,-1.15,TRADE
VIC1,2026/07/03 00:05:00,5684.37,-1.15,TRADE
VIC1,2026/07/03 00:10:00,5642,-1.15,TRADE
VIC1,2026/07/03 00:15:00,5632.17,-1.15,TRADE
VIC1,2026/07/03 00:20:00,5606.69,-1.15,TRADE
VIC1,2026/07/03 00:25:00,5575.54,-1.15,TRADE
VIC1,2026/07/03 00:30:00,5518.46,-4.70,TRADE
VIC1,2026/07/03 00:35:00,5468.92,-2.99,TRADE
VIC1,2026/07/03 00:40:00,5452.67,-2.99,TRADE
VIC1,2026/07/03 00:45:00,5398.67,-5,TRADE
VIC1,2026/07/03 00:50:00,5382.42,-6.51,TRADE
VIC1,2026/07/03 00:55:00,5385.1,-4.79,TRADE
VIC1,2026/07/03 01:00:00,5359.81,-5,TRADE
VIC1,2026/07/03 01:05:00,5317.11,-5,TRADE
VIC1,2026/07/03 01:10:00,5281.57,-5,TRADE
VIC1,2026/07/03 01:15:00,5243.38,-4.67,TRADE
VIC1,2026/07/03 01:20:00,5268.53,-3.26,TRADE
VIC1,2026/07/03 01:25:00,5242.09,-5,TRADE
VIC1,2026/07/03 01:30:00,5232.49,-5,TRADE
VIC1,2026/07/03 01:35:00,5214.11,-5,TRADE
VIC1,2026/07/03 01:40:00,5184.09,-5,TRADE
VIC1,2026/07/03 01:45:00,5088.9,-6.51,TRADE
VIC1,2026/07/03 01:50:00,5063.8,-6.51,TRADE
VIC1,2026/07/03 01:55:00,5101.53,-6.51,TRADE
VIC1,2026/07/03 02:00:00,5080.38,-6.51,TRADE
VIC1,2026/07/03 02:05:00,4984.76,-6.60,TRADE
VIC1,2026/07/03 02:10:00,5057.49,-6.51,TRADE
VIC1,2026/07/03 02:15:00,5017.95,-6.60,TRADE
VIC1,2026/07/03 02:20:00,4936.96,-6.60,TRADE
VIC1,2026/07/03 02:25:00,4903.32,-6.60,TRADE
VIC1,2026/07/03 02:30:00,4954.81,-6.60,TRADE
VIC1,2026/07/03 02:35:00,4958.95,-6.51,TRADE
VIC1,2026/07/03 02:40:00,4863.71,-7.46,TRADE
VIC1,2026/07/03 02:45:00,4895.99,-7.61,TRADE
VIC1,2026/07/03 02:50:00,4919.58,-6.51,TRADE
VIC1,2026/07/03 02:55:00,4895.54,-6.51,TRADE
VIC1,2026/07/03 03:00:00,4820.38,-7.59,TRADE
VIC1,2026/07/03 03:05:00,4883.25,-6.51,TRADE
VIC1,2026/07/03 03:10:00,4900.95,-6.60,TRADE
VIC1,2026/07/03 03:15:00,4910.98,-6.51,TRADE
VIC1,2026/07/03 03:20:00,4900.12,-6.51,TRADE
VIC1,2026/07/03 03:25:00,4843.35,-7.51,TRADE
VIC1,2026/07/03 03:30:00,4804.35,-7.61,TRADE
VIC1,2026/07/03 03:35:00,4877.24,-6.60,TRADE
VIC1,2026/07/03 03:40:00,4878.41,-7.03,TRADE
VIC1,2026/07/03 03:45:00,4793.14,-6.97,TRADE
VIC1,2026/07/03 03:50:00,4793.63,-6.60,TRADE
VIC1,2026/07/03 03:55:00,4818.26,-7.50,TRADE
VIC1,2026/07/03 04:00:00,4838.73,-7.49,TRADE
VIC1,2026/07/03 04:05:00,4848.75,-6.60,TRADE
VIC1,2026/07/03 04:10:00,4806.6,-6.99,TRADE
VIC1,2026/07/03 04:15:00,4808.44,-6.60,TRADE
VIC1,2026/07/03 04:20:00,4887.64,-6.51,TRADE
VIC1,2026/07/03 04:25:00,4899.62,-7.36,TRADE
VIC1,2026/07/03 04:30:00,4844.22,-7.25,TRADE
VIC1,2026/07/03 04:35:00,4866.48,-7.17,TRADE
VIC1,2026/07/03 04:40:00,5001.9,-7.31,TRADE
VIC1,2026/07/03 04:45:00,4983.68,-7.51,TRADE
VIC1,2026/07/03 04:50:00,4989.14,-7.37,TRADE
VIC1,2026/07/03 04:55:00,5035.56,-6.60,TRADE
VIC1,2026/07/03 05:00:00,4983.38,-6.51,TRADE
VIC1,2026/07/03 05:05:00,5078.84,-6.60,TRADE
VIC1,2026/07/03 05:10:00,5161.97,-5,TRADE
VIC1,2026/07/03 05:15:00,5159.37,-2.99,TRADE
VIC1,2026/07/03 05:20:00,5182.94,-6.51,TRADE
VIC1,2026/07/03 05:25:00,5270.5,-6.51,TRADE
VIC1,2026/07/03 05:30:00,5333.28,-6.51,TRADE
VIC1,2026/07/03 05:35:00,5364.58,-6.60,TRADE
VIC1,2026/07/03 05:40:00,5340.27,-6.60,TRADE
VIC1,2026/07/03 05:45:00,5390.37,-6.51,TRADE
VIC1,2026/07/03 05:50:00,5475.18,-6.51,TRADE
VIC1,2026/07/03 05:55:00,5533.27,-2.99,TRADE
VIC1,2026/07/03 06:00:00,5570.77,-2.99,TRADE
VIC1,2026/07/03 06:05:00,5639.13,-6.51,TRADE
VIC1,2026/07/03 06:10:00,5812.65,-1.15,TRADE
VIC1,2026/07/03 06:15:00,5924.29,-1.15,TRADE
VIC1,2026/07/03 06:20:00,5980.13,-1.15,TRADE
VIC1,2026/07/03 06:25:00,6072.56,-1.15,TRADE
VIC1,2026/07/03 06:30:00,6058.11,-1.15,TRADE
VIC1,2026/07/03 06:35:00,6104.45,-1.15,TRADE
VIC1,2026/07/03 06:40:00,6219.9,-1.10,TRADE
VIC1,2026/07/03 06:45:00,6288.57,-1.10,TRADE
VIC1,2026/07/03 06:50:00,6445.79,0,TRADE
VIC1,2026/07/03 06:55:00,6509.5,0,TRADE
VIC1,2026/07/03 07:00:00,6610.57,0.01,TRADE
VIC1,2026/07/03 07:05:00,6683.95,8.60,TRADE
VIC1,2026/07/03 07:10:00,6780.14,33.89,TRADE
VIC1,2026/07/03 07:15:00,6856.11,8.94,TRADE
VIC1,2026/07/03 07:20:00,6951.97,18.32,TRADE
VIC1,2026/07/03 07:25:00,7055.17,46.50,TRADE
VIC1,2026/07/03 07:30:00,7105.28,87.13,TRADE
VIC1,2026/07/03 07:35:00,7062.76,10.65,TRADE
VIC1,2026/07/03 07:40:00,7172.39,47.02,TRADE
VIC1,2026/07/03 07:45:00,7265.57,58.64,TRADE
VIC1,2026/07/03 07:50:00,7284.64,57.71,TRADE
VIC1,2026/07/03 07:55:00,7400.28,58.64,TRADE
VIC1,2026/07/03 08:00:00,7384.52,46.50,TRADE
VIC1,2026/07/03 08:05:00,7473.67,33.89,TRADE
VIC1,2026/07/03 08:10:00,7552.47,48.21,TRADE
VIC1,2026/07/03 08:15:00,7579.62,62.69,TRADE
VIC1,2026/07/03 08:20:00,7533.29,70.71,TRADE
VIC1,2026/07/03 08:25:00,7484.41,46.50,TRADE
VIC1,2026/07/03 08:30:00,7553.62,46.50,TRADE
VIC1,2026/07/03 08:35:00,7572.6,62.72,TRADE
VIC1,2026/07/03 08:40:00,7575.49,54.64,TRADE
VIC1,2026/07/03 08:45:00,7475.67,0,TRADE
VIC1,2026/07/03 08:50:00,7420.33,-10.60,TRADE
VIC1,2026/07/03 08:55:00,7400.08,10.13,TRADE
VIC1,2026/07/03 09:00:00,7379.71,0,TRADE
VIC1,2026/07/03 09:05:00,7310.8,10.50,TRADE
VIC1,2026/07/03 09:10:00,7239.16,-7.74,TRADE
VIC1,2026/07/03 09:15:00,7222.32,-7.74,TRADE
VIC1,2026/07/03 09:20:00,7188.52,0.01,TRADE
VIC1,2026/07/03 09:25:00,7087.07,0.01,TRADE
VIC1,2026/07/03 09:30:00,7007.24,-7.74,TRADE
VIC1,2026/07/03 09:35:00,7012.25,-0.55,TRADE
VIC1,2026/07/03 09:40:00,6984.09,0.01,TRADE
VIC1,2026/07/03 09:45:00,6942.14,-1.15,TRADE
VIC1,2026/07/03 09:50:00,6905.97,0.01,TRADE
VIC1,2026/07/03 09:55:00,6964,8.94,TRADE
VIC1,2026/07/03 10:00:00,7074.17,8.94,TRADE
VIC1,2026/07/03 10:05:00,6998.04,8.94,TRADE
VIC1,2026/07/03 10:10:00,7043.85,-0.02,TRADE
VIC1,2026/07/03 10:15:00,7044.02,-0.37,TRADE
VIC1,2026/07/03 10:20:00,6992.64,0.01,TRADE
VIC1,2026/07/03 10:25:00,7019.03,7.89,TRADE
VIC1,2026/07/03 10:30:00,7016.47,5.08,TRADE
VIC1,2026/07/03 10:35:00,6945.02,0.08,TRADE
VIC1,2026/07/03 10:40:00,6946.97,10.50,TRADE
VIC1,2026/07/03 10:45:00,6917.46,8.94,TRADE
VIC1,2026/07/03 10:50:00,6906.8,10.50,TRADE
VIC1,2026/07/03 10:55:00,6790.65,8.57,TRADE
VIC1,2026/07/03 11:00:00,6735.11,-12.75,TRADE
VIC1,2026/07/03 11:05:00,6843.39,0.08,TRADE
VIC1,2026/07/03 11:10:00,6969.35,10.50,TRADE
VIC1,2026/07/03 11:15:00,7066.72,10.50,TRADE
VIC1,2026/07/03 11:20:00,7066.39,10.50,TRADE
VIC1,2026/07/03 11:25:00,7057.8,10.66,TRADE
VIC1,2026/07/03 11:30:00,7173.06,33.51,TRADE
VIC1,2026/07/03 11:35:00,7178.4,33.51,TRADE
VIC1,2026/07/03 11:40:00,7144.91,32.04,TRADE
VIC1,2026/07/03 11:45:00,7099.69,18.44,TRADE
VIC1,2026/07/03 11:50:00,7050.95,10.50,TRADE
VIC1,2026/07/03 11:55:00,6993.68,8.94,TRADE
VIC1,2026/07/03 12:00:00,7027.33,10.50,TRADE
VIC1,2026/07/03 12:05:00,7038.74,11.68,TRADE
VIC1,2026/07/03 12:10:00,7043.9,10.65,TRADE
VIC1,2026/07/03 12:15:00,7022.2,8.94,TRADE
VIC1,2026/07/03 12:20:00,6995.99,8.81,TRADE
VIC1,2026/07/03 12:25:00,6971.12,8.94,TRADE
VIC1,2026/07/03 12:30:00,6905.62,8.81,TRADE
VIC1,2026/07/03 12:35:00,6866.8,5.08,TRADE
VIC1,2026/07/03 12:40:00,6828.77,0.08,TRADE
VIC1,2026/07/03 12:45:00,6820.52,5.08,TRADE
VIC1,2026/07/03 12:50:00,6848.32,2.64,TRADE
VIC1,2026/07/03 12:55:00,6733.75,0.08,TRADE
VIC1,2026/07/03 13:00:00,6606.27,0.01,TRADE
VIC1,2026/07/03 13:05:00,6564.37,0.02,TRADE
VIC1,2026/07/03 13:10:00,6604.67,0.01,TRADE
VIC1,2026/07/03 13:15:00,6643.91,-0.70,TRADE
VIC1,2026/07/03 13:20:00,6564.74,-1.15,TRADE
VIC1,2026/07/03 13:25:00,6511.22,0,TRADE
VIC1,2026/07/03 13:30:00,6562.58,0.06,TRADE
VIC1,2026/07/03 13:35:00,6474.44,0,TRADE
VIC1,2026/07/03 13:40:00,6490.74,0,TRADE
VIC1,2026/07/03 13:45:00,6448.85,0,TRADE
VIC1,2026/07/03 13:50:00,6350.19,0,TRADE
VIC1,2026/07/03 13:55:00,6352.94,0,TRADE
VIC1,2026/07/03 14:00:00,6267.16,0,TRADE
VIC1,2026/07/03 14:05:00,6173.46,-1.15,TRADE
VIC1,2026/07/03 14:10:00,6030.04,-1.15,TRADE
VIC1,2026/07/03 14:15:00,6044.14,-1.15,TRADE
VIC1,2026/07/03 14:20:00,6042.2,-1.15,TRADE
VIC1,2026/07/03 14:25:00,6000.5,-1.15,TRADE
VIC1,2026/07/03 14:30:00,6071.42,0,TRADE
VIC1,2026/07/03 14:35:00,6074.44,0.01,TRADE
VIC1,2026/07/03 14:40:00,6109.56,0.01,TRADE
VIC1,2026/07/03 14:45:00,6075.72,0,TRADE
VIC1,2026/07/03 14:50:00,6068.25,0,TRADE
VIC1,2026/07/03 14:55:00,6163.96,0,TRADE
VIC1,2026/07/03 15:00:00,6154.1,-1.15,TRADE
VIC1,2026/07/03 15:05:00,6261.27,0.06,TRADE
VIC1,2026/07/03 15:10:00,6194.5,0.01,TRADE
VIC1,2026/07/03 15:15:00,6210.78,0,TRADE
VIC1,2026/07/03 15:20:00,6281.89,0,TRADE
VIC1,2026/07/03 15:25:00,6266.04,0.02,TRADE
VIC1,2026/07/03 15:30:00,6198.44,14.50,TRADE
VIC1,2026/07/03 15:35:00,6352.66,22.26,TRADE
VIC1,2026/07/03 15:40:00,6348.3,27.05,TRADE
VIC1,2026/07/03 15:45:00,6447.78,0.08,TRADE
VIC1,2026/07/03 15:50:00,6431.11,8.94,TRADE
VIC1,2026/07/03 15:55:00,6614.02,10.50,TRADE
VIC1,2026/07/03 16:00:00,6641.78,10.50,TRADE
VIC1,2026/07/03 16:05:00,6759.98,36.67,TRADE
VIC1,2026/07/03 16:10:00,6772.14,44,TRADE
VIC1,2026/07/03 16:15:00,6745.16,47.19,TRADE
VIC1,2026/07/03 16:20:00,6880.01,58.49,TRADE
VIC1,2026/07/03 16:25:00,6906.22,58.49,TRADE
VIC1,2026/07/03 16:30:00,6932.09,58.49,TRADE
VIC1,2026/07/03 16:35:00,6996.49,58.49,TRADE
VIC1,2026/07/03 16:40:00,7042.71,58.49,TRADE
VIC1,2026/07/03 16:45:00,7125.08,52.51,TRADE
VIC1,2026/07/03 16:50:00,7115.86,52.27,TRADE
VIC1,2026/07/03 16:55:00,7226.11,58.49,TRADE
VIC1,2026/07/03 17:00:00,7353.09,86.36,TRADE
VIC1,2026/07/03 17:05:00,7397.69,81.98,TRADE
VIC1,2026/07/03 17:10:00,7386.64,70.12,TRADE
VIC1,2026/07/03 17:15:00,7499.93,58.49,TRADE
VIC1,2026/07/03 17:20:00,7463.17,58.49,TRADE
VIC1,2026/07/03 17:25:00,7606.41,62.47,TRADE
VIC1,2026/07/03 17:30:00,7603.91,62.28,TRADE
VIC1,2026/07/03 17:35:00,7686.61,58.50,TRADE
VIC1,2026/07/03 17:40:00,7677.3,80.50,TRADE
VIC1,2026/07/03 17:45:00,7691.15,74.52,TRADE
VIC1,2026/07/03 17:50:00,7756.72,74.75,TRADE
VIC1,2026/07/03 17:55:00,7774.58,73.83,TRADE
VIC1,2026/07/03 18:00:00,7751.27,73.71,TRADE
VIC1,2026/07/03 18:05:00,7739.68,71.25,TRADE
VIC1,2026/07/03 18:10:00,7773.42,75.84,TRADE
VIC1,2026/07/03 18:15:00,7768.37,77.49,TRADE
VIC1,2026/07/03 18:20:00,7710.38,72.02,TRADE
VIC1,2026/07/03 18:25:00,7747.1,70.28,TRADE
VIC1,2026/07/03 18:30:00,7782.3,74.75,TRADE
VIC1,2026/07/03 18:35:00,7753.12,69.34,TRADE
VIC1,2026/07/03 18:40:00,7606,68.21,TRADE
VIC1,2026/07/03 18:45:00,7594.13,67.60,TRADE
VIC1,2026/07/03 18:50:00,7554.38,68.68,TRADE
VIC1,2026/07/03 18:55:00,7600.9,75.39,TRADE
VIC1,2026/07/03 19:00:00,7572.18,69.72,TRADE
VIC1,2026/07/03 19:05:00,7496.66,71.25,TRADE
VIC1,2026/07/03 19:10:00,7547.8,71.25,TRADE
VIC1,2026/07/03 19:15:00,7451.07,71.25,TRADE
VIC1,2026/07/03 19:20:00,7446.31,71.40,TRADE
VIC1,2026/07/03 19:25:00,7387.26,71.34,TRADE
VIC1,2026/07/03 19:30:00,7357.96,73.07,TRADE
VIC1,2026/07/03 19:35:00,7374.79,74.75,TRADE
VIC1,2026/07/03 19:40:00,7344.18,71.32,TRADE
VIC1,2026/07/03 19:45:00,7329.39,73.58,TRADE
VIC1,2026/07/03 19:50:00,7320.7,75.04,TRADE
VIC1,2026/07/03 19:55:00,7331.64,80.50,TRADE
VIC1,2026/07/03 20:00:00,7340.36,80.50,TRADE
VIC1,2026/07/03 20:05:00,7272.28,71.46,TRADE
VIC1,2026/07/03 20:10:00,7185.72,72.62,TRADE
VIC1,2026/07/03 20:15:00,7191.8,71.25,TRADE
VIC1,2026/07/03 20:20:00,7147.81,75.98,TRADE
VIC1,2026/07/03 20:25:00,7205.57,76.17,TRADE
VIC1,2026/07/03 20:30:00,7244.69,76.12,TRADE
VIC1,2026/07/03 20:35:00,7210.2,74.75,TRADE
VIC1,2026/07/03 20:40:00,7234.32,76.53,TRADE
VIC1,2026/07/03 20:45:00,7138.94,75.75,TRADE
VIC1,2026/07/03 20:50:00,7155.29,78.64,TRADE
VIC1,2026/07/03 20:55:00,7059.34,77.29,TRADE
VIC1,2026/07/03 21:00:00,7041.17,80.50,TRADE
VIC1,2026/07/03 21:05:00,6979.5,77.75,TRADE
VIC1,2026/07/03 21:10:00,7038.24,78.92,TRADE
VIC1,2026/07/03 21:15:00,6995.6,80.50,TRADE
VIC1,2026/07/03 21:20:00,6960.1,74.75,TRADE
VIC1,2026/07/03 21:25:00,6881.06,74.75,TRADE
VIC1,2026/07/03 21:30:00,6858.04,78.88,TRADE
VIC1,2026/07/03 21:35:00,6836.69,77.84,TRADE
VIC1,2026/07/03 21:40:00,6777.77,79.56,TRADE
VIC1,2026/07/03 21:45:00,6651.65,75.37,TRADE
VIC1,2026/07/03 21:50:00,6652.76,68.87,TRADE
VIC1,2026/07/03 21:55:00,6616.31,74.75,TRADE
VIC1,2026/07/03 22:00:00,6519.05,68.30,TRADE
VIC1,2026/07/03 22:05:00,6553.4,74.75,TRADE
VIC1,2026/07/03 22:10:00,6521.85,76.39,TRADE
VIC1,2026/07/03 22:15:00,6251.15,66.46,TRADE
VIC1,2026/07/03 22:20:00,6168.07,61.28,TRADE
VIC1,2026/07/03 22:25:00,6090.81,59.95,TRADE
VIC1,2026/07/03 22:30:00,6030.93,52.11,TRADE
VIC1,2026/07/03 22:35:00,5967.52,52.12,TRADE
VIC1,2026/07/03 22:40:00,5923.84,52.25,TRADE
VIC1,2026/07/03 22:45:00,5884.06,46.10,TRADE
VIC1,2026/07/03 22:50:00,5851.02,38,TRADE
VIC1,2026/07/03 22:55:00,5884.67,49.41,TRADE
VIC1,2026/07/03 23:00:00,5816.55,43.98,TRADE
VIC1,2026/07/03 23:05:00,5866.13,38,TRADE
VIC1,2026/07/03 23:10:00,5927.18,59.87,TRADE
VIC1,2026/07/03 23:15:00,5923.94,56.30,TRADE
VIC1,2026/07/03 23:20:00,6044.08,60.32,TRADE
VIC1,2026/07/03 23:25:00,6156.62,58.99,TRADE
VIC1,2026/07/03 23:30:00,6112.71,52.14,TRADE
VIC1,2026/07/03 23:35:00,6121.2,64.72,TRADE
VIC1,2026/07/03 23:40:00,6061.73,74.85,TRADE
VIC1,2026/07/03 23:45:00,6061.6,74.04,TRADE
VIC1,2026/07/03 23:50:00,5988.7,64.62,TRADE
VIC1,2026/07/03 23:55:00,5937.49,62.72,TRADE
VIC1,2026/07/04 00:00:00,5875.1,50.27,TRADE
VIC1,2026/07/04 00:05:00,5846.05,47.84,TRADE
VIC1,2026/07/04 00:10:00,5847.97,50.27,TRADE
VIC1,2026/07/04 00:15:00,5780.74,50.27,TRADE
VIC1,2026/07/04 00:20:00,5740.67,50.27,TRADE
VIC1,2026/07/04 00:25:00,5806.41,63.46,TRADE
VIC1,2026/07/04 00:30:00,5756.32,61.68,TRADE
VIC1,2026/07/04 00:35:00,5717.8,68.45,TRADE
VIC1,2026/07/04 00:40:00,5707.24,63.01,TRADE
VIC1,2026/07/04 00:45:00,5663.66,51.80,TRADE
VIC1,2026/07/04 00:50:00,5672.8,51.09,TRADE
VIC1,2026/07/04 00:55:00,5589.65,50.27,TRADE
VIC1,2026/07/04 01:00:00,5487.78,50.27,TRADE
VIC1,2026/07/04 01:05:00,5471.44,50.27,TRADE
VIC1,2026/07/04 01:10:00,5414.52,48.11,TRADE
VIC1,2026/07/04 01:15:00,5390.63,43.63,TRADE
VIC1,2026/07/04 01:20:00,5416.85,50.27,TRADE
VIC1,2026/07/04 01:25:00,5339.95,50.27,TRADE
VIC1,2026/07/04 01:30:00,5364.06,38.05,TRADE
VIC1,2026/07/04 01:35:00,5340.31,43.24,TRADE
VIC1,2026/07/04 01:40:00,5333.3,50.27,TRADE
VIC1,2026/07/04 01:45:00,5283.96,50.27,TRADE
VIC1,2026/07/04 01:50:00,5156.34,43.68,TRADE
VIC1,2026/07/04 01:55:00,5140.73,49.40,TRADE
VIC1,2026/07/04 02:00:00,5159.64,50.27,TRADE
VIC1,2026/07/04 02:05:00,5152.67,60.82,TRADE
VIC1,2026/07/04 02:10:00,5124.33,50.27,TRADE
VIC1,2026/07/04 02:15:00,5128.13,50.34,TRADE
VIC1,2026/07/04 02:20:00,5120.84,63.07,TRADE
VIC1,2026/07/04 02:25:00,5092.63,64,TRADE
VIC1,2026/07/04 02:30:00,5037.03,38,TRADE
VIC1,2026/07/04 02:35:00,5008.61,50.27,TRADE
VIC1,2026/07/04 02:40:00,5054.47,62.28,TRADE
VIC1,2026/07/04 02:45:00,5039.12,50.27,TRADE
VIC1,2026/07/04 02:50:00,5006.17,50.27,TRADE
VIC1,2026/07/04 02:55:00,4973.9,43.73,TRADE
VIC1,2026/07/04 03:00:00,4987.07,50.27,TRADE
VIC1,2026/07/04 03:05:00,4953.25,50.27,TRADE
VIC1,2026/07/04 03:10:00,4958.03,50.27,TRADE
VIC1,2026/07/04 03:15:00,4881.32,49.14,TRADE
VIC1,2026/07/04 03:20:00,4963.26,43.68,TRADE
VIC1,2026/07/04 03:25:00,4998.97,50.27,TRADE
VIC1,2026/07/04 03:30:00,4875.27,50.27,TRADE
VIC1,2026/07/04 03:35:00,4938.32,50.27,TRADE
VIC1,2026/07/04 03:40:00,4904.12,50.27,TRADE
VIC1,2026/07/04 03:45:00,4916.87,50.27,TRADE
VIC1,2026/07/04 03:50:00,4804.98,41.73,TRADE
VIC1,2026/07/04 03:55:00,4839.61,49.37,TRADE
VIC1,2026/07/04 04:00:00,4854.8,49.23,TRADE
VIC1,2026/07/04 04:05:00,4887.26,49.61,TRADE
VIC1,2026/07/04 04:10:00,4918.83,50.27,TRADE
VIC1,2026/07/04 04:15:00,4913.78,49.88,TRADE
VIC1,2026/07/04 04:20:00,4920.97,49.23,TRADE
VIC1,2026/07/04 04:25:00,4920.84,50.27,TRADE
VIC1,2026/07/04 04:30:00,4936.54,50.27,TRADE
VIC1,2026/07/04 04:35:00,4854.72,38,TRADE
VIC1,2026/07/04 04:40:00,4867.98,49.24,TRADE
VIC1,2026/07/04 04:45:00,4955.25,50.27,TRADE
VIC1,2026/07/04 04:50:00,4955.65,50.59,TRADE
VIC1,2026/07/04 04:55:00,4934.15,53.33,TRADE
VIC1,2026/07/04 05:00:00,5015.71,64,TRADE
VIC1,2026/07/04 05:05:00,4965.66,50.27,TRADE
VIC1,2026/07/04 05:10:00,4925.78,55.80,TRADE
VIC1,2026/07/04 05:15:00,4933.38,51.89,TRADE
VIC1,2026/07/04 05:20:00,4940.13,50.27,TRADE
VIC1,2026/07/04 05:25:00,4963.62,50.33,TRADE
VIC1,2026/07/04 05:30:00,5078.21,62.74,TRADE
VIC1,2026/07/04 05:35:00,5006.37,51.03,TRADE
VIC1,2026/07/04 05:40:00,5065.8,52.77,TRADE
VIC1,2026/07/04 05:45:00,5062.32,51.43,TRADE
VIC1,2026/07/04 05:50:00,5069.7,64.23,TRADE
VIC1,2026/07/04 05:55:00,5191.47,62.43,TRADE
VIC1,2026/07/04 06:00:00,5260.69,75.79,TRADE
VIC1,2026/07/04 06:05:00,5309.53,68.66,TRADE
VIC1,2026/07/04 06:10:00,5297.18,59.93,TRADE
VIC1,2026/07/04 06:15:00,5343.29,61.31,TRADE
VIC1,2026/07/04 06:20:00,5386.97,80.50,TRADE
VIC1,2026/07/04 06:25:00,5358.88,76.86,TRADE
VIC1,2026/07/04 06:30:00,5369.2,62.89,TRADE
VIC1,2026/07/04 06:35:00,5393.08,60.40,TRADE
VIC1,2026/07/04 06:40:00,5511.35,72.72,TRADE
VIC1,2026/07/04 06:45:00,5549.39,78.12,TRADE
VIC1,2026/07/04 06:50:00,5616.16,73.75,TRADE
VIC1,2026/07/04 06:55:00,5659.01,66.37,TRADE
VIC1,2026/07/04 07:00:00,5686.13,73.75,TRADE
VIC1,2026/07/04 07:05:00,5769.45,62.31,TRADE
VIC1,2026/07/04 07:10:00,5636.4,58.66,TRADE
VIC1,2026/07/04 07:15:00,5706.83,58.65,TRADE
VIC1,2026/07/04 07:20:00,5778.47,59.65,TRADE
VIC1,2026/07/04 07:25:00,5865.95,78.12,TRADE
VIC1,2026/07/04 07:30:00,5865.54,61.67,TRADE
VIC1,2026/07/04 07:35:00,5986.04,62.70,TRADE
VIC1,2026/07/04 07:40:00,6042.72,63.25,TRADE
VIC1,2026/07/04 07:45:00,6102.94,60.72,TRADE
VIC1,2026/07/04 07:50:00,6141.28,55.66,TRADE
VIC1,2026/07/04 07:55:00,6183.38,55.66,TRADE
VIC1,2026/07/04 08:00:00,6202.48,43.03,TRADE
VIC1,2026/07/04 08:05:00,6193.22,66.44,TRADE
VIC1,2026/07/04 08:10:00,6207.52,66.53,TRADE
VIC1,2026/07/04 08:15:00,6291.73,78.12,TRADE
VIC1,2026/07/04 08:20:00,6229.78,67.15,TRADE
VIC1,2026/07/04 08:25:00,6316.85,56.67,TRADE
VIC1,2026/07/04 08:30:00,6340.36,42.01,TRADE
VIC1,2026/07/04 08:35:00,6333.06,43.68,TRADE
VIC1,2026/07/04 08:40:00,6329.18,43.61,TRADE
VIC1,2026/07/04 08:45:00,6297.83,44,TRADE
VIC1,2026/07/04 08:50:00,6290.36,42.83,TRADE
VIC1,2026/07/04 08:55:00,6280.9,42.82,TRADE
VIC1,2026/07/04 09:00:00,6196.19,40.98,TRADE
VIC1,2026/07/04 09:05:00,6213.09,67.71,TRADE
VIC1,2026/07/04 09:10:00,6037.64,42.24,TRADE
VIC1,2026/07/04 09:15:00,6042.14,38,TRADE
VIC1,2026/07/04 09:20:00,6105.08,38,TRADE
VIC1,2026/07/04 09:25:00,6009.36,44.22,TRADE
VIC1,2026/07/04 09:30:00,6045.57,43.55,TRADE
VIC1,2026/07/04 09:35:00,5989.96,42.42,TRADE
VIC1,2026/07/04 09:40:00,5900.42,55.59,TRADE
VIC1,2026/07/04 09:45:00,5842.93,43.68,TRADE
VIC1,2026/07/04 09:50:00,5734.22,38,TRADE
VIC1,2026/07/04 09:55:00,5757.89,42.19,TRADE
VIC1,2026/07/04 10:00:00,5737.3,32.55,TRADE
VIC1,2026/07/04 10:05:00,5774.78,43.17,TRADE
VIC1,2026/07/04 10:10:00,5764.08,43.68,TRADE
VIC1,2026/07/04 10:15:00,5720.03,28.73,TRADE
VIC1,2026/07/04 10:20:00,5797.58,28.56,TRADE
VIC1,2026/07/04 10:25:00,5778.72,45.79,TRADE
VIC1,2026/07/04 10:30:00,5650.22,43.68,TRADE
VIC1,2026/07/04 10:35:00,5554.45,34.66,TRADE
VIC1,2026/07/04 10:40:00,5622.14,34,TRADE
VIC1,2026/07/04 10:45:00,5600.3,44.71,TRADE
VIC1,2026/07/04 10:50:00,5499.06,43.41,TRADE
VIC1,2026/07/04 10:55:00,5591.56,25.54,TRADE
VIC1,2026/07/04 11:00:00,5568.77,27.14,TRADE
VIC1,2026/07/04 11:05:00,5633.08,43.68,TRADE
VIC1,2026/07/04 11:10:00,5749.39,44.65,TRADE
VIC1,2026/07/04 11:15:00,5703.96,31.25,TRADE
VIC1,2026/07/04 11:20:00,5691.44,43.22,TRADE
VIC1,2026/07/04 11:25:00,5721.84,44.98,TRADE
VIC1,2026/07/04 11:30:00,5703.65,34,TRADE
VIC1,2026/07/04 11:35:00,5692.98,45.68,TRADE
VIC1,2026/07/04 11:40:00,5649.6,56.68,TRADE
VIC1,2026/07/04 11:45:00,5595.84,31.25,TRADE
VIC1,2026/07/04 11:50:00,5618.72,44.88,TRADE
VIC1,2026/07/04 11:55:00,5481.84,29.65,TRADE
VIC1,2026/07/04 12:00:00,5487.83,29.32,TRADE
VIC1,2026/07/04 12:05:00,5502.74,31.25,TRADE
VIC1,2026/07/04 12:10:00,5525.78,33.51,TRADE
VIC1,2026/07/04 12:15:00,5417.98,31.25,TRADE
VIC1,2026/07/04 12:20:00,5486.61,43.90,TRADE
VIC1,2026/07/04 12:25:00,5443.33,44.58,TRADE
VIC1,2026/07/04 12:30:00,5313.05,33.51,TRADE
VIC1,2026/07/04 12:35:00,5318.5,43.68,TRADE
VIC1,2026/07/04 12:40:00,5295.38,33.51,TRADE
VIC1,2026/07/04 12:45:00,5388.89,44.61,TRADE
VIC1,2026/07/04 12:50:00,5395.29,43.68,TRADE
VIC1,2026/07/04 12:55:00,5344.36,44.89,TRADE
VIC1,2026/07/04 13:00:00,5404.91,43.22,TRADE
VIC1,2026/07/04 13:05:00,5346.17,31.25,TRADE
VIC1,2026/07/04 13:10:00,5406.77,43.41,TRADE
VIC1,2026/07/04 13:15:00,5272.77,11.67,TRADE
VIC1,2026/07/04 13:20:00,5336.72,27.14,TRADE
VIC1,2026/07/04 13:25:00,5311.81,33.51,TRADE
VIC1,2026/07/04 13:30:00,5319.21,11.67,TRADE
VIC1,2026/07/04 13:35:00,5391.42,20.68,TRADE
VIC1,2026/07/04 13:40:00,5507.4,11.67,TRADE
VIC1,2026/07/04 13:45:00,5554.62,24.78,TRADE
VIC1,2026/07/04 13:50:00,5526.56,23.97,TRADE
VIC1,2026/07/04 13:55:00,5422.8,11.67,TRADE
VIC1,2026/07/04 14:00:00,5500.08,10.65,TRADE
VIC1,2026/07/04 14:05:00,5443.4,10.50,TRADE
VIC1,2026/07/04 14:10:00,5362.73,10.50,TRADE
VIC1,2026/07/04 14:15:00,5303.75,10.50,TRADE
VIC1,2026/07/04 14:20:00,5418.46,8.94,TRADE
VIC1,2026/07/04 14:25:00,5414.13,8.94,TRADE
VIC1,2026/07/04 14:30:00,5465.87,8.94,TRADE
VIC1,2026/07/04 14:35:00,5399.46,0.06,TRADE
VIC1,2026/07/04 14:40:00,5456.09,5.08,TRADE
VIC1,2026/07/04 14:45:00,5524.47,8.94,TRADE
VIC1,2026/07/04 14:50:00,5458.91,10.50,TRADE
VIC1,2026/07/04 14:55:00,5496.01,10.65,TRADE
VIC1,2026/07/04 15:00:00,5562.63,23.50,TRADE
VIC1,2026/07/04 15:05:00,5619.22,38,TRADE
VIC1,2026/07/04 15:10:00,5671.07,38,TRADE
VIC1,2026/07/04 15:15:00,5672.15,38,TRADE
VIC1,2026/07/04 15:20:00,5619.93,41.86,TRADE
VIC1,2026/07/04 15:25:00,5709.99,53.84,TRADE
VIC1,2026/07/04 15:30:00,5858.09,66.58,TRADE
VIC1,2026/07/04 15:35:00,5874.1,45.04,TRADE
VIC1,2026/07/04 15:40:00,5918.1,65.93,TRADE
VIC1,2026/07/04 15:45:00,5998.06,87.54,TRADE
VIC1,2026/07/04 15:50:00,6059.65,80.50,TRADE
VIC1,2026/07/04 15:55:00,6109.65,101.74,TRADE
VIC1,2026/07/04 16:00:00,6119.53,96.59,TRADE
VIC1,2026/07/04 16:05:00,6122.91,80.50,TRADE
VIC1,2026/07/04 16:10:00,6221.54,79.67,TRADE
VIC1,2026/07/04 16:15:00,6363.82,89,TRADE
VIC1,2026/07/04 16:20:00,6353.78,85.96,TRADE
VIC1,2026/07/04 16:25:00,6534.39,95.34,TRADE
VIC1,2026/07/04 16:30:00,6614.04,96.01,TRADE
VIC1,2026/07/04 16:35:00,6659.81,93.52,TRADE
VIC1,2026/07/04 16:40:00,6657.61,96.61,TRADE
VIC1,2026/07/04 16:45:00,6708.5,101.60,TRADE
VIC1,2026/07/04 16:50:00,6818.83,110.11,TRADE
VIC1,2026/07/04 16:55:00,6851.77,103.64,TRADE
VIC1,2026/07/04 17:00:00,6888.27,104.75,TRADE
VIC1,2026/07/04 17:05:00,6943.46,91.58,TRADE
VIC1,2026/07/04 17:10:00,7007.29,98.84,TRADE
VIC1,2026/07/04 17:15:00,7071.01,98.99,TRADE
VIC1,2026/07/04 17:20:00,7190.97,91.61,TRADE
VIC1,2026/07/04 17:25:00,7196.27,92.18,TRADE
VIC1,2026/07/04 17:30:00,7232.85,105.36,TRADE
VIC1,2026/07/04 17:35:00,7269.92,103.72,TRADE
VIC1,2026/07/04 17:40:00,7296.35,99.95,TRADE
VIC1,2026/07/04 17:45:00,7323.18,92.94,TRADE
VIC1,2026/07/04 17:50:00,7383.43,93.97,TRADE
VIC1,2026/07/04 17:55:00,7394.15,108.22,TRADE
VIC1,2026/07/04 18:00:00,7388.95,100.84,TRADE
VIC1,2026/07/04 18:05:00,7393.4,92.51,TRADE
VIC1,2026/07/04 18:10:00,7307.64,90.01,TRADE
VIC1,2026/07/04 18:15:00,7302.88,89.97,TRADE
VIC1,2026/07/04 18:20:00,7311.97,93.67,TRADE
VIC1,2026/07/04 18:25:00,7273.29,100.84,TRADE
VIC1,2026/07/04 18:30:00,7316.02,91.92,TRADE
VIC1,2026/07/04 18:35:00,7280.86,89.69,TRADE
VIC1,2026/07/04 18:40:00,7293.04,97.59,TRADE
VIC1,2026/07/04 18:45:00,7282.44,100.84,TRADE
VIC1,2026/07/04 18:50:00,7260.65,100.84,TRADE
VIC1,2026/07/04 18:55:00,7241.21,116.35,TRADE
VIC1,2026/07/04 19:00:00,7167.86,116.17,TRADE
VIC1,2026/07/04 19:05:00,7195.94,100.84,TRADE
VIC1,2026/07/04 19:10:00,7169.52,97.92,TRADE
VIC1,2026/07/04 19:15:00,7120.32,98.06,TRADE
VIC1,2026/07/04 19:20:00,7176.68,114.94,TRADE
VIC1,2026/07/04 19:25:00,7149.97,100.84,TRADE
VIC1,2026/07/04 19:30:00,7137.88,98.54,TRADE
VIC1,2026/07/04 19:35:00,7106.93,100.37,TRADE
VIC1,2026/07/04 19:40:00,7015.81,99.96,TRADE
VIC1,2026/07/04 19:45:00,7071.21,100.55,TRADE
VIC1,2026/07/04 19:50:00,7045.91,94.88,TRADE
VIC1,2026/07/04 19:55:00,7046.49,95.78,TRADE
VIC1,2026/07/04 20:00:00,7038.77,107.91,TRADE
VIC1,2026/07/04 20:05:00,6982.83,100.84,TRADE
VIC1,2026/07/04 20:10:00,6980.86,95.93,TRADE
VIC1,2026/07/04 20:15:00,6915.88,99.16,TRADE
VIC1,2026/07/04 20:20:00,6877.22,100.84,TRADE
VIC1,2026/07/04 20:25:00,6936.71,96.31,TRADE
VIC1,2026/07/04 20:30:00,6933.29,96.34,TRADE
VIC1,2026/07/04 20:35:00,6924.5,99.10,TRADE
VIC1,2026/07/04 20:40:00,6909.41,100.84,TRADE
VIC1,2026/07/04 20:45:00,6855.73,93.88,TRADE
VIC1,2026/07/04 20:50:00,6809.71,95.80,TRADE
VIC1,2026/07/04 20:55:00,6725.45,99.24,TRADE
VIC1,2026/07/04 21:00:00,6762.2,96.89,TRADE
VIC1,2026/07/04 21:05:00,6679.88,100.84,TRADE
VIC1,2026/07/04 21:10:00,6682.38,100.84,TRADE
VIC1,2026/07/04 21:15:00,6745.38,102.20,TRADE
VIC1,2026/07/04 21:20:00,6648.12,100,TRADE
VIC1,2026/07/04 21:25:00,6700.64,106.56,TRADE
VIC1,2026/07/04 21:30:00,6635.88,100.84,TRADE
VIC1,2026/07/04 21:35:00,6643.2,100.84,TRADE
VIC1,2026/07/04 21:40:00,6613.72,100.06,TRADE
VIC1,2026/07/04 21:45:00,6515.01,100.84,TRADE
VIC1,2026/07/04 21:50:00,6482.92,100.84,TRADE
VIC1,2026/07/04 21:55:00,6422.52,100.79,TRADE
VIC1,2026/07/04 22:00:00,6362.33,92,TRADE
VIC1,2026/07/04 22:05:00,6319.13,98.80,TRADE
VIC1,2026/07/04 22:10:00,6383.5,109.81,TRADE
VIC1,2026/07/04 22:15:00,6332.08,101.35,TRADE
VIC1,2026/07/04 22:20:00,6258.75,97.83,TRADE
VIC1,2026/07/04 22:25:00,6283.03,102.64,TRADE
VIC1,2026/07/04 22:30:00,6252.44,105.58,TRADE
VIC1,2026/07/04 22:35:00,6223.69,99.71,TRADE
VIC1,2026/07/04 22:40:00,6224.58,92.65,TRADE
VIC1,2026/07/04 22:45:00,6142.95,92.66,TRADE
VIC1,2026/07/04 22:50:00,6098.42,104.16,TRADE
VIC1,2026/07/04 22:55:00,6110.89,93.21,TRADE
VIC1,2026/07/04 23:00:00,6095.7,87.91,TRADE
VIC1,2026/07/04 23:05:00,6116.4,104.35,TRADE
VIC1,2026/07/04 23:10:00,6175.07,104.83,TRADE
VIC1,2026/07/04 23:15:00,6188.21,101.28,TRADE
VIC1,2026/07/04 23:20:00,6182.53,89.38,TRADE
VIC1,2026/07/04 23:25:00,6150.5,91.50,TRADE
VIC1,2026/07/04 23:30:00,6096.01,87.26,TRADE
VIC1,2026/07/04 23:35:00,6108.52,94.59,TRADE
VIC1,2026/07/04 23:40:00,6058.01,92.91,TRADE
VIC1,2026/07/04 23:45:00,5995.88,91.49,TRADE
VIC1,2026/07/04 23:50:00,5962.14,86.57,TRADE
VIC1,2026/07/04 23:55:00,5915.6,80.67,TRADE
VIC1,2026/07/05 00:00:00,5902.6,83.78,TRADE
VIC1,2026/07/05 00:05:00,5836.92,90.63,TRADE
VIC1,2026/07/05 00:10:00,5802.65,91.46,TRADE
VIC1,2026/07/05 00:15:00,5830.3,91.67,TRADE
VIC1,2026/07/05 00:20:00,5805.25,91.39,TRADE
VIC1,2026/07/05 00:25:00,5776.86,91.18,TRADE
VIC1,2026/07/05 00:30:00,5747.8,91.31,TRADE
VIC1,2026/07/05 00:35:00,5728.03,92.04,TRADE
VIC1,2026/07/05 00:40:00,5707.19,92.30,TRADE
VIC1,2026/07/05 00:45:00,5597.6,89.83,TRADE
VIC1,2026/07/05 00:50:00,5605.59,88.89,TRADE
VIC1,2026/07/05 00:55:00,5607.52,80.67,TRADE
VIC1,2026/07/05 01:00:00,5572.67,78.59,TRADE
VIC1,2026/07/05 01:05:00,5511.01,91.71,TRADE
VIC1,2026/07/05 01:10:00,5484.11,90.77,TRADE
VIC1,2026/07/05 01:15:00,5468.4,80.96,TRADE
VIC1,2026/07/05 01:20:00,5431.09,80.67,TRADE
VIC1,2026/07/05 01:25:00,5331.24,79.15,TRADE
VIC1,2026/07/05 01:30:00,5355.18,78.10,TRADE
VIC1,2026/07/05 01:35:00,5333.62,80.50,TRADE
VIC1,2026/07/05 01:40:00,5250.77,75.34,TRADE
VIC1,2026/07/05 01:45:00,5280.08,78.46,TRADE
VIC1,2026/07/05 01:50:00,5215.63,73.43,TRADE
VIC1,2026/07/05 01:55:00,5220.21,75.32,TRADE
VIC1,2026/07/05 02:00:00,5181.45,73.38,TRADE
VIC1,2026/07/05 02:05:00,5113.69,69.57,TRADE
VIC1,2026/07/05 02:10:00,5153.72,75.26,TRADE
VIC1,2026/07/05 02:15:00,5152.76,80.50,TRADE
VIC1,2026/07/05 02:20:00,5099.8,70.57,TRADE
VIC1,2026/07/05 02:25:00,5130.59,70.02,TRADE
VIC1,2026/07/05 02:30:00,5087.76,69.47,TRADE
VIC1,2026/07/05 02:35:00,5077.56,79.35,TRADE
VIC1,2026/07/05 02:40:00,5064.53,78.74,TRADE
VIC1,2026/07/05 02:45:00,4959.94,62.22,TRADE
VIC1,2026/07/05 02:50:00,4964.01,68.85,TRADE
VIC1,2026/07/05 02:55:00,5002.31,69.42,TRADE
VIC1,2026/07/05 03:00:00,4957.8,61.72,TRADE
VIC1,2026/07/05 03:05:00,4923.39,68.35,TRADE
VIC1,2026/07/05 03:10:00,4929.73,76.27,TRADE
VIC1,2026/07/05 03:15:00,4947.54,74.17,TRADE
VIC1,2026/07/05 03:20:00,4912.03,60.60,TRADE
VIC1,2026/07/05 03:25:00,4833.84,59.64,TRADE
VIC1,2026/07/05 03:30:00,4885.72,61.24,TRADE
VIC1,2026/07/05 03:35:00,4795.84,67.10,TRADE
VIC1,2026/07/05 03:40:00,4845.73,67.67,TRADE
VIC1,2026/07/05 03:45:00,4844.34,80.50,TRADE
VIC1,2026/07/05 03:50:00,4828.76,61.21,TRADE
VIC1,2026/07/05 03:55:00,4817.12,61.24,TRADE
VIC1,2026/07/05 04:00:00,4826.68,80.50,TRADE
VIC1,2026/07/05 04:05:00,4738.55,74.71,TRADE
VIC1,2026/07/05 04:10:00,4839.38,61.52,TRADE
VIC1,2026/07/05 04:15:00,4857.27,82.93,TRADE
VIC1,2026/07/05 04:20:00,4832.56,76.10,TRADE
VIC1,2026/07/05 04:25:00,4850.55,53.33,TRADE
VIC1,2026/07/05 04:30:00,4848.16,54.40,TRADE
VIC1,2026/07/05 04:35:00,4831.01,67.69,TRADE
VIC1,2026/07/05 04:40:00,4807.21,67.68,TRADE
VIC1,2026/07/05 04:45:00,4726.68,45.82,TRADE
VIC1,2026/07/05 04:50:00,4733.12,50.27,TRADE
VIC1,2026/07/05 04:55:00,4772.87,62.05,TRADE
VIC1,2026/07/05 05:00:00,4824.97,63.92,TRADE
VIC1,2026/07/05 05:05:00,4829.11,63.87,TRADE
VIC1,2026/07/05 05:10:00,4837.46,62.84,TRADE
VIC1,2026/07/05 05:15:00,4855.37,60.01,TRADE
VIC1,2026/07/05 05:20:00,4794.63,61.41,TRADE
VIC1,2026/07/05 05:25:00,4823.69,54.49,TRADE
VIC1,2026/07/05 05:30:00,4898.66,61.53,TRADE
VIC1,2026/07/05 05:35:00,4851.89,60.99,TRADE
VIC1,2026/07/05 05:40:00,4848.42,63.28,TRADE
VIC1,2026/07/05 05:45:00,4930.7,51.91,TRADE
VIC1,2026/07/05 05:50:00,4875.54,50.27,TRADE
VIC1,2026/07/05 05:55:00,4918.97,60.92,TRADE
VIC1,2026/07/05 06:00:00,4906.09,51.24,TRADE
VIC1,2026/07/05 06:05:00,4915.54,50.45,TRADE
VIC1,2026/07/05 06:10:00,5080.89,67.68,TRADE
VIC1,2026/07/05 06:15:00,5058.72,70.69,TRADE
VIC1,2026/07/05 06:20:00,5143,70.69,TRADE
VIC1,2026/07/05 06:25:00,5176.48,70.69,TRADE
VIC1,2026/07/05 06:30:00,5186.83,70.69,TRADE
VIC1,2026/07/05 06:35:00,5121.92,54.82,TRADE
VIC1,2026/07/05 06:40:00,5180.59,68.99,TRADE
VIC1,2026/07/05 06:45:00,5211.18,73.98,TRADE
VIC1,2026/07/05 06:50:00,5267.06,80.50,TRADE
VIC1,2026/07/05 06:55:00,5315.83,80.50,TRADE
VIC1,2026/07/05 07:00:00,5333.4,80.50,TRADE
VIC1,2026/07/05 07:05:00,5435.49,80.50,TRADE
VIC1,2026/07/05 07:10:00,5496,80.87,TRADE
VIC1,2026/07/05 07:15:00,5470.34,80.50,TRADE
VIC1,2026/07/05 07:20:00,5504.65,83.88,TRADE
VIC1,2026/07/05 07:25:00,5575.06,82.79,TRADE
VIC1,2026/07/05 07:30:00,5693.59,82.74,TRADE
VIC1,2026/07/05 07:35:00,5730.14,77.15,TRADE
VIC1,2026/07/05 07:40:00,5779.86,75.68,TRADE
VIC1,2026/07/05 07:45:00,5827.76,80.50,TRADE
VIC1,2026/07/05 07:50:00,5894.54,76.94,TRADE
VIC1,2026/07/05 07:55:00,5956.63,76.22,TRADE
VIC1,2026/07/05 08:00:00,5897.46,73.87,TRADE
VIC1,2026/07/05 08:05:00,5930.5,72.98,TRADE
VIC1,2026/07/05 08:10:00,5964.68,73.98,TRADE
VIC1,2026/07/05 08:15:00,6004.44,70.69,TRADE
VIC1,2026/07/05 08:20:00,6070.61,49.40,TRADE
VIC1,2026/07/05 08:25:00,6092.64,49.24,TRADE
VIC1,2026/07/05 08:30:00,6035.5,47.65,TRADE
VIC1,2026/07/05 08:35:00,6096.85,57.03,TRADE
VIC1,2026/07/05 08:40:00,6110.6,53.71,TRADE
VIC1,2026/07/05 08:45:00,6142.26,45.90,TRADE
VIC1,2026/07/05 08:50:00,6107.63,50.75,TRADE
VIC1,2026/07/05 08:55:00,6046.57,47.68,TRADE
VIC1,2026/07/05 09:00:00,6132.65,47.56,TRADE
VIC1,2026/07/05 09:05:00,6084.63,41.97,TRADE
VIC1,2026/07/05 09:10:00,6002.78,42.26,TRADE
VIC1,2026/07/05 09:15:00,6031.1,41.54,TRADE
VIC1,2026/07/05 09:20:00,6051.84,47.83,TRADE
VIC1,2026/07/05 09:25:00,5959.32,38,TRADE
VIC1,2026/07/05 09:30:00,5910.42,38,TRADE
VIC1,2026/07/05 09:35:00,5891.4,42.73,TRADE
VIC1,2026/07/05 09:40:00,5910.18,42.70,TRADE
VIC1,2026/07/05 09:45:00,5928.96,43.08,TRADE
VIC1,2026/07/05 09:50:00,5915.9,38,TRADE
VIC1,2026/07/05 09:55:00,5776.92,38,TRADE
VIC1,2026/07/05 10:00:00,5759.16,20.54,TRADE
VIC1,2026/07/05 10:05:00,5762.99,38,TRADE
VIC1,2026/07/05 10:10:00,5693.99,27.14,TRADE
VIC1,2026/07/05 10:15:00,5739.13,25.31,TRADE
VIC1,2026/07/05 10:20:00,5687.39,27.14,TRADE
VIC1,2026/07/05 10:25:00,5644.37,27.14,TRADE
VIC1,2026/07/05 10:30:00,5618.99,31.25,TRADE
VIC1,2026/07/05 10:35:00,5480.18,31.25,TRADE
VIC1,2026/07/05 10:40:00,5480.64,42.75,TRADE
VIC1,2026/07/05 10:45:00,5414.78,33.99,TRADE
VIC1,2026/07/05 10:50:00,5409.04,33.51,TRADE
VIC1,2026/07/05 10:55:00,5276.07,23.50,TRADE
VIC1,2026/07/05 11:00:00,5333.98,10.50,TRADE
VIC1,2026/07/05 11:05:00,5292.75,20.68,TRADE
VIC1,2026/07/05 11:10:00,5392.04,27.14,TRADE
VIC1,2026/07/05 11:15:00,5379.94,27.14,TRADE
VIC1,2026/07/05 11:20:00,5364.46,10.66,TRADE
VIC1,2026/07/05 11:25:00,5424.13,11.06,TRADE
VIC1,2026/07/05 11:30:00,5420.17,27.01,TRADE
VIC1,2026/07/05 11:35:00,5366.6,27.14,TRADE
VIC1,2026/07/05 11:40:00,5343.49,11.64,TRADE
VIC1,2026/07/05 11:45:00,5309.34,12.12,TRADE
VIC1,2026/07/05 11:50:00,5242,11.06,TRADE
VIC1,2026/07/05 11:55:00,5153.3,1.67,TRADE
VIC1,2026/07/05 12:00:00,5058.77,1.67,TRADE
VIC1,2026/07/05 12:05:00,5088.22,1.85,TRADE
VIC1,2026/07/05 12:10:00,5060.56,8.81,TRADE
VIC1,2026/07/05 12:15:00,4935.32,0,TRADE
VIC1,2026/07/05 12:20:00,4970.31,1.67,TRADE
VIC1,2026/07/05 12:25:00,4929.4,2,TRADE
VIC1,2026/07/05 12:30:00,4860.76,8.81,TRADE
VIC1,2026/07/05 12:35:00,4747.12,8.81,TRADE
VIC1,2026/07/05 12:40:00,4706.92,1.30,TRADE
VIC1,2026/07/05 12:45:00,4760.87,0,TRADE
VIC1,2026/07/05 12:50:00,4748.22,1.02,TRADE
VIC1,2026/07/05 12:55:00,4677.53,1.48,TRADE
VIC1,2026/07/05 13:00:00,4669.9,0,TRADE
VIC1,2026/07/05 13:05:00,4672.76,10.50,TRADE
VIC1,2026/07/05 13:10:00,4681.47,10.50,TRADE
VIC1,2026/07/05 13:15:00,4592.77,8.81,TRADE
VIC1,2026/07/05 13:20:00,4693.79,10.50,TRADE
VIC1,2026/07/05 13:25:00,4726.68,8.81,TRADE
VIC1,2026/07/05 13:30:00,4633.63,1.44,TRADE
VIC1,2026/07/05 13:35:00,4718.06,11.06,TRADE
VIC1,2026/07/05 13:40:00,4723.53,10.50,TRADE
VIC1,2026/07/05 13:45:00,4763.62,10.50,TRADE
VIC1,2026/07/05 13:50:00,4686.74,1.67,TRADE
VIC1,2026/07/05 13:55:00,4702.58,5.52,TRADE
VIC1,2026/07/05 14:00:00,4740.91,11.06,TRADE
VIC1,2026/07/05 14:05:00,4722.33,5.08,TRADE
VIC1,2026/07/05 14:10:00,4632.22,8.94,TRADE
VIC1,2026/07/05 14:15:00,4636.04,10.50,TRADE
VIC1,2026/07/05 14:20:00,4745.98,8.94,TRADE
VIC1,2026/07/05 14:25:00,4824.72,10.50,TRADE
VIC1,2026/07/05 14:30:00,4794.33,10.50,TRADE
VIC1,2026/07/05 14:35:00,4864.52,10.50,TRADE
VIC1,2026/07/05 14:40:00,4953.2,8.94,TRADE
VIC1,2026/07/05 14:45:00,5010.31,10.65,TRADE
VIC1,2026/07/05 14:50:00,5004.37,10.65,TRADE
VIC1,2026/07/05 14:55:00,5047.07,10.50,TRADE
VIC1,2026/07/05 15:00:00,5116.04,10.50,TRADE
VIC1,2026/07/05 15:05:00,5254.79,10.65,TRADE
VIC1,2026/07/05 15:10:00,5266.01,33.51,TRADE
VIC1,2026/07/05 15:15:00,5267.55,10.66,TRADE
VIC1,2026/07/05 15:20:00,5381.34,23.50,TRADE
VIC1,2026/07/05 15:25:00,5415.76,10.50,TRADE
VIC1,2026/07/05 15:30:00,5509.8,33.51,TRADE
VIC1,2026/07/05 15:35:00,5519.6,10.50,TRADE
VIC1,2026/07/05 15:40:00,5534.55,23.50,TRADE
VIC1,2026/07/05 15:45:00,5667.37,23.50,TRADE
VIC1,2026/07/05 15:50:00,5722.44,23.50,TRADE
VIC1,2026/07/05 15:55:00,5786.23,37.60,TRADE
VIC1,2026/07/05 16:00:00,5893.22,38,TRADE
VIC1,2026/07/05 16:05:00,5945.56,38,TRADE
VIC1,2026/07/05 16:10:00,6044.37,38,TRADE
VIC1,2026/07/05 16:15:00,6102.79,38,TRADE
VIC1,2026/07/05 16:20:00,6138.34,73.01,TRADE
VIC1,2026/07/05 16:25:00,6285.88,87.27,TRADE
VIC1,2026/07/05 16:30:00,6328.07,91.24,TRADE
VIC1,2026/07/05 16:35:00,6358.38,80.50,TRADE
VIC1,2026/07/05 16:40:00,6505.82,97.25,TRADE
VIC1,2026/07/05 16:45:00,6588.43,89.10,TRADE
VIC1,2026/07/05 16:50:00,6681.72,91.10,TRADE
VIC1,2026/07/05 16:55:00,6746.85,98.22,TRADE
VIC1,2026/07/05 17:00:00,6781,109.69,TRADE
VIC1,2026/07/05 17:05:00,6908.39,94.49,TRADE
VIC1,2026/07/05 17:10:00,6955.63,89.67,TRADE
VIC1,2026/07/05 17:15:00,7051.8,97.36,TRADE
VIC1,2026/07/05 17:20:00,7119.61,99.69,TRADE
VIC1,2026/07/05 17:25:00,7153.14,102.07,TRADE
VIC1,2026/07/05 17:30:00,7269.99,100.84,TRADE
VIC1,2026/07/05 17:35:00,7308.68,99.69,TRADE
VIC1,2026/07/05 17:40:00,7324.59,100.05,TRADE
VIC1,2026/07/05 17:45:00,7364.58,99.69,TRADE
VIC1,2026/07/05 17:50:00,7413.51,99.69,TRADE
VIC1,2026/07/05 17:55:00,7445.62,100.63,TRADE
VIC1,2026/07/05 18:00:00,7553.05,107.20,TRADE
VIC1,2026/07/05 18:05:00,7580.73,111.57,TRADE
VIC1,2026/07/05 18:10:00,7569.14,108.63,TRADE
VIC1,2026/07/05 18:15:00,7527.88,104.18,TRADE
VIC1,2026/07/05 18:20:00,7505.78,102.51,TRADE
VIC1,2026/07/05 18:25:00,7530.92,104.09,TRADE
VIC1,2026/07/05 18:30:00,7525.04,104.98,TRADE
VIC1,2026/07/05 18:35:00,7450.21,100.84,TRADE
VIC1,2026/07/05 18:40:00,7426.83,97.82,TRADE
VIC1,2026/07/05 18:45:00,7536.32,99.69,TRADE
VIC1,2026/07/05 18:50:00,7552.46,97.09,TRADE
VIC1,2026/07/05 18:55:00,7518.33,99.32,TRADE
VIC1,2026/07/05 19:00:00,7468.71,99,TRADE
VIC1,2026/07/05 19:05:00,7478.04,99.69,TRADE
VIC1,2026/07/05 19:10:00,7451.5,96.06,TRADE
VIC1,2026/07/05 19:15:00,7432.02,94.69,TRADE
VIC1,2026/07/05 19:20:00,7409.96,95.49,TRADE
VIC1,2026/07/05 19:25:00,7454.47,96.14,TRADE
VIC1,2026/07/05 19:30:00,7386.12,94.05,TRADE
VIC1,2026/07/05 19:35:00,7436.67,94.55,TRADE
VIC1,2026/07/05 19:40:00,7416.52,95.88,TRADE
VIC1,2026/07/05 19:45:00,7427.35,89.90,TRADE
VIC1,2026/07/05 19:50:00,7395.94,89.90,TRADE
VIC1,2026/07/05 19:55:00,7383.62,87.23,TRADE
VIC1,2026/07/05 20:00:00,7392.36,86.84,TRADE
VIC1,2026/07/05 20:05:00,7270.71,95.47,TRADE
VIC1,2026/07/05 20:10:00,7266.52,87.07,TRADE
VIC1,2026/07/05 20:15:00,7297.1,83.82,TRADE
VIC1,2026/07/05 20:20:00,7265.14,87.94,TRADE
VIC1,2026/07/05 20:25:00,7242.24,88.74,TRADE
VIC1,2026/07/05 20:30:00,7231.24,92.13,TRADE
VIC1,2026/07/05 20:35:00,7224.19,80.56,TRADE
VIC1,2026/07/05 20:40:00,7188.39,81.93,TRADE
VIC1,2026/07/05 20:45:00,7097.29,74.70,TRADE
VIC1,2026/07/05 20:50:00,7083.04,82.29,TRADE
VIC1,2026/07/05 20:55:00,7117.01,76.44,TRADE
VIC1,2026/07/05 21:00:00,7137.56,79.78,TRADE
VIC1,2026/07/05 21:05:00,7058.72,80.31,TRADE
VIC1,2026/07/05 21:10:00,7034.48,80.65,TRADE
VIC1,2026/07/05 21:15:00,7019.82,75.73,TRADE
VIC1,2026/07/05 21:20:00,7007.97,76.34,TRADE
VIC1,2026/07/05 21:25:00,6893.38,80.50,TRADE
VIC1,2026/07/05 21:30:00,6854.65,74.07,TRADE
VIC1,2026/07/05 21:35:00,6882.65,80.50,TRADE
VIC1,2026/07/05 21:40:00,6841.73,83.94,TRADE
VIC1,2026/07/05 21:45:00,6773.17,80.50,TRADE
VIC1,2026/07/05 21:50:00,6751.94,72.25,TRADE
VIC1,2026/07/05 21:55:00,6697.02,74.56,TRADE
VIC1,2026/07/05 22:00:00,6670.98,75.14,TRADE
VIC1,2026/07/05 22:05:00,6536.62,84.27,TRADE
VIC1,2026/07/05 22:10:00,6511.02,73.22,TRADE
VIC1,2026/07/05 22:15:00,6544.78,80.50,TRADE
VIC1,2026/07/05 22:20:00,6488.54,73.48,TRADE
VIC1,2026/07/05 22:25:00,6352.31,65.96,TRADE
VIC1,2026/07/05 22:30:00,6372.91,73.47,TRADE
VIC1,2026/07/05 22:35:00,6349.93,76.38,TRADE
VIC1,2026/07/05 22:40:00,6312.04,82.33,TRADE
VIC1,2026/07/05 22:45:00,6257.51,55.47,TRADE
VIC1,2026/07/05 22:50:00,6183.73,56.30,TRADE
VIC1,2026/07/05 22:55:00,6168.37,72,TRADE
VIC1,2026/07/05 23:00:00,6195.21,76.58,TRADE
VIC1,2026/07/05 23:05:00,6168.4,71.89,TRADE
VIC1,2026/07/05 23:10:00,6238.06,75.74,TRADE
VIC1,2026/07/05 23:15:00,6269.98,73.03,TRADE
VIC1,2026/07/05 23:20:00,6232.1,75.65,TRADE
VIC1,2026/07/05 23:25:00,6239.87,80.50,TRADE
VIC1,2026/07/05 23:30:00,6144.31,61.90,TRADE
VIC1,2026/07/05 23:35:00,6135.31,74.14,TRADE
VIC1,2026/07/05 23:40:00,6058.88,75.41,TRADE
VIC1,2026/07/05 23:45:00,5998.26,64.78,TRADE
VIC1,2026/07/05 23:50:00,5952.95,63.27,TRADE
VIC1,2026/07/05 23:55:00,5890.54,73.25,TRADE
VIC1,2026/07/06 00:00:00,5868.95,73.43,TRADE
VIC1,2026/07/06 00:05:00,5859.53,58.04,TRADE
VIC1,2026/07/06 00:10:00,5905.28,80.50,TRADE
VIC1,2026/07/06 00:15:00,5872.06,86.67,TRADE
VIC1,2026/07/06 00:20:00,5811.49,71.57,TRADE
VIC1,2026/07/06 00:25:00,5798.86,69.23,TRADE
VIC1,2026/07/06 00:30:00,5750.47,68.25,TRADE
VIC1,2026/07/06 00:35:00,5820.05,79.49,TRADE
VIC1,2026/07/06 00:40:00,5790.61,80.50,TRADE
VIC1,2026/07/06 00:45:00,5773.22,82.52,TRADE
VIC1,2026/07/06 00:50:00,5667.4,67.29,TRADE
VIC1,2026/07/06 00:55:00,5708.79,85.15,TRADE
VIC1,2026/07/06 01:00:00,5679.67,51.66,TRADE
VIC1,2026/07/06 01:05:00,5651.47,64.88,TRADE
VIC1,2026/07/06 01:10:00,5626.19,77.11,TRADE
VIC1,2026/07/06 01:15:00,5598.97,89.16,TRADE
VIC1,2026/07/06 01:20:00,5483.45,58.56,TRADE
VIC1,2026/07/06 01:25:00,5451.13,64,TRADE
VIC1,2026/07/06 01:30:00,5410.29,67.40,TRADE
VIC1,2026/07/06 01:35:00,5406.31,50.27,TRADE
VIC1,2026/07/06 01:40:00,5461.23,66.35,TRADE
VIC1,2026/07/06 01:45:00,5393.06,75.94,TRADE
VIC1,2026/07/06 01:50:00,5305.44,63.89,TRADE
VIC1,2026/07/06 01:55:00,5355.84,50.27,TRADE
VIC1,2026/07/06 02:00:00,5354.29,68.50,TRADE
VIC1,2026/07/06 02:05:00,5336.54,81.13,TRADE
VIC1,2026/07/06 02:10:00,5328.55,65.68,TRADE
VIC1,2026/07/06 02:15:00,5228.57,51.59,TRADE
VIC1,2026/07/06 02:20:00,5217.02,76.37,TRADE
VIC1,2026/07/06 02:25:00,5251.25,80.50,TRADE
VIC1,2026/07/06 02:30:00,5215.66,58.86,TRADE
VIC1,2026/07/06 02:35:00,5240.74,50.27,TRADE
VIC1,2026/07/06 02:40:00,5236.55,59.36,TRADE
VIC1,2026/07/06 02:45:00,5245.31,67.68,TRADE
VIC1,2026/07/06 02:50:00,5195.77,53.68,TRADE
VIC1,2026/07/06 02:55:00,5142.05,50.53,TRADE
VIC1,2026/07/06 03:00:00,5149.17,67.35,TRADE
VIC1,2026/07/06 03:05:00,5179.86,68.68,TRADE
VIC1,2026/07/06 03:10:00,5209.19,53.77,TRADE
VIC1,2026/07/06 03:15:00,5162,67.68,TRADE
VIC1,2026/07/06 03:20:00,5204.19,75.63,TRADE
VIC1,2026/07/06 03:25:00,5205.78,80.50,TRADE
VIC1,2026/07/06 03:30:00,5210.97,67.63,TRADE
VIC1,2026/07/06 03:35:00,5129.85,63.24,TRADE
VIC1,2026/07/06 03:40:00,5132.95,67.40,TRADE
VIC1,2026/07/06 03:45:00,5126.85,67.34,TRADE
VIC1,2026/07/06 03:50:00,5169.57,64.82,TRADE
VIC1,2026/07/06 03:55:00,5201.88,55.83,TRADE
VIC1,2026/07/06 04:00:00,5203.89,64,TRADE
VIC1,2026/07/06 04:05:00,5186.7,64.29,TRADE
VIC1,2026/07/06 04:10:00,5233.96,73.50,TRADE
VIC1,2026/07/06 04:15:00,5241.93,62.24,TRADE
VIC1,2026/07/06 04:20:00,5191.75,50.07,TRADE
VIC1,2026/07/06 04:25:00,5207.23,56.99,TRADE
VIC1,2026/07/06 04:30:00,5307.48,65.32,TRADE
VIC1,2026/07/06 04:35:00,5300.41,61.59,TRADE
VIC1,2026/07/06 04:40:00,5332.76,50.37,TRADE
VIC1,2026/07/06 04:45:00,5385.82,52.98,TRADE
VIC1,2026/07/06 04:50:00,5380.1,62.24,TRADE
VIC1,2026/07/06 04:55:00,5407.99,52.50,TRADE
VIC1,2026/07/06 05:00:00,5448.44,52.64,TRADE
VIC1,2026/07/06 05:05:00,5408.29,67.46,TRADE
VIC1,2026/07/06 05:10:00,5448.08,70.50,TRADE
VIC1,2026/07/06 05:15:00,5589.86,72.22,TRADE
VIC1,2026/07/06 05:20:00,5648.32,79.31,TRADE
VIC1,2026/07/06 05:25:00,5607.49,80.50,TRADE
VIC1,2026/07/06 05:30:00,5767.85,80.50,TRADE
VIC1,2026/07/06 05:35:00,5790,71.78,TRADE
VIC1,2026/07/06 05:40:00,5857.06,80.50,TRADE
VIC1,2026/07/06 05:45:00,5914.41,84.38,TRADE
VIC1,2026/07/06 05:50:00,5899.6,86.69,TRADE
VIC1,2026/07/06 05:55:00,6027.4,84.66,TRADE
VIC1,2026/07/06 06:00:00,6080.5,91.81,TRADE
VIC1,2026/07/06 06:05:00,6155.26,78.36,TRADE
VIC1,2026/07/06 06:10:00,6347.39,84.91,TRADE
VIC1,2026/07/06 06:15:00,6405.39,91.48,TRADE
VIC1,2026/07/06 06:20:00,6511.62,94.21,TRADE
VIC1,2026/07/06 06:25:00,6589.92,93.32,TRADE
VIC1,2026/07/06 06:30:00,6725.47,92.72,TRADE
VIC1,2026/07/06 06:35:00,6841.08,93.80,TRADE
VIC1,2026/07/06 06:40:00,6984,103.78,TRADE
VIC1,2026/07/06 06:45:00,7087.4,102.70,TRADE
VIC1,2026/07/06 06:50:00,7113.6,103.26,TRADE
VIC1,2026/07/06 06:55:00,7192.4,104.33,TRADE
VIC1,2026/07/06 07:00:00,7352.23,102.99,TRADE
VIC1,2026/07/06 07:05:00,7488.74,105.56,TRADE
VIC1,2026/07/06 07:10:00,7477.52,101.73,TRADE
VIC1,2026/07/06 07:15:00,7641.29,105.50,TRADE
VIC1,2026/07/06 07:20:00,7811.28,106.89,TRADE
VIC1,2026/07/06 07:25:00,7881.02,107.60,TRADE
VIC1,2026/07/06 07:30:00,7970.15,107.75,TRADE
VIC1,2026/07/06 07:35:00,7968.55,102.03,TRADE
VIC1,2026/07/06 07:40:00,8022.46,97.69,TRADE
VIC1,2026/07/06 07:45:00,8162.36,104.33,TRADE
VIC1,2026/07/06 07:50:00,8240.44,113.43,TRADE
VIC1,2026/07/06 07:55:00,8304.99,105.80,TRADE
VIC1,2026/07/06 08:00:00,8296.38,104.02,TRADE
VIC1,2026/07/06 08:05:00,8331.46,102.26,TRADE
VIC1,2026/07/06 08:10:00,8440.72,97.69,TRADE
VIC1,2026/07/06 08:15:00,8407.1,94.75,TRADE
VIC1,2026/07/06 08:20:00,8443.27,108.72,TRADE
VIC1,2026/07/06 08:25:00,8446.11,104.79,TRADE
VIC1,2026/07/06 08:30:00,8405.97,96.55,TRADE
VIC1,2026/07/06 08:35:00,8460.28,97.69,TRADE
VIC1,2026/07/06 08:40:00,8447.04,97.69,TRADE
VIC1,2026/07/06 08:45:00,8411.62,116.35,TRADE
VIC1,2026/07/06 08:50:00,8230.98,98.88,TRADE
VIC1,2026/07/06 08:55:00,8237.69,97.51,TRADE
VIC1,2026/07/06 09:00:00,8230.92,92.39,TRADE
VIC1,2026/07/06 09:05:00,8147.79,92.21,TRADE
VIC1,2026/07/06 09:10:00,8140.38,93.85,TRADE
VIC1,2026/07/06 09:15:00,8104.02,93.25,TRADE
VIC1,2026/07/06 09:20:00,8044,92.45,TRADE
VIC1,2026/07/06 09:25:00,7863,92.79,TRADE
VIC1,2026/07/06 09:30:00,7876.64,92.87,TRADE
VIC1,2026/07/06 09:35:00,7664.44,86.53,TRADE
VIC1,2026/07/06 09:40:00,7606.71,91.26,TRADE
VIC1,2026/07/06 09:45:00,7475.55,47.25,TRADE
VIC1,2026/07/06 09:50:00,7403.49,50.27,TRADE
VIC1,2026/07/06 09:55:00,7293.34,50.27,TRADE
VIC1,2026/07/06 10:00:00,7183.11,85.47,TRADE
VIC1,2026/07/06 10:05:00,7099.58,86.27,TRADE
VIC1,2026/07/06 10:10:00,7055.58,50.27,TRADE
VIC1,2026/07/06 10:15:00,6998.93,49.40,TRADE
VIC1,2026/07/06 10:20:00,6933.42,50.27,TRADE
VIC1,2026/07/06 10:25:00,6856.67,80.41,TRADE
VIC1,2026/07/06 10:30:00,6784.09,49.61,TRADE
VIC1,2026/07/06 10:35:00,6748.16,63.98,TRADE
VIC1,2026/07/06 10:40:00,6658.15,80.41,TRADE
VIC1,2026/07/06 10:45:00,6571.67,80.41,TRADE
VIC1,2026/07/06 10:50:00,6492.95,62.64,TRADE
VIC1,2026/07/06 10:55:00,6408.33,50.26,TRADE
VIC1,2026/07/06 11:00:00,6349.31,49.72,TRADE
VIC1,2026/07/06 11:05:00,6287.07,77.90,TRADE
VIC1,2026/07/06 11:10:00,6326.38,51.58,TRADE
VIC1,2026/07/06 11:15:00,6268.4,48.31,TRADE
VIC1,2026/07/06 11:20:00,6348.15,56.04,TRADE
VIC1,2026/07/06 11:25:00,6249.5,51.71,TRADE
VIC1,2026/07/06 11:30:00,6123.73,44,TRADE
VIC1,2026/07/06 11:35:00,6191.73,50.04,TRADE
VIC1,2026/07/06 11:40:00,6094.85,50.27,TRADE
VIC1,2026/07/06 11:45:00,6014.29,49.16,TRADE
VIC1,2026/07/06 11:50:00,5899.21,47.98,TRADE
VIC1,2026/07/06 11:55:00,5895.76,48.44,TRADE
VIC1,2026/07/06 12:00:00,5806.14,38,TRADE
VIC1,2026/07/06 12:05:00,5793.43,48.43,TRADE
VIC1,2026/07/06 12:10:00,5748.2,50.27,TRADE
VIC1,2026/07/06 12:15:00,5715.95,50.27,TRADE
VIC1,2026/07/06 12:20:00,5713.37,50.27,TRADE
VIC1,2026/07/06 12:25:00,5624.1,47.82,TRADE
VIC1,2026/07/06 12:30:00,5619.23,47.82,TRADE
VIC1,2026/07/06 12:35:00,5597.89,50.27,TRADE
VIC1,2026/07/06 12:40:00,5532.14,50.96,TRADE
VIC1,2026/07/06 12:45:00,5505.28,51.69,TRADE
VIC1,2026/07/06 12:50:00,5476.75,48.41,TRADE
VIC1,2026/07/06 12:55:00,5472.41,48.87,TRADE
VIC1,2026/07/06 13:00:00,5480.16,53.62,TRADE
VIC1,2026/07/06 13:05:00,5491.26,57.65,TRADE
VIC1,2026/07/06 13:10:00,5416.1,67.15,TRADE
VIC1,2026/07/06 13:15:00,5391.4,50.63,TRADE
VIC1,2026/07/06 13:20:00,5513.74,50.27,TRADE
VIC1,2026/07/06 13:25:00,5549.28,60.16,TRADE
VIC1,2026/07/06 13:30:00,5462.23,54.08,TRADE
VIC1,2026/07/06 13:35:00,5471.06,64,TRADE
VIC1,2026/07/06 13:40:00,5479.76,55.27,TRADE
VIC1,2026/07/06 13:45:00,5536.27,56.74,TRADE
VIC1,2026/07/06 13:50:00,5400.54,48.40,TRADE
VIC1,2026/07/06 13:55:00,5441.01,49.67,TRADE
VIC1,2026/07/06 14:00:00,5511.5,56.29,TRADE
VIC1,2026/07/06 14:05:00,5503.27,64,TRADE
VIC1,2026/07/06 14:10:00,5360.45,50.58,TRADE
VIC1,2026/07/06 14:15:00,5383.83,48.40,TRADE
VIC1,2026/07/06 14:20:00,5468.91,50.27,TRADE
VIC1,2026/07/06 14:25:00,5485.21,48.87,TRADE
VIC1,2026/07/06 14:30:00,5420.89,50.16,TRADE
VIC1,2026/07/06 14:35:00,5431.33,50.27,TRADE
VIC1,2026/07/06 14:40:00,5525.72,50.27,TRADE
VIC1,2026/07/06 14:45:00,5579.81,50.27,TRADE
VIC1,2026/07/06 14:50:00,5579.35,43.68,TRADE
VIC1,2026/07/06 14:55:00,5686.34,50.90,TRADE
VIC1,2026/07/06 15:00:00,5707.66,51.79,TRADE
VIC1,2026/07/06 15:05:00,5786.79,50.16,TRADE
VIC1,2026/07/06 15:10:00,5727.09,47.08,TRADE
VIC1,2026/07/06 15:15:00,5780.63,49.57,TRADE
VIC1,2026/07/06 15:20:00,5884.9,48.43,TRADE
VIC1,2026/07/06 15:25:00,5985.95,67.68,TRADE
VIC1,2026/07/06 15:30:00,5978.28,80.50,TRADE
VIC1,2026/07/06 15:35:00,6048.88,60.87,TRADE
VIC1,2026/07/06 15:40:00,6156.54,72.25,TRADE
VIC1,2026/07/06 15:45:00,6238.99,70.94,TRADE
VIC1,2026/07/06 15:50:00,6253.92,80.50,TRADE
VIC1,2026/07/06 15:55:00,6349.7,97.75,TRADE
VIC1,2026/07/06 16:00:00,6462.56,107.99,TRADE
VIC1,2026/07/06 16:05:00,6542,91.72,TRADE
VIC1,2026/07/06 16:10:00,6545.2,94.18,TRADE
VIC1,2026/07/06 16:15:00,6684.99,104.56,TRADE
VIC1,2026/07/06 16:20:00,6781.23,95.46,TRADE
VIC1,2026/07/06 16:25:00,6892.98,110.13,TRADE
VIC1,2026/07/06 16:30:00,6913.15,112.38,TRADE
VIC1,2026/07/06 16:35:00,7058.66,109.15,TRADE
VIC1,2026/07/06 16:40:00,7091.94,107.47,TRADE
VIC1,2026/07/06 16:45:00,7211.66,106.16,TRADE
VIC1,2026/07/06 16:50:00,7369.02,125.76,TRADE
VIC1,2026/07/06 16:55:00,7454.81,114.83,TRADE
VIC1,2026/07/06 17:00:00,7571.15,111.52,TRADE
VIC1,2026/07/06 17:05:00,7699.58,111.98,TRADE
VIC1,2026/07/06 17:10:00,7714.28,116.52,TRADE
VIC1,2026/07/06 17:15:00,7852.76,112.21,TRADE
VIC1,2026/07/06 17:20:00,7872.86,119.05,TRADE
VIC1,2026/07/06 17:25:00,7965.34,118.35,TRADE
VIC1,2026/07/06 17:30:00,8045.65,119.05,TRADE
VIC1,2026/07/06 17:35:00,8089.53,115,TRADE
VIC1,2026/07/06 17:40:00,8198.03,115.26,TRADE
VIC1,2026/07/06 17:45:00,8289.02,118.76,TRADE
VIC1,2026/07/06 17:50:00,8406.37,119.05,TRADE
VIC1,2026/07/06 17:55:00,8463.16,119.05,TRADE
VIC1,2026/07/06 18:00:00,8424.64,129.06,TRADE
VIC1,2026/07/06 18:05:00,8445.98,119.05,TRADE
VIC1,2026/07/06 18:10:00,8456.66,119.05,TRADE
VIC1,2026/07/06 18:15:00,8471.59,118.29,TRADE
VIC1,2026/07/06 18:20:00,8483.64,116.71,TRADE
VIC1,2026/07/06 18:25:00,8421.9,118.68,TRADE
VIC1,2026/07/06 18:30:00,8423.91,115.80,TRADE
VIC1,2026/07/06 18:35:00,8385.96,119.05,TRADE
VIC1,2026/07/06 18:40:00,8407.4,115,TRADE
VIC1,2026/07/06 18:45:00,8439,119.05,TRADE
VIC1,2026/07/06 18:50:00,8402.69,119.05,TRADE
VIC1,2026/07/06 18:55:00,8377.01,111.98,TRADE
VIC1,2026/07/06 19:00:00,8395.09,111.98,TRADE
VIC1,2026/07/06 19:05:00,8387.75,113.54,TRADE
VIC1,2026/07/06 19:10:00,8289.11,111.98,TRADE
VIC1,2026/07/06 19:15:00,8346.58,115.28,TRADE
VIC1,2026/07/06 19:20:00,8315.42,115,TRADE
VIC1,2026/07/06 19:25:00,8254.13,110.40,TRADE
VIC1,2026/07/06 19:30:00,8272.54,110.40,TRADE
VIC1,2026/07/06 19:35:00,8255.57,115.17,TRADE
VIC1,2026/07/06 19:40:00,8271.33,111.98,TRADE
VIC1,2026/07/06 19:45:00,8255.42,111.98,TRADE
VIC1,2026/07/06 19:50:00,8167.5,110.40,TRADE
VIC1,2026/07/06 19:55:00,8176.05,110.40,TRADE
VIC1,2026/07/06 20:00:00,8176.92,109.75,TRADE
VIC1,2026/07/06 20:05:00,8065.36,103.47,TRADE
VIC1,2026/07/06 20:10:00,8136.19,105.29,TRADE
VIC1,2026/07/06 20:15:00,8066.38,104.27,TRADE
VIC1,2026/07/06 20:20:00,8056.46,104.13,TRADE
VIC1,2026/07/06 20:25:00,8033.96,104.20,TRADE
VIC1,2026/07/06 20:30:00,7936.85,101.58,TRADE
VIC1,2026/07/06 20:35:00,7953.62,115.87,TRADE
VIC1,2026/07/06 20:40:00,7922.89,110.40,TRADE
VIC1,2026/07/06 20:45:00,7872.91,109.32,TRADE
VIC1,2026/07/06 20:50:00,7844.31,116.65,TRADE
VIC1,2026/07/06 20:55:00,7817.24,100.84,TRADE
VIC1,2026/07/06 21:00:00,7806.29,102.59,TRADE
VIC1,2026/07/06 21:05:00,7767.34,110.40,TRADE
VIC1,2026/07/06 21:10:00,7683.18,104.18,TRADE
VIC1,2026/07/06 21:15:00,7685.33,104.17,TRADE
VIC1,2026/07/06 21:20:00,7602.68,102.04,TRADE
VIC1,2026/07/06 21:25:00,7588.4,102.04,TRADE
VIC1,2026/07/06 21:30:00,7570.42,101.96,TRADE
VIC1,2026/07/06 21:35:00,7445.51,99.99,TRADE
VIC1,2026/07/06 21:40:00,7482.48,99.99,TRADE
VIC1,2026/07/06 21:45:00,7436.6,99.99,TRADE
VIC1,2026/07/06 21:50:00,7372.39,99.99,TRADE
VIC1,2026/07/06 21:55:00,7210.72,97.31,TRADE
VIC1,2026/07/06 22:00:00,7182.28,97,TRADE
VIC1,2026/07/06 22:05:00,7144.16,99.27,TRADE
VIC1,2026/07/06 22:10:00,7134.46,109.46,TRADE
VIC1,2026/07/06 22:15:00,7034.95,99.99,TRADE
VIC1,2026/07/06 22:20:00,6999.39,95.13,TRADE
VIC1,2026/07/06 22:25:00,6943.25,99.58,TRADE
VIC1,2026/07/06 22:30:00,6890.72,86.82,TRADE
VIC1,2026/07/06 22:35:00,6777.25,91.67,TRADE
VIC1,2026/07/06 22:40:00,6730.14,90.23,TRADE
VIC1,2026/07/06 22:45:00,6713.82,83.40,TRADE
VIC1,2026/07/06 22:50:00,6693.09,83.28,TRADE
VIC1,2026/07/06 22:55:00,6656.52,80.41,TRADE
VIC1,2026/07/06 23:00:00,6583.69,87.55,TRADE
VIC1,2026/07/06 23:05:00,6563.44,86.45,TRADE
VIC1,2026/07/06 23:10:00,6704.93,96.64,TRADE
VIC1,2026/07/06 23:15:00,6707.45,99,TRADE
VIC1,2026/07/06 23:20:00,6683.77,90.26,TRADE
VIC1,2026/07/06 23:25:00,6656.35,89.63,TRADE
VIC1,2026/07/06 23:30:00,6589.97,89.61,TRADE
VIC1,2026/07/06 23:35:00,6572.49,99,TRADE
VIC1,2026/07/06 23:40:00,6530.32,99,TRADE
VIC1,2026/07/06 23:45:00,6406.54,98.06,TRADE
VIC1,2026/07/06 23:50:00,6398.34,98.88,TRADE
VIC1,2026/07/06 23:55:00,6414.3,99,TRADE
VIC1,2026/07/07 00:00:00,6359.87,90.24,TRADE
VIC1,2026/07/07 00:05:00,6357.21,96.91,TRADE
VIC1,2026/07/07 00:10:00,6288.17,102.49,TRADE
VIC1,2026/07/07 00:15:00,6275.53,99,TRADE
VIC1,2026/07/07 00:20:00,6310.11,98.55,TRADE
VIC1,2026/07/07 00:25:00,6284.25,96.59,TRADE
VIC1,2026/07/07 00:30:00,6223.94,96.89,TRADE
VIC1,2026/07/07 00:35:00,6211.35,98.31,TRADE
VIC1,2026/07/07 00:40:00,6158.63,99,TRADE
VIC1,2026/07/07 00:45:00,6160.18,98.53,TRADE
VIC1,2026/07/07 00:50:00,6037.42,89.78,TRADE
VIC1,2026/07/07 00:55:00,6043.32,91.75,TRADE
VIC1,2026/07/07 01:00:00,6059.41,96.54,TRADE
VIC1,2026/07/07 01:05:00,6028.49,96.55,TRADE
VIC1,2026/07/07 01:10:00,5936.1,85.97,TRADE
VIC1,2026/07/07 01:15:00,5994.26,88.86,TRADE
VIC1,2026/07/07 01:20:00,5927.18,91.88,TRADE
VIC1,2026/07/07 01:25:00,5922.22,90.31,TRADE
VIC1,2026/07/07 01:30:00,5891.72,90.31,TRADE
VIC1,2026/07/07 01:35:00,5796.66,90.86,TRADE
VIC1,2026/07/07 01:40:00,5823.37,90.88,TRADE
VIC1,2026/07/07 01:45:00,5782.98,83.96,TRADE
VIC1,2026/07/07 01:50:00,5807.87,89.13,TRADE
VIC1,2026/07/07 01:55:00,5754.34,89.18,TRADE
VIC1,2026/07/07 02:00:00,5720.11,82.78,TRADE
VIC1,2026/07/07 02:05:00,5741.9,93.27,TRADE
VIC1,2026/07/07 02:10:00,5716.22,92.96,TRADE
VIC1,2026/07/07 02:15:00,5613.49,90.54,TRADE
VIC1,2026/07/07 02:20:00,5585.13,84.97,TRADE
VIC1,2026/07/07 02:25:00,5650.63,90.48,TRADE
VIC1,2026/07/07 02:30:00,5549.74,80.92,TRADE
VIC1,2026/07/07 02:35:00,5625.68,80.68,TRADE
VIC1,2026/07/07 02:40:00,5619,86.59,TRADE
VIC1,2026/07/07 02:45:00,5606.36,80.50,TRADE
VIC1,2026/07/07 02:50:00,5624.49,80.68,TRADE
VIC1,2026/07/07 02:55:00,5620.65,88.16,TRADE
VIC1,2026/07/07 03:00:00,5516.77,80.41,TRADE
VIC1,2026/07/07 03:05:00,5540.25,80.50,TRADE
VIC1,2026/07/07 03:10:00,5533.56,85.91,TRADE
VIC1,2026/07/07 03:15:00,5583.22,85.88,TRADE
VIC1,2026/07/07 03:20:00,5568.14,81.01,TRADE
VIC1,2026/07/07 03:25:00,5533.49,85.22,TRADE
VIC1,2026/07/07 03:30:00,5572.68,84.31,TRADE
VIC1,2026/07/07 03:35:00,5596.37,85.86,TRADE
VIC1,2026/07/07 03:40:00,5605.33,86.35,TRADE
VIC1,2026/07/07 03:45:00,5502.92,80.50,TRADE
VIC1,2026/07/07 03:50:00,5541.6,84.42,TRADE
VIC1,2026/07/07 03:55:00,5616.04,85.80,TRADE
VIC1,2026/07/07 04:00:00,5611.74,85.55,TRADE
VIC1,2026/07/07 04:05:00,5602,80.50,TRADE
VIC1,2026/07/07 04:10:00,5638.52,84.78,TRADE
VIC1,2026/07/07 04:15:00,5658.3,88.74,TRADE
VIC1,2026/07/07 04:20:00,5637.39,84.78,TRADE
VIC1,2026/07/07 04:25:00,5597.4,84.78,TRADE
VIC1,2026/07/07 04:30:00,5607.13,87.44,TRADE
VIC1,2026/07/07 04:35:00,5648.61,86.13,TRADE
VIC1,2026/07/07 04:40:00,5692.22,91.69,TRADE
VIC1,2026/07/07 04:45:00,5636.69,84.78,TRADE
VIC1,2026/07/07 04:50:00,5727.69,97.52,TRADE
VIC1,2026/07/07 04:55:00,5724.83,96.58,TRADE
VIC1,2026/07/07 05:00:00,5788.72,97.52,TRADE
VIC1,2026/07/07 05:05:00,5829.56,93.80,TRADE
VIC1,2026/07/07 05:10:00,5825.84,97.44,TRADE
VIC1,2026/07/07 05:15:00,5902.55,96.64,TRADE
VIC1,2026/07/07 05:20:00,5957.03,102.85,TRADE
VIC1,2026/07/07 05:25:00,5983.46,102.85,TRADE
VIC1,2026/07/07 05:30:00,6119.94,102.92,TRADE
VIC1,2026/07/07 05:35:00,6148.32,102.85,TRADE
VIC1,2026/07/07 05:40:00,6216.6,102.85,TRADE
VIC1,2026/07/07 05:45:00,6253.31,102.85,TRADE
VIC1,2026/07/07 05:50:00,6331.14,102.88,TRADE
VIC1,2026/07/07 05:55:00,6318.17,102.92,TRADE
VIC1,2026/07/07 06:00:00,6397.55,109.23,TRADE
VIC1,2026/07/07 06:05:00,6522.47,102.88,TRADE
VIC1,2026/07/07 06:10:00,6669.55,109.02,TRADE
VIC1,2026/07/07 06:15:00,6767.86,112,TRADE
VIC1,2026/07/07 06:20:00,6803.38,114.15,TRADE
VIC1,2026/07/07 06:25:00,6931.1,117.39,TRADE
VIC1,2026/07/07 06:30:00,7045.81,119.05,TRADE
VIC1,2026/07/07 06:35:00,7135.17,118.54,TRADE
VIC1,2026/07/07 06:40:00,7271.68,120.71,TRADE
VIC1,2026/07/07 06:45:00,7356.32,124.13,TRADE
VIC1,2026/07/07 06:50:00,7361.24,125.68,TRADE
VIC1,2026/07/07 06:55:00,7457.7,128.58,TRADE
VIC1,2026/07/07 07:00:00,7532.4,136.67,TRADE
VIC1,2026/07/07 07:05:00,7608.75,123.94,TRADE
VIC1,2026/07/07 07:10:00,7647.86,115.73,TRADE
VIC1,2026/07/07 07:15:00,7748.81,120.20,TRADE
VIC1,2026/07/07 07:20:00,7870.14,148.15,TRADE
VIC1,2026/07/07 07:25:00,7930.83,135.69,TRADE
VIC1,2026/07/07 07:30:00,7953.32,125.68,TRADE
VIC1,2026/07/07 07:35:00,8038.85,130.70,TRADE
VIC1,2026/07/07 07:40:00,8178.09,139,TRADE
VIC1,2026/07/07 07:45:00,8200.74,135.69,TRADE
VIC1,2026/07/07 07:50:00,8283.05,135.69,TRADE
VIC1,2026/07/07 07:55:00,8283.29,137.45,TRADE
VIC1,2026/07/07 08:00:00,8369.62,137.20,TRADE
VIC1,2026/07/07 08:05:00,8404.66,135.44,TRADE
VIC1,2026/07/07 08:10:00,8510.72,135.69,TRADE
VIC1,2026/07/07 08:15:00,8574.66,138.21,TRADE
VIC1,2026/07/07 08:20:00,8589.24,137.20,TRADE
VIC1,2026/07/07 08:25:00,8615.39,125.68,TRADE
VIC1,2026/07/07 08:30:00,8572.39,119.05,TRADE
VIC1,2026/07/07 08:35:00,8585.87,125.68,TRADE
VIC1,2026/07/07 08:40:00,8652.7,119.05,TRADE
VIC1,2026/07/07 08:45:00,8649.5,119.05,TRADE
VIC1,2026/07/07 08:50:00,8618.96,119.05,TRADE
VIC1,2026/07/07 08:55:00,8570.12,135.69,TRADE
VIC1,2026/07/07 09:00:00,8582.1,120.29,TRADE
VIC1,2026/07/07 09:05:00,8543.29,139,TRADE
VIC1,2026/07/07 09:10:00,8458.66,135.69,TRADE
VIC1,2026/07/07 09:15:00,8435.04,102.85,TRADE
VIC1,2026/07/07 09:20:00,8477.46,97.52,TRADE
VIC1,2026/07/07 09:25:00,8511.95,105.29,TRADE
VIC1,2026/07/07 09:30:00,8501.85,106.92,TRADE
VIC1,2026/07/07 09:35:00,8392.56,108.72,TRADE
VIC1,2026/07/07 09:40:00,8378.9,108.85,TRADE
VIC1,2026/07/07 09:45:00,8312.34,98.95,TRADE
VIC1,2026/07/07 09:50:00,8288.75,98.65,TRADE
VIC1,2026/07/07 09:55:00,8152.29,97.52,TRADE
VIC1,2026/07/07 10:00:00,8110.12,95.03,TRADE
VIC1,2026/07/07 10:05:00,8186.73,109.99,TRADE
VIC1,2026/07/07 10:10:00,8186.71,111.53,TRADE
VIC1,2026/07/07 10:15:00,8089.15,101.84,TRADE
VIC1,2026/07/07 10:20:00,8128.6,121.29,TRADE
VIC1,2026/07/07 10:25:00,8090.99,126.06,TRADE
VIC1,2026/07/07 10:30:00,8056.39,125.68,TRADE
VIC1,2026/07/07 10:35:00,8011.74,135.69,TRADE
VIC1,2026/07/07 10:40:00,7939.06,135.69,TRADE
VIC1,2026/07/07 10:45:00,7905.38,135.69,TRADE
VIC1,2026/07/07 10:50:00,7875.48,120.88,TRADE
VIC1,2026/07/07 10:55:00,7791.91,115.46,TRADE
VIC1,2026/07/07 11:00:00,7819.63,116.50,TRADE
VIC1,2026/07/07 11:05:00,7765.89,135.69,TRADE
VIC1,2026/07/07 11:10:00,7931.03,164.69,TRADE
VIC1,2026/07/07 11:15:00,7896.69,164.69,TRADE
VIC1,2026/07/07 11:20:00,7798.55,159.98,TRADE
VIC1,2026/07/07 11:25:00,7762.64,143.54,TRADE
VIC1,2026/07/07 11:30:00,7786.92,135.69,TRADE
VIC1,2026/07/07 11:35:00,7811.91,120.96,TRADE
VIC1,2026/07/07 11:40:00,7825.01,124.58,TRADE
VIC1,2026/07/07 11:45:00,7795.08,119.82,TRADE
VIC1,2026/07/07 11:50:00,7769.61,119.44,TRADE
VIC1,2026/07/07 11:55:00,7726.06,119.81,TRADE
VIC1,2026/07/07 12:00:00,7644.34,117.57,TRADE
VIC1,2026/07/07 12:05:00,7710.47,120.57,TRADE
VIC1,2026/07/07 12:10:00,7590.51,119.05,TRADE
VIC1,2026/07/07 12:15:00,7600.83,120.97,TRADE
VIC1,2026/07/07 12:20:00,7646.45,123.21,TRADE
VIC1,2026/07/07 12:25:00,7603.41,123.83,TRADE
VIC1,2026/07/07 12:30:00,7514.22,115.67,TRADE
VIC1,2026/07/07 12:35:00,7568.9,121.50,TRADE
VIC1,2026/07/07 12:40:00,7553.26,123.10,TRADE
VIC1,2026/07/07 12:45:00,7477.24,121.50,TRADE
VIC1,2026/07/07 12:50:00,7474.84,120.14,TRADE
VIC1,2026/07/07 12:55:00,7538.46,144.77,TRADE
VIC1,2026/07/07 13:00:00,7421.32,137.67,TRADE
VIC1,2026/07/07 13:05:00,7377.18,119.75,TRADE
VIC1,2026/07/07 13:10:00,7462.96,122.06,TRADE
VIC1,2026/07/07 13:15:00,7425.85,121.50,TRADE
VIC1,2026/07/07 13:20:00,7364.92,120.29,TRADE
VIC1,2026/07/07 13:25:00,7412.86,120.51,TRADE
VIC1,2026/07/07 13:30:00,7364.04,120.88,TRADE
VIC1,2026/07/07 13:35:00,7348.62,121.50,TRADE
VIC1,2026/07/07 13:40:00,7309.42,121.67,TRADE
VIC1,2026/07/07 13:45:00,7387.12,122.04,TRADE
VIC1,2026/07/07 13:50:00,7285.6,99,TRADE
VIC1,2026/07/07 13:55:00,7347.96,115.67,TRADE
VIC1,2026/07/07 14:00:00,7329.97,124,TRADE
VIC1,2026/07/07 14:05:00,7267.85,124,TRADE
VIC1,2026/07/07 14:10:00,7198.77,121.67,TRADE
VIC1,2026/07/07 14:15:00,7201.82,121.67,TRADE
VIC1,2026/07/07 14:20:00,7123.34,103.60,TRADE
VIC1,2026/07/07 14:25:00,7214.85,121.57,TRADE
VIC1,2026/07/07 14:30:00,7175.66,127.09,TRADE
VIC1,2026/07/07 14:35:00,7188.57,130.77,TRADE
VIC1,2026/07/07 14:40:00,7212.8,135.68,TRADE
VIC1,2026/07/07 14:45:00,7109.42,144.77,TRADE
VIC1,2026/07/07 14:50:00,7124.75,139.09,TRADE
VIC1,2026/07/07 14:55:00,7239.37,123.76,TRADE
VIC1,2026/07/07 15:00:00,7212.33,121.67,TRADE
VIC1,2026/07/07 15:05:00,7238.76,121.67,TRADE
VIC1,2026/07/07 15:10:00,7319.42,124,TRADE
VIC1,2026/07/07 15:15:00,7328.99,135.68,TRADE
VIC1,2026/07/07 15:20:00,7305.11,124.40,TRADE
VIC1,2026/07/07 15:25:00,7423.22,144.77,TRADE
VIC1,2026/07/07 15:30:00,7401.14,144.77,TRADE
VIC1,2026/07/07 15:35:00,7459.88,144.77,TRADE
VIC1,2026/07/07 15:40:00,7412.13,121.67,TRADE
VIC1,2026/07/07 15:45:00,7479.19,119.75,TRADE
VIC1,2026/07/07 15:50:00,7596.1,131.60,TRADE
VIC1,2026/07/07 15:55:00,7632.03,135.68,TRADE
VIC1,2026/07/07 16:00:00,7678.81,144.77,TRADE
VIC1,2026/07/07 16:05:00,7724.74,144.77,TRADE
VIC1,2026/07/07 16:10:00,7754.21,144.77,TRADE
VIC1,2026/07/07 16:15:00,7795.4,144.77,TRADE
VIC1,2026/07/07 16:20:00,7762.46,149.67,TRADE
VIC1,2026/07/07 16:25:00,7774.03,149.67,TRADE
VIC1,2026/07/07 16:30:00,7929.46,149.24,TRADE
VIC1,2026/07/07 16:35:00,7922.64,149.24,TRADE
VIC1,2026/07/07 16:40:00,8039.57,165.05,TRADE
VIC1,2026/07/07 16:45:00,8095.64,165.78,TRADE
VIC1,2026/07/07 16:50:00,8168.09,187.55,TRADE
VIC1,2026/07/07 16:55:00,8118.6,184,TRADE
VIC1,2026/07/07 17:00:00,8189.46,164.69,TRADE
VIC1,2026/07/07 17:05:00,8328.92,160.33,TRADE
VIC1,2026/07/07 17:10:00,8423.75,157.97,TRADE
VIC1,2026/07/07 17:15:00,8424.27,164.69,TRADE
VIC1,2026/07/07 17:20:00,8521.47,156.82,TRADE
VIC1,2026/07/07 17:25:00,8582.35,174.34,TRADE
VIC1,2026/07/07 17:30:00,8726.96,174.46,TRADE
VIC1,2026/07/07 17:35:00,8735.12,164.69,TRADE
VIC1,2026/07/07 17:40:00,8799.91,165.68,TRADE
VIC1,2026/07/07 17:45:00,8922.88,186.69,TRADE
VIC1,2026/07/07 17:50:00,8911.4,164.69,TRADE
VIC1,2026/07/07 17:55:00,9020.14,164.69,TRADE
VIC1,2026/07/07 18:00:00,8936.35,149.51,TRADE
VIC1,2026/07/07 18:05:00,8970.03,164.69,TRADE
VIC1,2026/07/07 18:10:00,8872.81,155.39,TRADE
VIC1,2026/07/07 18:15:00,8930.44,153.76,TRADE
VIC1,2026/07/07 18:20:00,8804.48,164.69,TRADE
VIC1,2026/07/07 18:25:00,8823.74,139,TRADE
VIC1,2026/07/07 18:30:00,8874.69,154.47,TRADE
VIC1,2026/07/07 18:35:00,8863.34,138.95,TRADE
VIC1,2026/07/07 18:40:00,8858.21,138.89,TRADE
VIC1,2026/07/07 18:45:00,8791.86,149.24,TRADE
VIC1,2026/07/07 18:50:00,8811.25,149.24,TRADE
VIC1,2026/07/07 18:55:00,8796.66,145.02,TRADE
VIC1,2026/07/07 19:00:00,8675.57,139,TRADE
VIC1,2026/07/07 19:05:00,8750.82,149.27,TRADE
VIC1,2026/07/07 19:10:00,8631.23,139,TRADE
VIC1,2026/07/07 19:15:00,8623.39,149.28,TRADE
VIC1,2026/07/07 19:20:00,8640.3,149.24,TRADE
VIC1,2026/07/07 19:25:00,8653.68,149.25,TRADE
VIC1,2026/07/07 19:30:00,8619.34,149.24,TRADE
VIC1,2026/07/07 19:35:00,8569.72,187.55,TRADE
VIC1,2026/07/07 19:40:00,8565.72,187.55,TRADE
VIC1,2026/07/07 19:45:00,8434.72,140.62,TRADE
VIC1,2026/07/07 19:50:00,8439.26,164.69,TRADE
VIC1,2026/07/07 19:55:00,8470.55,139,TRADE
VIC1,2026/07/07 20:00:00,8381.9,137.72,TRADE
VIC1,2026/07/07 20:05:00,8359.62,136.31,TRADE
VIC1,2026/07/07 20:10:00,8353.58,133.14,TRADE
VIC1,2026/07/07 20:15:00,8311.29,132.07,TRADE
VIC1,2026/07/07 20:20:00,8290.75,130.97,TRADE
VIC1,2026/07/07 20:25:00,8306.63,129.97,TRADE
VIC1,2026/07/07 20:30:00,8176.01,121.34,TRADE
VIC1,2026/07/07 20:35:00,8224.98,131.87,TRADE
VIC1,2026/07/07 20:40:00,8188.04,131.85,TRADE
VIC1,2026/07/07 20:45:00,8147.14,121.03,TRADE
VIC1,2026/07/07 20:50:00,8064.98,111.89,TRADE
VIC1,2026/07/07 20:55:00,8009.64,111.61,TRADE
VIC1,2026/07/07 21:00:00,8025.56,122.14,TRADE
VIC1,2026/07/07 21:05:00,7976.55,132.71,TRADE
VIC1,2026/07/07 21:10:00,7888.95,143.11,TRADE
VIC1,2026/07/07 21:15:00,7928.51,124.62,TRADE
VIC1,2026/07/07 21:20:00,7868.55,122.34,TRADE
VIC1,2026/07/07 21:25:00,7832.09,119.88,TRADE
VIC1,2026/07/07 21:30:00,7701.07,112.99,TRADE
VIC1,2026/07/07 21:35:00,7676.19,119.89,TRADE
VIC1,2026/07/07 21:40:00,7624.32,118.09,TRADE
VIC1,2026/07/07 21:45:00,7510.59,104.78,TRADE
VIC1,2026/07/07 21:50:00,7498.62,112,TRADE
VIC1,2026/07/07 21:55:00,7462.96,108.95,TRADE
VIC1,2026/07/07 22:00:00,7391.45,97.76,TRADE
VIC1,2026/07/07 22:05:00,7350.61,111.29,TRADE
VIC1,2026/07/07 22:10:00,7290.74,122.56,TRADE
VIC1,2026/07/07 22:15:00,7220.8,109.06,TRADE
VIC1,2026/07/07 22:20:00,7086.35,114.29,TRADE
VIC1,2026/07/07 22:25:00,7118.13,116.22,TRADE
VIC1,2026/07/07 22:30:00,7009.4,103.95,TRADE
VIC1,2026/07/07 22:35:00,6975.95,103.82,TRADE
VIC1,2026/07/07 22:40:00,6905.76,105.35,TRADE
VIC1,2026/07/07 22:45:00,6868.71,98.43,TRADE
VIC1,2026/07/07 22:50:00,6789.96,106.06,TRADE
VIC1,2026/07/07 22:55:00,6692,96.63,TRADE
VIC1,2026/07/07 23:00:00,6637.67,95.97,TRADE
VIC1,2026/07/07 23:05:00,6643.46,98.29,TRADE
VIC1,2026/07/07 23:10:00,6717.22,105.67,TRADE
VIC1,2026/07/07 23:15:00,6697.86,107.15,TRADE
VIC1,2026/07/07 23:20:00,6693.31,100.42,TRADE
VIC1,2026/07/07 23:25:00,6639.03,105.62,TRADE
VIC1,2026/07/07 23:30:00,6619.84,99,TRADE
VIC1,2026/07/07 23:35:00,6573.53,107.50,TRADE
VIC1,2026/07/07 23:40:00,6569.83,112.53,TRADE
VIC1,2026/07/07 23:45:00,6554.59,105.82,TRADE
VIC1,2026/07/07 23:50:00,6503.74,105.65,TRADE
VIC1,2026/07/07 23:55:00,6441.47,104,TRADE
VIC1,2026/07/08 00:00:00,6324.43,97.52,TRADE
VIC1,2026/07/08 00:05:00,6408.93,103.10,TRADE
VIC1,2026/07/08 00:10:00,6381.6,102.19,TRADE
VIC1,2026/07/08 00:15:00,6282.52,97.81,TRADE
VIC1,2026/07/08 00:20:00,6312.64,103.19,TRADE
VIC1,2026/07/08 00:25:00,6274.24,97.52,TRADE
VIC1,2026/07/08 00:30:00,6288.27,104.01,TRADE
VIC1,2026/07/08 00:35:00,6227.6,105.49,TRADE
VIC1,2026/07/08 00:40:00,6124.71,97.10,TRADE
VIC1,2026/07/08 00:45:00,6145.61,97.52,TRADE
VIC1,2026/07/08 00:50:00,6056.07,97.14,TRADE
VIC1,2026/07/08 00:55:00,6053.72,97.06,TRADE
VIC1,2026/07/08 01:00:00,6096.46,96.84,TRADE
VIC1,2026/07/08 01:05:00,6040.56,97.13,TRADE
VIC1,2026/07/08 01:10:00,6019.41,97.52,TRADE
VIC1,2026/07/08 01:15:00,5925.86,96.50,TRADE
VIC1,2026/07/08 01:20:00,5958.41,96.18,TRADE
VIC1,2026/07/08 01:25:00,5930.11,96.81,TRADE
VIC1,2026/07/08 01:30:00,5846.14,93.81,TRADE
VIC1,2026/07/08 01:35:00,5819.77,94.09,TRADE
VIC1,2026/07/08 01:40:00,5868.93,97.52,TRADE
VIC1,2026/07/08 01:45:00,5812.55,96.91,TRADE
VIC1,2026/07/08 01:50:00,5806.07,92.86,TRADE
VIC1,2026/07/08 01:55:00,5772.8,93.14,TRADE
VIC1,2026/07/08 02:00:00,5736.43,91.74,TRADE
VIC1,2026/07/08 02:05:00,5729.61,96.79,TRADE
VIC1,2026/07/08 02:10:00,5639.29,94.54,TRADE
VIC1,2026/07/08 02:15:00,5624.47,93.90,TRADE
VIC1,2026/07/08 02:20:00,5618.76,93.61,TRADE
VIC1,2026/07/08 02:25:00,5634.86,95.53,TRADE
VIC1,2026/07/08 02:30:00,5638.87,94.54,TRADE
VIC1,2026/07/08 02:35:00,5613.58,93.20,TRADE
VIC1,2026/07/08 02:40:00,5618.28,93.54,TRADE
VIC1,2026/07/08 02:45:00,5616.65,93.26,TRADE
VIC1,2026/07/08 02:50:00,5606.1,93.25,TRADE
VIC1,2026/07/08 02:55:00,5531.56,93.64,TRADE
VIC1,2026/07/08 03:00:00,5498.17,93.02,TRADE
VIC1,2026/07/08 03:05:00,5566.22,91.90,TRADE
VIC1,2026/07/08 03:10:00,5472.28,91.37,TRADE
VIC1,2026/07/08 03:15:00,5539.81,94.54,TRADE
VIC1,2026/07/08 03:20:00,5493.09,94.54,TRADE
VIC1,2026/07/08 03:25:00,5513.99,93.19,TRADE
VIC1,2026/07/08 03:30:00,5479.07,93.64,TRADE
VIC1,2026/07/08 03:35:00,5511.46,94.54,TRADE
VIC1,2026/07/08 03:40:00,5497.43,92.82,TRADE
VIC1,2026/07/08 03:45:00,5426.02,91.35,TRADE
VIC1,2026/07/08 03:50:00,5447.87,92.96,TRADE
VIC1,2026/07/08 03:55:00,5510.31,91.61,TRADE
VIC1,2026/07/08 04:00:00,5503.36,93.92,TRADE
VIC1,2026/07/08 04:05:00,5412.19,92.66,TRADE
VIC1,2026/07/08 04:10:00,5521.43,94.54,TRADE
VIC1,2026/07/08 04:15:00,5520.23,93.77,TRADE
VIC1,2026/07/08 04:20:00,5518.65,94.54,TRADE
VIC1,2026/07/08 04:25:00,5464.94,94.06,TRADE
VIC1,2026/07/08 04:30:00,5471.05,91.84,TRADE
VIC1,2026/07/08 04:35:00,5508.59,92.59,TRADE
VIC1,2026/07/08 04:40:00,5535.71,94.36,TRADE
VIC1,2026/07/08 04:45:00,5542.81,97.93,TRADE
VIC1,2026/07/08 04:50:00,5522.69,99,TRADE
VIC1,2026/07/08 04:55:00,5556.73,101.04,TRADE
VIC1,2026/07/08 05:00:00,5591.07,99,TRADE
VIC1,2026/07/08 05:05:00,5645.95,95.85,TRADE
VIC1,2026/07/08 05:10:00,5699.41,101.09,TRADE
VIC1,2026/07/08 05:15:00,5735.14,101.06,TRADE
VIC1,2026/07/08 05:20:00,5789.56,101.91,TRADE
VIC1,2026/07/08 05:25:00,5846.65,107.88,TRADE
VIC1,2026/07/08 05:30:00,5890.61,107,TRADE
VIC1,2026/07/08 05:35:00,5899.26,100.38,TRADE
VIC1,2026/07/08 05:40:00,6001.4,101.30,TRADE
VIC1,2026/07/08 05:45:00,6042.28,101.40,TRADE
VIC1,2026/07/08 05:50:00,6106.77,107.21,TRADE
VIC1,2026/07/08 05:55:00,6158.81,110.66,TRADE
VIC1,2026/07/08 06:00:00,6232.85,110.40,TRADE
VIC1,2026/07/08 06:05:00,6291.17,110.40,TRADE
VIC1,2026/07/08 06:10:00,6422.03,112.84,TRADE
VIC1,2026/07/08 06:15:00,6551.27,124,TRADE
VIC1,2026/07/08 06:20:00,6647.48,125.94,TRADE
VIC1,2026/07/08 06:25:00,6764.07,125.61,TRADE
VIC1,2026/07/08 06:30:00,6816.89,126.26,TRADE
VIC1,2026/07/08 06:35:00,6868.51,116.35,TRADE
VIC1,2026/07/08 06:40:00,7004.49,119.05,TRADE
VIC1,2026/07/08 06:45:00,7065.69,119.95,TRADE
VIC1,2026/07/08 06:50:00,7148.18,120.67,TRADE
VIC1,2026/07/08 06:55:00,7247.46,123.11,TRADE
VIC1,2026/07/08 07:00:00,7337.51,152.20,TRADE
VIC1,2026/07/08 07:05:00,7446.64,138.45,TRADE
VIC1,2026/07/08 07:10:00,7471.52,118.39,TRADE
VIC1,2026/07/08 07:15:00,7585.09,130,TRADE
VIC1,2026/07/08 07:20:00,7687.81,164.69,TRADE
VIC1,2026/07/08 07:25:00,7771.38,164.69,TRADE
VIC1,2026/07/08 07:30:00,7783.01,184,TRADE
VIC1,2026/07/08 07:35:00,7829.8,164.69,TRADE
VIC1,2026/07/08 07:40:00,7939.84,184.01,TRADE
VIC1,2026/07/08 07:45:00,7963.52,184.01,TRADE
VIC1,2026/07/08 07:50:00,8027.72,184.06,TRADE
VIC1,2026/07/08 07:55:00,8096.04,184.16,TRADE
VIC1,2026/07/08 08:00:00,8116.14,164.69,TRADE
VIC1,2026/07/08 08:05:00,8173.65,165.68,TRADE
VIC1,2026/07/08 08:10:00,8255.2,164.69,TRADE
VIC1,2026/07/08 08:15:00,8293.84,164.69,TRADE
VIC1,2026/07/08 08:20:00,8324.96,184,TRADE
VIC1,2026/07/08 08:25:00,8308.93,184.01,TRADE
VIC1,2026/07/08 08:30:00,8299.08,184,TRADE
VIC1,2026/07/08 08:35:00,8318.83,184,TRADE
VIC1,2026/07/08 08:40:00,8275.46,167.02,TRADE
VIC1,2026/07/08 08:45:00,8314.29,165.68,TRADE
VIC1,2026/07/08 08:50:00,8294.38,164.69,TRADE
VIC1,2026/07/08 08:55:00,8285.96,164.69,TRADE
VIC1,2026/07/08 09:00:00,8266.88,173.45,TRADE
VIC1,2026/07/08 09:05:00,8268.15,187.55,TRADE
VIC1,2026/07/08 09:10:00,8250.75,175.13,TRADE
VIC1,2026/07/08 09:15:00,8254.15,165.68,TRADE
VIC1,2026/07/08 09:20:00,8213.07,184,TRADE
VIC1,2026/07/08 09:25:00,8174.87,184,TRADE
VIC1,2026/07/08 09:30:00,8136.28,184,TRADE
VIC1,2026/07/08 09:35:00,8078.57,184,TRADE
VIC1,2026/07/08 09:40:00,8004.59,172.87,TRADE
VIC1,2026/07/08 09:45:00,7959.43,197.68,TRADE
VIC1,2026/07/08 09:50:00,7977.81,184,TRADE
VIC1,2026/07/08 09:55:00,7892.12,184,TRADE
VIC1,2026/07/08 10:00:00,7898.46,197.59,TRADE
VIC1,2026/07/08 10:05:00,7788.47,197.64,TRADE
VIC1,2026/07/08 10:10:00,7791.01,210.04,TRADE
VIC1,2026/07/08 10:15:00,7684.01,256.69,TRADE
VIC1,2026/07/08 10:20:00,7642.19,256.69,TRADE
VIC1,2026/07/08 10:25:00,7621.13,256.77,TRADE
VIC1,2026/07/08 10:30:00,7516.35,247.80,TRADE
VIC1,2026/07/08 10:35:00,7416.13,256.69,TRADE
VIC1,2026/07/08 10:40:00,7387.51,272.27,TRADE
VIC1,2026/07/08 10:45:00,7324.07,272.26,TRADE
VIC1,2026/07/08 10:50:00,7206.61,247.73,TRADE
VIC1,2026/07/08 10:55:00,7086.01,178.20,TRADE
VIC1,2026/07/08 11:00:00,7020.53,164.69,TRADE
VIC1,2026/07/08 11:05:00,6930.55,211.69,TRADE
VIC1,2026/07/08 11:10:00,7017.36,256.69,TRADE
VIC1,2026/07/08 11:15:00,6958.73,272.26,TRADE
VIC1,2026/07/08 11:20:00,6872.19,211.69,TRADE
VIC1,2026/07/08 11:25:00,6779.88,211.69,TRADE
VIC1,2026/07/08 11:30:00,6668.39,211.69,TRADE
VIC1,2026/07/08 11:35:00,6615.11,211.69,TRADE
VIC1,2026/07/08 11:40:00,6527.89,256.69,TRADE
VIC1,2026/07/08 11:45:00,6404.75,256.69,TRADE
VIC1,2026/07/08 11:50:00,6361.81,211.69,TRADE
VIC1,2026/07/08 11:55:00,6271.5,175.50,TRADE
VIC1,2026/07/08 12:00:00,6204.87,174.02,TRADE
VIC1,2026/07/08 12:05:00,6146.36,174.78,TRADE
VIC1,2026/07/08 12:10:00,6129.41,171.96,TRADE
VIC1,2026/07/08 12:15:00,6055.73,175.50,TRADE
VIC1,2026/07/08 12:20:00,5988.18,175.50,TRADE
VIC1,2026/07/08 12:25:00,5948.11,143.78,TRADE
VIC1,2026/07/08 12:30:00,5902.86,135.68,TRADE
VIC1,2026/07/08 12:35:00,5878.02,135.41,TRADE
VIC1,2026/07/08 12:40:00,5847.54,173.86,TRADE
VIC1,2026/07/08 12:45:00,5794.25,181.11,TRADE
VIC1,2026/07/08 12:50:00,5761.24,193.02,TRADE
VIC1,2026/07/08 12:55:00,5709.29,198.68,TRADE
VIC1,2026/07/08 13:00:00,5652.19,195.67,TRADE
VIC1,2026/07/08 13:05:00,5630.86,173.23,TRADE
VIC1,2026/07/08 13:10:00,5648.21,193.02,TRADE
VIC1,2026/07/08 13:15:00,5609.48,194.41,TRADE
VIC1,2026/07/08 13:20:00,5640.86,180.37,TRADE
VIC1,2026/07/08 13:25:00,5580.07,170.20,TRADE
VIC1,2026/07/08 13:30:00,5554.99,170.20,TRADE
VIC1,2026/07/08 13:35:00,5557.43,175.50,TRADE
VIC1,2026/07/08 13:40:00,5552.43,170.20,TRADE
VIC1,2026/07/08 13:45:00,5560,149.67,TRADE
VIC1,2026/07/08 13:50:00,5564.55,135.68,TRADE
VIC1,2026/07/08 13:55:00,5579.82,134.15,TRADE
VIC1,2026/07/08 14:00:00,5552.79,141.41,TRADE
VIC1,2026/07/08 14:05:00,5494.46,142.22,TRADE
VIC1,2026/07/08 14:10:00,5448.15,149.67,TRADE
VIC1,2026/07/08 14:15:00,5394.85,140.92,TRADE
VIC1,2026/07/08 14:20:00,5403.09,140.09,TRADE
VIC1,2026/07/08 14:25:00,5443.47,135.68,TRADE
VIC1,2026/07/08 14:30:00,5431.43,135.68,TRADE
VIC1,2026/07/08 14:35:00,5473.89,149.67,TRADE
VIC1,2026/07/08 14:40:00,5513.34,149.67,TRADE
VIC1,2026/07/08 14:45:00,5530.42,149.67,TRADE
VIC1,2026/07/08 14:50:00,5579.07,149.67,TRADE
VIC1,2026/07/08 14:55:00,5623.48,149.67,TRADE
VIC1,2026/07/08 15:00:00,5685.32,149.67,TRADE
VIC1,2026/07/08 15:05:00,5734.36,149.67,TRADE
VIC1,2026/07/08 15:10:00,5799.56,149.67,TRADE
VIC1,2026/07/08 15:15:00,5861.94,149.67,TRADE
VIC1,2026/07/08 15:20:00,5917.56,149.67,TRADE
VIC1,2026/07/08 15:25:00,5982.91,149.67,TRADE
VIC1,2026/07/08 15:30:00,6060.25,164,TRADE
VIC1,2026/07/08 15:35:00,6105.6,164,TRADE
VIC1,2026/07/08 15:40:00,6108.63,215.95,TRADE
VIC1,2026/07/08 15:45:00,6187.23,227.01,TRADE
VIC1,2026/07/08 15:50:00,6263.56,256.69,TRADE
VIC1,2026/07/08 15:55:00,6315.48,279,TRADE
VIC1,2026/07/08 16:00:00,6399.86,292,TRADE
VIC1,2026/07/08 16:05:00,6455.48,218.66,TRADE
VIC1,2026/07/08 16:10:00,6581.73,264,TRADE
VIC1,2026/07/08 16:15:00,6667.63,279.08,TRADE
VIC1,2026/07/08 16:20:00,6729.68,296.69,TRADE
VIC1,2026/07/08 16:25:00,6813.44,297.35,TRADE
VIC1,2026/07/08 16:30:00,6912.37,313.17,TRADE
VIC1,2026/07/08 16:35:00,7010.44,365.95,TRADE
VIC1,2026/07/08 16:40:00,7114.43,426.70,TRADE
VIC1,2026/07/08 16:45:00,7166.16,390.52,TRADE
VIC1,2026/07/08 16:50:00,7277.62,431.42,TRADE
VIC1,2026/07/08 16:55:00,7306.11,499.69,TRADE
VIC1,2026/07/08 17:00:00,7479.21,479,TRADE
VIC1,2026/07/08 17:05:00,7557.22,499.98,TRADE
VIC1,2026/07/08 17:10:00,7653.98,616.86,TRADE
VIC1,2026/07/08 17:15:00,7751.22,500,TRADE
VIC1,2026/07/08 17:20:00,7901.85,900,TRADE
VIC1,2026/07/08 17:25:00,7961.72,1300.69,TRADE
VIC1,2026/07/08 17:30:00,8049.27,1352.81,TRADE
VIC1,2026/07/08 17:35:00,8023.52,422.82,TRADE
VIC1,2026/07/08 17:40:00,7930.96,408.17,TRADE
VIC1,2026/07/08 17:45:00,8084.08,393.59,TRADE
VIC1,2026/07/08 17:50:00,8142.69,376.69,TRADE
VIC1,2026/07/08 17:55:00,8192.46,425.83,TRADE
VIC1,2026/07/08 18:00:00,8235.66,416.31,TRADE
VIC1,2026/07/08 18:05:00,8267.34,441.23,TRADE
VIC1,2026/07/08 18:10:00,8264.22,479,TRADE
VIC1,2026/07/08 18:15:00,8206.75,499.69,TRADE
VIC1,2026/07/08 18:20:00,8241.52,500,TRADE
VIC1,2026/07/08 18:25:00,8019.64,376.69,TRADE
VIC1,2026/07/08 18:30:00,8027.78,376.69,TRADE
VIC1,2026/07/08 18:35:00,8182.25,548.44,TRADE
VIC1,2026/07/08 18:40:00,8205.56,503.55,TRADE
VIC1,2026/07/08 18:45:00,8176.56,517.66,TRADE
VIC1,2026/07/08 18:50:00,8196.71,500,TRADE
VIC1,2026/07/08 18:55:00,8222.62,529.19,TRADE
VIC1,2026/07/08 19:00:00,8150.15,529.24,TRADE
VIC1,2026/07/08 19:05:00,8181.14,917.94,TRADE
VIC1,2026/07/08 19:10:00,8140.21,933.90,TRADE
VIC1,2026/07/08 19:15:00,8125.35,967.47,TRADE
VIC1,2026/07/08 19:20:00,8237.52,1300.69,TRADE
VIC1,2026/07/08 19:25:00,8344.2,1352.81,TRADE
VIC1,2026/07/08 19:30:00,8339.25,3462.72,TRADE
VIC1,2026/07/08 19:35:00,8340.27,10569.46,TRADE
VIC1,2026/07/08 19:40:00,8313.15,19069.69,TRADE
VIC1,2026/07/08 19:45:00,8269.43,1352.81,TRADE
VIC1,2026/07/08 19:50:00,8283.06,1352.81,TRADE
VIC1,2026/07/08 19:55:00,8287.78,1352.81,TRADE
VIC1,2026/07/08 20:00:00,8286.44,841.89,TRADE
VIC1,2026/07/08 20:05:00,8252.55,526,TRADE
VIC1,2026/07/08 20:10:00,8320.49,599.80,TRADE
VIC1,2026/07/08 20:15:00,8285.49,841.10,TRADE
VIC1,2026/07/08 20:20:00,8206.09,499.69,TRADE
VIC1,2026/07/08 20:25:00,8222.42,448.63,TRADE
VIC1,2026/07/08 20:30:00,8193.03,434.28,TRADE
VIC1,2026/07/08 20:35:00,8186.56,472.94,TRADE
VIC1,2026/07/08 20:40:00,8114.39,532.69,TRADE
VIC1,2026/07/08 20:45:00,8101.38,427.74,TRADE
VIC1,2026/07/08 20:50:00,8008.55,317.28,TRADE
VIC1,2026/07/08 20:55:00,7985.84,339.41,TRADE
VIC1,2026/07/08 21:00:00,7946.13,296.69,TRADE
VIC1,2026/07/08 21:05:00,7908.31,449.96,TRADE
VIC1,2026/07/08 21:10:00,7849.48,449.47,TRADE
VIC1,2026/07/08 21:15:00,7891.33,449.96,TRADE
VIC1,2026/07/08 21:20:00,7823.37,449.96,TRADE
VIC1,2026/07/08 21:25:00,7739.63,311.68,TRADE
VIC1,2026/07/08 21:30:00,7768.42,304.09,TRADE
VIC1,2026/07/08 21:35:00,7722.72,314.98,TRADE
VIC1,2026/07/08 21:40:00,7676.72,296.69,TRADE
VIC1,2026/07/08 21:45:00,7633.14,264,TRADE
VIC1,2026/07/08 21:50:00,7509.22,178.41,TRADE
VIC1,2026/07/08 21:55:00,7439.51,266.96,TRADE
VIC1,2026/07/08 22:00:00,7429.69,256.69,TRADE
VIC1,2026/07/08 22:05:00,7347.77,292.75,TRADE
VIC1,2026/07/08 22:10:00,7298.96,191.79,TRADE
VIC1,2026/07/08 22:15:00,7300.16,181.82,TRADE
VIC1,2026/07/08 22:20:00,7249.11,175.50,TRADE
VIC1,2026/07/08 22:25:00,7174.79,195.67,TRADE
VIC1,2026/07/08 22:30:00,7098.59,176.02,TRADE
VIC1,2026/07/08 22:35:00,7002.14,182.41,TRADE
VIC1,2026/07/08 22:40:00,6924.82,177.73,TRADE
VIC1,2026/07/08 22:45:00,6889.36,193.02,TRADE
VIC1,2026/07/08 22:50:00,6869.14,193.02,TRADE
VIC1,2026/07/08 22:55:00,6710.31,151.48,TRADE
VIC1,2026/07/08 23:00:00,6716.52,175.50,TRADE
VIC1,2026/07/08 23:05:00,6710.84,170.20,TRADE
VIC1,2026/07/08 23:10:00,6815.64,170.20,TRADE
VIC1,2026/07/08 23:15:00,6847.5,170.20,TRADE
VIC1,2026/07/08 23:20:00,6729.11,170.20,TRADE
VIC1,2026/07/08 23:25:00,6703.46,170.20,TRADE
VIC1,2026/07/08 23:30:00,6694.4,170.20,TRADE
VIC1,2026/07/08 23:35:00,6678.16,170.20,TRADE
VIC1,2026/07/08 23:40:00,6626.96,149.84,TRADE
VIC1,2026/07/08 23:45:00,6611.55,175.50,TRADE
VIC1,2026/07/08 23:50:00,6562.39,149.67,TRADE
VIC1,2026/07/08 23:55:00,6434.15,149.67,TRADE
VIC1,2026/07/09 00:00:00,6393,119.75,TRADE
VIC1,2026/07/09 00:05:00,6468.59,152.54,TRADE
VIC1,2026/07/09 00:10:00,6400.45,180.67,TRADE
VIC1,2026/07/09 00:15:00,6409.31,170.20,TRADE
VIC1,2026/07/09 00:20:00,6411.23,149.67,TRADE
VIC1,2026/07/09 00:25:00,6368.92,149.67,TRADE
VIC1,2026/07/09 00:30:00,6350.88,143.39,TRADE
VIC1,2026/07/09 00:35:00,6246.14,130.69,TRADE
VIC1,2026/07/09 00:40:00,6252.29,130.69,TRADE
VIC1,2026/07/09 00:45:00,6284.44,130.69,TRADE
VIC1,2026/07/09 00:50:00,6246.9,141.15,TRADE
VIC1,2026/07/09 00:55:00,6149.89,143.60,TRADE
VIC1,2026/07/09 01:00:00,6161.79,130.69,TRADE
VIC1,2026/07/09 01:05:00,6162.54,134.25,TRADE
VIC1,2026/07/09 01:10:00,6124.56,130.69,TRADE
VIC1,2026/07/09 01:15:00,6099.56,141.76,TRADE
VIC1,2026/07/09 01:20:00,5969.24,130.69,TRADE
VIC1,2026/07/09 01:25:00,5965.38,130.20,TRADE
VIC1,2026/07/09 01:30:00,5923.05,129.65,TRADE
VIC1,2026/07/09 01:35:00,5948.63,118.26,TRADE
VIC1,2026/07/09 01:40:00,5866.89,119.19,TRADE
VIC1,2026/07/09 01:45:00,5828.2,119.24,TRADE
VIC1,2026/07/09 01:50:00,5872.17,124,TRADE
VIC1,2026/07/09 01:55:00,5774.86,119.26,TRADE
VIC1,2026/07/09 02:00:00,5756.43,104.23,TRADE
VIC1,2026/07/09 02:05:00,5822.14,115.36,TRADE
VIC1,2026/07/09 02:10:00,5816.07,116.47,TRADE
VIC1,2026/07/09 02:15:00,5763.77,100.16,TRADE
VIC1,2026/07/09 02:20:00,5794.19,111.99,TRADE
VIC1,2026/07/09 02:25:00,5756.13,115.02,TRADE
VIC1,2026/07/09 02:30:00,5762.78,112.50,TRADE
VIC1,2026/07/09 02:35:00,5741.42,100.36,TRADE
VIC1,2026/07/09 02:40:00,5696.7,100.89,TRADE
VIC1,2026/07/09 02:45:00,5675.53,99.98,TRADE
VIC1,2026/07/09 02:50:00,5737.66,105.60,TRADE
VIC1,2026/07/09 02:55:00,5652.47,98.35,TRADE
VIC1,2026/07/09 03:00:00,5675.86,99.99,TRADE
VIC1,2026/07/09 03:05:00,5603.59,101.43,TRADE
VIC1,2026/07/09 03:10:00,5679.05,111.55,TRADE
VIC1,2026/07/09 03:15:00,5658.67,109.60,TRADE
VIC1,2026/07/09 03:20:00,5655.82,105.24,TRADE
VIC1,2026/07/09 03:25:00,5651.61,110.52,TRADE
VIC1,2026/07/09 03:30:00,5573.44,109.62,TRADE
VIC1,2026/07/09 03:35:00,5547.35,101.90,TRADE
VIC1,2026/07/09 03:40:00,5619.56,114.25,TRADE
VIC1,2026/07/09 03:45:00,5606.59,99.99,TRADE
VIC1,2026/07/09 03:50:00,5605.71,101.17,TRADE
VIC1,2026/07/09 03:55:00,5631.85,102.32,TRADE
VIC1,2026/07/09 04:00:00,5621,111.55,TRADE
VIC1,2026/07/09 04:05:00,5651.33,100.34,TRADE
VIC1,2026/07/09 04:10:00,5628.67,96.29,TRADE
VIC1,2026/07/09 04:15:00,5608.8,97.52,TRADE
VIC1,2026/07/09 04:20:00,5640.31,103.10,TRADE
VIC1,2026/07/09 04:25:00,5691.49,106.51,TRADE
VIC1,2026/07/09 04:30:00,5680.24,103.93,TRADE
VIC1,2026/07/09 04:35:00,5672.64,97.24,TRADE
VIC1,2026/07/09 04:40:00,5742.95,116.41,TRADE
VIC1,2026/07/09 04:45:00,5764.79,115,TRADE
VIC1,2026/07/09 04:50:00,5698.68,104.58,TRADE
VIC1,2026/07/09 04:55:00,5762.59,115.89,TRADE
VIC1,2026/07/09 05:00:00,5817.31,97.52,TRADE
VIC1,2026/07/09 05:05:00,5832.59,115.89,TRADE
VIC1,2026/07/09 05:10:00,5880.39,110.40,TRADE
VIC1,2026/07/09 05:15:00,5983.33,124.31,TRADE
VIC1,2026/07/09 05:20:00,6009.1,124.34,TRADE
VIC1,2026/07/09 05:25:00,6106.67,125.02,TRADE
VIC1,2026/07/09 05:30:00,6133.99,124.01,TRADE
VIC1,2026/07/09 05:35:00,6118.44,110.40,TRADE
VIC1,2026/07/09 05:40:00,6246.36,115.42,TRADE
VIC1,2026/07/09 05:45:00,6228.2,112.64,TRADE
VIC1,2026/07/09 05:50:00,6368.22,124,TRADE
VIC1,2026/07/09 05:55:00,6436.11,125.50,TRADE
VIC1,2026/07/09 06:00:00,6452.7,123.90,TRADE
VIC1,2026/07/09 06:05:00,6592.96,110.40,TRADE
VIC1,2026/07/09 06:10:00,6694.35,111.82,TRADE
VIC1,2026/07/09 06:15:00,6774.44,120.65,TRADE
VIC1,2026/07/09 06:20:00,6943.1,121.96,TRADE
VIC1,2026/07/09 06:25:00,7011.6,129.10,TRADE
VIC1,2026/07/09 06:30:00,7077.94,139.17,TRADE
VIC1,2026/07/09 06:35:00,7104.63,118.51,TRADE
VIC1,2026/07/09 06:40:00,7215.64,123.27,TRADE
VIC1,2026/07/09 06:45:00,7298,142.52,TRADE
VIC1,2026/07/09 06:50:00,7361.81,200.89,TRADE
VIC1,2026/07/09 06:55:00,7510.59,257.08,TRADE
VIC1,2026/07/09 07:00:00,7557.23,239.05,TRADE
VIC1,2026/07/09 07:05:00,7649.23,257.08,TRADE
VIC1,2026/07/09 07:10:00,7793.63,200.89,TRADE
VIC1,2026/07/09 07:15:00,7898.14,257.08,TRADE
VIC1,2026/07/09 07:20:00,7960.78,257.08,TRADE
VIC1,2026/07/09 07:25:00,8109.54,272.26,TRADE
VIC1,2026/07/09 07:30:00,8196.81,211.69,TRADE
VIC1,2026/07/09 07:35:00,8287.49,211.69,TRADE
VIC1,2026/07/09 07:40:00,8289.72,211.69,TRADE
VIC1,2026/07/09 07:45:00,8334.43,257.08,TRADE
VIC1,2026/07/09 07:50:00,8437.34,256.69,TRADE
VIC1,2026/07/09 07:55:00,8417.85,256.69,TRADE
VIC1,2026/07/09 08:00:00,8544.15,257.08,TRADE
VIC1,2026/07/09 08:05:00,8457.28,211.68,TRADE
VIC1,2026/07/09 08:10:00,8629.86,256.69,TRADE
VIC1,2026/07/09 08:15:00,8660.12,256.69,TRADE
VIC1,2026/07/09 08:20:00,8705.64,256.69,TRADE
VIC1,2026/07/09 08:25:00,8694.23,256.69,TRADE
VIC1,2026/07/09 08:30:00,8649.04,256.69,TRADE
VIC1,2026/07/09 08:35:00,8671.24,256.72,TRADE
VIC1,2026/07/09 08:40:00,8644.82,211.69,TRADE
VIC1,2026/07/09 08:45:00,8741.73,249.97,TRADE
VIC1,2026/07/09 08:50:00,8673.14,231.56,TRADE
VIC1,2026/07/09 08:55:00,8624.71,211.69,TRADE
VIC1,2026/07/09 09:00:00,8685.08,210.68,TRADE
VIC1,2026/07/09 09:05:00,8593.6,210.68,TRADE
VIC1,2026/07/09 09:10:00,8615.49,197.64,TRADE
VIC1,2026/07/09 09:15:00,8541.9,197.64,TRADE
VIC1,2026/07/09 09:20:00,8439.4,187.88,TRADE
VIC1,2026/07/09 09:25:00,8432.85,191.55,TRADE
VIC1,2026/07/09 09:30:00,8360.82,186.70,TRADE
VIC1,2026/07/09 09:35:00,8297.66,187.55,TRADE
VIC1,2026/07/09 09:40:00,8217.55,186.69,TRADE
VIC1,2026/07/09 09:45:00,8152.37,186.69,TRADE
VIC1,2026/07/09 09:50:00,7946.9,130,TRADE
VIC1,2026/07/09 09:55:00,7878.11,182.05,TRADE
VIC1,2026/07/09 10:00:00,7863,164,TRADE
VIC1,2026/07/09 10:05:00,7710.26,124,TRADE
VIC1,2026/07/09 10:10:00,7637.53,141.02,TRADE
VIC1,2026/07/09 10:15:00,7621.54,164,TRADE
VIC1,2026/07/09 10:20:00,7519.46,150.26,TRADE
VIC1,2026/07/09 10:25:00,7551.33,149.67,TRADE
VIC1,2026/07/09 10:30:00,7467.91,134.08,TRADE
VIC1,2026/07/09 10:35:00,7395.59,133.56,TRADE
VIC1,2026/07/09 10:40:00,7351.7,140.65,TRADE
VIC1,2026/07/09 10:45:00,7267.54,139.41,TRADE
VIC1,2026/07/09 10:50:00,7202.83,136.87,TRADE
VIC1,2026/07/09 10:55:00,7100.06,133.75,TRADE
VIC1,2026/07/09 11:00:00,7030.23,124,TRADE
VIC1,2026/07/09 11:05:00,6969.08,130.69,TRADE
VIC1,2026/07/09 11:10:00,7005.91,130.69,TRADE
VIC1,2026/07/09 11:15:00,7057.24,130.69,TRADE
VIC1,2026/07/09 11:20:00,7019.01,130.69,TRADE
VIC1,2026/07/09 11:25:00,6939.77,127.42,TRADE
VIC1,2026/07/09 11:30:00,6924.99,124,TRADE
VIC1,2026/07/09 11:35:00,6878.18,131.97,TRADE
VIC1,2026/07/09 11:40:00,6834.66,130.69,TRADE
VIC1,2026/07/09 11:45:00,6793.74,130.69,TRADE
VIC1,2026/07/09 11:50:00,6729.06,124,TRADE
VIC1,2026/07/09 11:55:00,6619.41,121.50,TRADE
VIC1,2026/07/09 12:00:00,6659.92,121.67,TRADE
VIC1,2026/07/09 12:05:00,6614.44,119.75,TRADE
VIC1,2026/07/09 12:10:00,6568.63,103.76,TRADE
VIC1,2026/07/09 12:15:00,6511.77,102.48,TRADE
VIC1,2026/07/09 12:20:00,6518.39,102.80,TRADE
VIC1,2026/07/09 12:25:00,6460.05,101.37,TRADE
VIC1,2026/07/09 12:30:00,6420.81,101.02,TRADE
VIC1,2026/07/09 12:35:00,6292.93,94.54,TRADE
VIC1,2026/07/09 12:40:00,6304.98,100.74,TRADE
VIC1,2026/07/09 12:45:00,6262.4,99,TRADE
VIC1,2026/07/09 12:50:00,6240.91,99,TRADE
VIC1,2026/07/09 12:55:00,6198.18,94.54,TRADE
VIC1,2026/07/09 13:00:00,6190.16,94.54,TRADE
VIC1,2026/07/09 13:05:00,6203.24,91.67,TRADE
VIC1,2026/07/09 13:10:00,6223.22,91.67,TRADE
VIC1,2026/07/09 13:15:00,6140.71,91.49,TRADE
VIC1,2026/07/09 13:20:00,6085.69,91.67,TRADE
VIC1,2026/07/09 13:25:00,6151.3,90.23,TRADE
VIC1,2026/07/09 13:30:00,6145.59,80.50,TRADE
VIC1,2026/07/09 13:35:00,6093.82,83.44,TRADE
VIC1,2026/07/09 13:40:00,6111.24,84.18,TRADE
VIC1,2026/07/09 13:45:00,6077.99,80.50,TRADE
VIC1,2026/07/09 13:50:00,6004.05,70.12,TRADE
VIC1,2026/07/09 13:55:00,6063.86,80.24,TRADE
VIC1,2026/07/09 14:00:00,6004.62,74.58,TRADE
VIC1,2026/07/09 14:05:00,5949.76,74.74,TRADE
VIC1,2026/07/09 14:10:00,5922.62,73.78,TRADE
VIC1,2026/07/09 14:15:00,5963.23,77.50,TRADE
VIC1,2026/07/09 14:20:00,5975.26,64.50,TRADE
VIC1,2026/07/09 14:25:00,5981.74,60.16,TRADE
VIC1,2026/07/09 14:30:00,5982,73.92,TRADE
VIC1,2026/07/09 14:35:00,6009.38,80.50,TRADE
VIC1,2026/07/09 14:40:00,5998.47,77.95,TRADE
VIC1,2026/07/09 14:45:00,6145.15,84.78,TRADE
VIC1,2026/07/09 14:50:00,6078.43,82.02,TRADE
VIC1,2026/07/09 14:55:00,6155.29,87.09,TRADE
VIC1,2026/07/09 15:00:00,6272.98,93.79,TRADE
VIC1,2026/07/09 15:05:00,6281.55,84.78,TRADE
VIC1,2026/07/09 15:10:00,6242.72,87.10,TRADE
VIC1,2026/07/09 15:15:00,6310.15,85.50,TRADE
VIC1,2026/07/09 15:20:00,6321.3,88.14,TRADE
VIC1,2026/07/09 15:25:00,6344.75,88.47,TRADE
VIC1,2026/07/09 15:30:00,6460.87,103.54,TRADE
VIC1,2026/07/09 15:35:00,6457.72,89.47,TRADE
VIC1,2026/07/09 15:40:00,6528.71,85.08,TRADE
VIC1,2026/07/09 15:45:00,6688.16,99.75,TRADE
VIC1,2026/07/09 15:50:00,6710.96,110.40,TRADE
VIC1,2026/07/09 15:55:00,6778.66,109.17,TRADE
VIC1,2026/07/09 16:00:00,6779.77,110.40,TRADE
VIC1,2026/07/09 16:05:00,6880.64,104.58,TRADE
VIC1,2026/07/09 16:10:00,6981.55,110.81,TRADE
VIC1,2026/07/09 16:15:00,7079.33,117.55,TRADE
VIC1,2026/07/09 16:20:00,7182.26,142.78,TRADE
VIC1,2026/07/09 16:25:00,7188.66,163.17,TRADE
VIC1,2026/07/09 16:30:00,7326.84,177.29,TRADE
VIC1,2026/07/09 16:35:00,7412.93,151.46,TRADE
VIC1,2026/07/09 16:40:00,7442.83,177.52,TRADE
VIC1,2026/07/09 16:45:00,7608.17,252.98,TRADE
VIC1,2026/07/09 16:50:00,7688.4,226.43,TRADE
VIC1,2026/07/09 16:55:00,7786.26,273.55,TRADE
VIC1,2026/07/09 17:00:00,7895.99,197.64,TRADE
VIC1,2026/07/09 17:05:00,7900.38,197.64,TRADE
VIC1,2026/07/09 17:10:00,8041.62,184,TRADE
VIC1,2026/07/09 17:15:00,8157.82,197.68,TRADE
VIC1,2026/07/09 17:20:00,8272.31,211.69,TRADE
VIC1,2026/07/09 17:25:00,8340.94,241.96,TRADE
VIC1,2026/07/09 17:30:00,8425.77,211.69,TRADE
VIC1,2026/07/09 17:35:00,8565.05,197.64,TRADE
VIC1,2026/07/09 17:40:00,8557.1,191.55,TRADE
VIC1,2026/07/09 17:45:00,8669.63,187.55,TRADE
VIC1,2026/07/09 17:50:00,8740.71,197.64,TRADE
VIC1,2026/07/09 17:55:00,8771.42,187.55,TRADE
VIC1,2026/07/09 18:00:00,8803.52,184,TRADE
VIC1,2026/07/09 18:05:00,8837.64,178.45,TRADE
VIC1,2026/07/09 18:10:00,8812.45,171.79,TRADE
VIC1,2026/07/09 18:15:00,8799.46,164.69,TRADE
VIC1,2026/07/09 18:20:00,8853.83,164.02,TRADE
VIC1,2026/07/09 18:25:00,8835.52,164.69,TRADE
VIC1,2026/07/09 18:30:00,8809.71,164.69,TRADE
VIC1,2026/07/09 18:35:00,8728.91,164.69,TRADE
VIC1,2026/07/09 18:40:00,8718.89,163.71,TRADE
VIC1,2026/07/09 18:45:00,8711.85,149.24,TRADE
VIC1,2026/07/09 18:50:00,8717.15,149.30,TRADE
VIC1,2026/07/09 18:55:00,8769.14,149.24,TRADE
VIC1,2026/07/09 19:00:00,8772.69,171.74,TRADE
VIC1,2026/07/09 19:05:00,8690.91,149.24,TRADE
VIC1,2026/07/09 19:10:00,8725.82,149.24,TRADE
VIC1,2026/07/09 19:15:00,8729.09,171.86,TRADE
VIC1,2026/07/09 19:20:00,8689.44,159.32,TRADE
VIC1,2026/07/09 19:25:00,8676.77,139.05,TRADE
VIC1,2026/07/09 19:30:00,8603.12,135.83,TRADE
VIC1,2026/07/09 19:35:00,8602.53,165.24,TRADE
VIC1,2026/07/09 19:40:00,8617.19,154.06,TRADE
VIC1,2026/07/09 19:45:00,8601.56,156.96,TRADE
VIC1,2026/07/09 19:50:00,8577.75,153.18,TRADE
VIC1,2026/07/09 19:55:00,8595.62,162.54,TRADE
VIC1,2026/07/09 20:00:00,8594.99,135.89,TRADE
VIC1,2026/07/09 20:05:00,8573.35,149.24,TRADE
VIC1,2026/07/09 20:10:00,8448.63,140.11,TRADE
VIC1,2026/07/09 20:15:00,8458.2,149.24,TRADE
VIC1,2026/07/09 20:20:00,8424.14,149.24,TRADE
VIC1,2026/07/09 20:25:00,8441.85,160.33,TRADE
VIC1,2026/07/09 20:30:00,8438.67,139.40,TRADE
VIC1,2026/07/09 20:35:00,8451.29,147.67,TRADE
VIC1,2026/07/09 20:40:00,8417.7,153.15,TRADE
VIC1,2026/07/09 20:45:00,8360.42,171.50,TRADE
VIC1,2026/07/09 20:50:00,8268.59,153.81,TRADE
VIC1,2026/07/09 20:55:00,8224.55,178.62,TRADE
VIC1,2026/07/09 21:00:00,8221.49,159.17,TRADE
VIC1,2026/07/09 21:05:00,8191.42,168.87,TRADE
VIC1,2026/07/09 21:10:00,8059.34,156.40,TRADE
VIC1,2026/07/09 21:15:00,8125.92,164.69,TRADE
VIC1,2026/07/09 21:20:00,8057.6,167.80,TRADE
VIC1,2026/07/09 21:25:00,8047.56,158.81,TRADE
VIC1,2026/07/09 21:30:00,8009.34,164.69,TRADE
VIC1,2026/07/09 21:35:00,7883.33,164.69,TRADE
VIC1,2026/07/09 21:40:00,7814.93,164.69,TRADE
VIC1,2026/07/09 21:45:00,7735.48,164.69,TRADE
VIC1,2026/07/09 21:50:00,7655.4,164.69,TRADE
VIC1,2026/07/09 21:55:00,7607.17,154.50,TRADE
VIC1,2026/07/09 22:00:00,7627.09,129.73,TRADE
VIC1,2026/07/09 22:05:00,7484.51,154.19,TRADE
VIC1,2026/07/09 22:10:00,7500.7,169.83,TRADE
VIC1,2026/07/09 22:15:00,7449.84,153.85,TRADE
VIC1,2026/07/09 22:20:00,7393.54,150.97,TRADE
VIC1,2026/07/09 22:25:00,7359.45,167.02,TRADE
VIC1,2026/07/09 22:30:00,7260.83,125.94,TRADE
VIC1,2026/07/09 22:35:00,7265.79,138.31,TRADE
VIC1,2026/07/09 22:40:00,7174.77,157.43,TRADE
VIC1,2026/07/09 22:45:00,7085.08,145.54,TRADE
VIC1,2026/07/09 22:50:00,7075.96,147.15,TRADE
VIC1,2026/07/09 22:55:00,6985.33,122.10,TRADE
VIC1,2026/07/09 23:00:00,6930.87,115.67,TRADE
VIC1,2026/07/09 23:05:00,6941.76,129.62,TRADE
VIC1,2026/07/09 23:10:00,6952.23,139.03,TRADE
VIC1,2026/07/09 23:15:00,6910.48,137.84,TRADE
VIC1,2026/07/09 23:20:00,6956.34,139.37,TRADE
VIC1,2026/07/09 23:25:00,6902.09,145.23,TRADE
VIC1,2026/07/09 23:30:00,6884.33,138.75,TRADE
VIC1,2026/07/09 23:35:00,6851.41,136.37,TRADE
VIC1,2026/07/09 23:40:00,6812.1,130.74,TRADE
VIC1,2026/07/09 23:45:00,6777.44,126.86,TRADE
VIC1,2026/07/09 23:50:00,6656.02,130.69,TRADE
VIC1,2026/07/09 23:55:00,6617.42,115.67,TRADE
VIC1,2026/07/10 00:00:00,6596.95,130.69,TRADE
VIC1,2026/07/10 00:05:00,6551.3,130.69,TRADE
VIC1,2026/07/10 00:10:00,6586.09,123.64,TRADE
VIC1,2026/07/10 00:15:00,6484.82,110.51,TRADE
VIC1,2026/07/10 00:20:00,6521.82,129.85,TRADE
VIC1,2026/07/10 00:25:00,6505.2,115.67,TRADE
VIC1,2026/07/10 00:30:00,6465.44,110.40,TRADE
VIC1,2026/07/10 00:35:00,6440.98,114.87,TRADE
VIC1,2026/07/10 00:40:00,6315.85,114.42,TRADE
VIC1,2026/07/10 00:45:00,6350.08,124,TRADE
VIC1,2026/07/10 00:50:00,6307.26,110.40,TRADE
VIC1,2026/07/10 00:55:00,6233,117.76,TRADE
VIC1,2026/07/10 01:00:00,6241.89,122.80,TRADE
VIC1,2026/07/10 01:05:00,6208.71,123.79,TRADE
VIC1,2026/07/10 01:10:00,6207.77,116.91,TRADE
VIC1,2026/07/10 01:15:00,6185.37,120.70,TRADE
VIC1,2026/07/10 01:20:00,6073.29,115.67,TRADE
VIC1,2026/07/10 01:25:00,6117.33,120.46,TRADE
VIC1,2026/07/10 01:30:00,6095.68,115.67,TRADE
VIC1,2026/07/10 01:35:00,6002.98,122.56,TRADE
VIC1,2026/07/10 01:40:00,6008.72,124,TRADE
VIC1,2026/07/10 01:45:00,5950.72,115.37,TRADE
VIC1,2026/07/10 01:50:00,5948.19,120.51,TRADE
VIC1,2026/07/10 01:55:00,5929.39,110.40,TRADE
VIC1,2026/07/10 02:00:00,5847.72,110.40,TRADE
VIC1,2026/07/10 02:05:00,5874.13,121.50,TRADE
VIC1,2026/07/10 02:10:00,5859.7,124,TRADE
VIC1,2026/07/10 02:15:00,5766.89,119.37,TRADE
VIC1,2026/07/10 02:20:00,5824.58,115.92,TRADE
VIC1,2026/07/10 02:25:00,5825.11,114.71,TRADE
VIC1,2026/07/10 02:30:00,5813.29,112.80,TRADE
VIC1,2026/07/10 02:35:00,5819.45,119.75,TRADE
VIC1,2026/07/10 02:40:00,5728.44,119.25,TRADE
VIC1,2026/07/10 02:45:00,5696.59,119.75,TRADE
VIC1,2026/07/10 02:50:00,5684.12,116.23,TRADE
VIC1,2026/07/10 02:55:00,5715.14,115.64,TRADE
VIC1,2026/07/10 03:00:00,5706.49,116.65,TRADE
VIC1,2026/07/10 03:05:00,5664.16,119.75,TRADE
VIC1,2026/07/10 03:10:00,5690.39,119.75,TRADE
VIC1,2026/07/10 03:15:00,5671.42,119.75,TRADE
VIC1,2026/07/10 03:20:00,5577.53,119.06,TRADE
VIC1,2026/07/10 03:25:00,5586.59,119.75,TRADE
VIC1,2026/07/10 03:30:00,5581.3,122.45,TRADE
VIC1,2026/07/10 03:35:00,5581.78,119.75,TRADE
VIC1,2026/07/10 03:40:00,5571.04,119.75,TRADE
VIC1,2026/07/10 03:45:00,5566.18,119.75,TRADE
VIC1,2026/07/10 03:50:00,5557.57,124,TRADE
VIC1,2026/07/10 03:55:00,5553.28,119.75,TRADE
VIC1,2026/07/10 04:00:00,5581.12,124.55,TRADE
VIC1,2026/07/10 04:05:00,5560.17,115.49,TRADE
VIC1,2026/07/10 04:10:00,5601.57,119.75,TRADE
VIC1,2026/07/10 04:15:00,5591.98,118.04,TRADE
VIC1,2026/07/10 04:20:00,5663.03,115.60,TRADE
VIC1,2026/07/10 04:25:00,5689.8,121.50,TRADE
VIC1,2026/07/10 04:30:00,5636.3,119.75,TRADE
VIC1,2026/07/10 04:35:00,5645.68,114.62,TRADE
VIC1,2026/07/10 04:40:00,5673.54,119.75,TRADE
VIC1,2026/07/10 04:45:00,5739.05,121.50,TRADE
VIC1,2026/07/10 04:50:00,5778.64,111.94,TRADE
VIC1,2026/07/10 04:55:00,5724.09,119.75,TRADE
VIC1,2026/07/10 05:00:00,5780.65,112.88,TRADE
VIC1,2026/07/10 05:05:00,5815.55,111.96,TRADE
VIC1,2026/07/10 05:10:00,5860.86,113.69,TRADE
VIC1,2026/07/10 05:15:00,5946.74,115.69,TRADE
VIC1,2026/07/10 05:20:00,5971.51,116.66,TRADE
VIC1,2026/07/10 05:25:00,6058.89,115.89,TRADE
VIC1,2026/07/10 05:30:00,6066.21,113.82,TRADE
VIC1,2026/07/10 05:35:00,6152.63,108.48,TRADE
VIC1,2026/07/10 05:40:00,6243.35,117.82,TRADE
VIC1,2026/07/10 05:45:00,6332.86,129.59,TRADE
VIC1,2026/07/10 05:50:00,6370.75,117.84,TRADE
VIC1,2026/07/10 05:55:00,6370.47,115.05,TRADE
VIC1,2026/07/10 06:00:00,6459.51,122.61,TRADE
VIC1,2026/07/10 06:05:00,6602.43,114.21,TRADE
VIC1,2026/07/10 06:10:00,6724.99,124,TRADE
VIC1,2026/07/10 06:15:00,6801.66,127.08,TRADE
VIC1,2026/07/10 06:20:00,6914.11,130.77,TRADE
VIC1,2026/07/10 06:25:00,7047.67,132.56,TRADE
VIC1,2026/07/10 06:30:00,7092.08,134.28,TRADE
VIC1,2026/07/10 06:35:00,7185.32,116.35,TRADE
VIC1,2026/07/10 06:40:00,7232.23,111.98,TRADE
VIC1,2026/07/10 06:45:00,7329.72,111.98,TRADE
VIC1,2026/07/10 06:50:00,7413.9,139,TRADE
VIC1,2026/07/10 06:55:00,7465.76,144.69,TRADE
VIC1,2026/07/10 07:00:00,7564.95,144.15,TRADE
VIC1,2026/07/10 07:05:00,7663.04,123.03,TRADE
VIC1,2026/07/10 07:10:00,7719.19,123.68,TRADE
VIC1,2026/07/10 07:15:00,7855.03,130.57,TRADE
VIC1,2026/07/10 07:20:00,7935.7,142.45,TRADE
VIC1,2026/07/10 07:25:00,8039.47,146.02,TRADE
VIC1,2026/07/10 07:30:00,8102.12,139,TRADE
VIC1,2026/07/10 07:35:00,8190.43,148.87,TRADE
VIC1,2026/07/10 07:40:00,8290.73,144.69,TRADE
VIC1,2026/07/10 07:45:00,8355.17,139,TRADE
VIC1,2026/07/10 07:50:00,8409.77,139,TRADE
VIC1,2026/07/10 07:55:00,8467.91,133.98,TRADE
VIC1,2026/07/10 08:00:00,8497.75,128.79,TRADE
VIC1,2026/07/10 08:05:00,8544.88,156.29,TRADE
VIC1,2026/07/10 08:10:00,8571.68,151.20,TRADE
VIC1,2026/07/10 08:15:00,8572.18,147.50,TRADE
VIC1,2026/07/10 08:20:00,8594.98,139.01,TRADE
VIC1,2026/07/10 08:25:00,8600.85,127.33,TRADE
VIC1,2026/07/10 08:30:00,8594.58,139,TRADE
VIC1,2026/07/10 08:35:00,8551.04,133.26,TRADE
VIC1,2026/07/10 08:40:00,8547.99,134.48,TRADE
VIC1,2026/07/10 08:45:00,8505.41,126.10,TRADE
VIC1,2026/07/10 08:50:00,8486.27,119.05,TRADE
VIC1,2026/07/10 08:55:00,8449.98,116.35,TRADE
VIC1,2026/07/10 09:00:00,8404.79,111.98,TRADE
VIC1,2026/07/10 09:05:00,8340.46,119.05,TRADE
VIC1,2026/07/10 09:10:00,8323.54,119.05,TRADE
VIC1,2026/07/10 09:15:00,8249.67,116.35,TRADE
VIC1,2026/07/10 09:20:00,8186.92,109.69,TRADE
VIC1,2026/07/10 09:25:00,8078.62,99.99,TRADE
VIC1,2026/07/10 09:30:00,8033.97,102.10,TRADE
VIC1,2026/07/10 09:35:00,7920.79,116.35,TRADE
VIC1,2026/07/10 09:40:00,7884.97,99.05,TRADE
VIC1,2026/07/10 09:45:00,7861.34,106.85,TRADE
VIC1,2026/07/10 09:50:00,7792.28,94.13,TRADE
VIC1,2026/07/10 09:55:00,7686.23,99.99,TRADE
VIC1,2026/07/10 10:00:00,7476.5,97.80,TRADE
VIC1,2026/07/10 10:05:00,7425.63,99.99,TRADE
VIC1,2026/07/10 10:10:00,7379,99.81,TRADE
VIC1,2026/07/10 10:15:00,7309.44,130.69,TRADE
VIC1,2026/07/10 10:20:00,7224.71,126.88,TRADE
VIC1,2026/07/10 10:25:00,7081.02,85.57,TRADE
VIC1,2026/07/10 10:30:00,7007.73,97.52,TRADE
VIC1,2026/07/10 10:35:00,6879.54,117.34,TRADE
VIC1,2026/07/10 10:40:00,6770.43,99.94,TRADE
VIC1,2026/07/10 10:45:00,6742.42,100.36,TRADE
VIC1,2026/07/10 10:50:00,6614.7,97.52,TRADE
VIC1,2026/07/10 10:55:00,6536.21,100.67,TRADE
VIC1,2026/07/10 11:00:00,6480.56,91.99,TRADE
VIC1,2026/07/10 11:05:00,6391.95,93.27,TRADE
VIC1,2026/07/10 11:10:00,6512.6,97.52,TRADE
VIC1,2026/07/10 11:15:00,6446.18,96.80,TRADE
VIC1,2026/07/10 11:20:00,6401.87,94.54,TRADE
VIC1,2026/07/10 11:25:00,6354.86,91.35,TRADE
VIC1,2026/07/10 11:30:00,6288.92,90.31,TRADE
VIC1,2026/07/10 11:35:00,6209.68,91.35,TRADE
VIC1,2026/07/10 11:40:00,6186.96,93.97,TRADE
VIC1,2026/07/10 11:45:00,6194.63,90.30,TRADE
VIC1,2026/07/10 11:50:00,6106.1,88.84,TRADE
VIC1,2026/07/10 11:55:00,5989.94,89.50,TRADE
VIC1,2026/07/10 12:00:00,5963.38,93.46,TRADE
VIC1,2026/07/10 12:05:00,5956.01,90.16,TRADE
VIC1,2026/07/10 12:10:00,5874.56,85.34,TRADE
VIC1,2026/07/10 12:15:00,5855,76.26,TRADE
VIC1,2026/07/10 12:20:00,5831.68,85.29,TRADE
VIC1,2026/07/10 12:25:00,5779.32,79.66,TRADE
VIC1,2026/07/10 12:30:00,5810.29,87.66,TRADE
VIC1,2026/07/10 12:35:00,5776.7,89.65,TRADE
VIC1,2026/07/10 12:40:00,5726.91,87.25,TRADE
VIC1,2026/07/10 12:45:00,5730.67,84.78,TRADE
VIC1,2026/07/10 12:50:00,5709.11,90.38,TRADE
VIC1,2026/07/10 12:55:00,5632.5,76.73,TRADE
VIC1,2026/07/10 13:00:00,5587.29,72.13,TRADE
VIC1,2026/07/10 13:05:00,5615.1,84.78,TRADE
VIC1,2026/07/10 13:10:00,5643.68,81.97,TRADE
VIC1,2026/07/10 13:15:00,5599.93,60.16,TRADE
VIC1,2026/07/10 13:20:00,5608.76,67.82,TRADE
VIC1,2026/07/10 13:25:00,5687.4,84.35,TRADE
VIC1,2026/07/10 13:30:00,5672.37,75.68,TRADE
VIC1,2026/07/10 13:35:00,5611.49,64.92,TRADE
VIC1,2026/07/10 13:40:00,5689.67,65.67,TRADE
VIC1,2026/07/10 13:45:00,5690.75,70.99,TRADE
VIC1,2026/07/10 13:50:00,5591.25,65.67,TRADE
VIC1,2026/07/10 13:55:00,5606.64,77.41,TRADE
VIC1,2026/07/10 14:00:00,5658.42,83.87,TRADE
VIC1,2026/07/10 14:05:00,5571.77,67.68,TRADE
VIC1,2026/07/10 14:10:00,5524.35,64,TRADE
VIC1,2026/07/10 14:15:00,5577.24,70.55,TRADE
VIC1,2026/07/10 14:20:00,5585.4,65.67,TRADE
VIC1,2026/07/10 14:25:00,5686.25,75.85,TRADE
VIC1,2026/07/10 14:30:00,5667.08,76.39,TRADE
VIC1,2026/07/10 14:35:00,5648.11,73.31,TRADE
VIC1,2026/07/10 14:40:00,5664.49,72.93,TRADE
VIC1,2026/07/10 14:45:00,5705.34,64.68,TRADE
VIC1,2026/07/10 14:50:00,5741.45,74.48,TRADE
VIC1,2026/07/10 14:55:00,5812.06,67.02,TRADE
VIC1,2026/07/10 15:00:00,5827.9,75.83,TRADE
VIC1,2026/07/10 15:05:00,5882.21,64,TRADE
VIC1,2026/07/10 15:10:00,5909.8,63.04,TRADE
VIC1,2026/07/10 15:15:00,5975.81,85.83,TRADE
VIC1,2026/07/10 15:20:00,6048.9,85.27,TRADE
VIC1,2026/07/10 15:25:00,6088.08,84.78,TRADE
VIC1,2026/07/10 15:30:00,6221.29,88.33,TRADE
VIC1,2026/07/10 15:35:00,6263.03,84.78,TRADE
VIC1,2026/07/10 15:40:00,6336.13,84.78,TRADE
VIC1,2026/07/10 15:45:00,6465.06,84.84,TRADE
VIC1,2026/07/10 15:50:00,6466.56,94.45,TRADE
VIC1,2026/07/10 15:55:00,6542.86,95.17,TRADE
VIC1,2026/07/10 16:00:00,6660.59,102.85,TRADE
VIC1,2026/07/10 16:05:00,6668.31,86.48,TRADE
VIC1,2026/07/10 16:10:00,6751.61,108.74,TRADE
VIC1,2026/07/10 16:15:00,6803.01,128.54,TRADE
VIC1,2026/07/10 16:20:00,6890.47,126.64,TRADE
VIC1,2026/07/10 16:25:00,6976.5,113.51,TRADE
VIC1,2026/07/10 16:30:00,7026.38,112.90,TRADE
VIC1,2026/07/10 16:35:00,7208.72,115.06,TRADE
VIC1,2026/07/10 16:40:00,7240.62,119.05,TRADE
VIC1,2026/07/10 16:45:00,7264.24,124.14,TRADE
VIC1,2026/07/10 16:50:00,7384.73,129.06,TRADE
VIC1,2026/07/10 16:55:00,7420.98,127.63,TRADE
VIC1,2026/07/10 17:00:00,7489.24,147.15,TRADE
VIC1,2026/07/10 17:05:00,7608.63,119.05,TRADE
VIC1,2026/07/10 17:10:00,7660.98,115.01,TRADE
VIC1,2026/07/10 17:15:00,7761.3,126.77,TRADE
VIC1,2026/07/10 17:20:00,7810.15,135.46,TRADE
VIC1,2026/07/10 17:25:00,7897.1,144.69,TRADE
VIC1,2026/07/10 17:30:00,7980.03,144.69,TRADE
VIC1,2026/07/10 17:35:00,8041.21,127.59,TRADE
VIC1,2026/07/10 17:40:00,8024.26,125.97,TRADE
VIC1,2026/07/10 17:45:00,8120.21,160.98,TRADE
VIC1,2026/07/10 17:50:00,8162.43,139,TRADE
VIC1,2026/07/10 17:55:00,8085.73,116.35,TRADE
VIC1,2026/07/10 18:00:00,8177.9,123.68,TRADE
VIC1,2026/07/10 18:05:00,8152.07,127.52,TRADE
VIC1,2026/07/10 18:10:00,8019.07,118.42,TRADE
VIC1,2026/07/10 18:15:00,7998.52,114.71,TRADE
VIC1,2026/07/10 18:20:00,8052.26,115,TRADE
VIC1,2026/07/10 18:25:00,7987.24,110.40,TRADE
VIC1,2026/07/10 18:30:00,7977.84,109.69,TRADE
VIC1,2026/07/10 18:35:00,8040.02,110.40,TRADE
VIC1,2026/07/10 18:40:00,7985.09,109.86,TRADE
VIC1,2026/07/10 18:45:00,7990.62,106.15,TRADE
VIC1,2026/07/10 18:50:00,8026.9,106.23,TRADE
VIC1,2026/07/10 18:55:00,7956.03,104.49,TRADE
VIC1,2026/07/10 19:00:00,7861.69,102.85,TRADE
VIC1,2026/07/10 19:05:00,7861.14,105.16,TRADE
VIC1,2026/07/10 19:10:00,7857.29,103.57,TRADE
VIC1,2026/07/10 19:15:00,7779.04,98.38,TRADE
VIC1,2026/07/10 19:20:00,7822.91,90.59,TRADE
VIC1,2026/07/10 19:25:00,7813.92,96.77,TRADE
VIC1,2026/07/10 19:30:00,7814.34,96.72,TRADE
VIC1,2026/07/10 19:35:00,7728.4,96.57,TRADE
VIC1,2026/07/10 19:40:00,7758.21,97.07,TRADE
VIC1,2026/07/10 19:45:00,7767.46,92.33,TRADE
VIC1,2026/07/10 19:50:00,7744.45,97.31,TRADE
VIC1,2026/07/10 19:55:00,7742.26,97.72,TRADE
VIC1,2026/07/10 20:00:00,7601.29,91.42,TRADE
VIC1,2026/07/10 20:05:00,7685.45,95.34,TRADE
VIC1,2026/07/10 20:10:00,7596.84,98.87,TRADE
VIC1,2026/07/10 20:15:00,7530.82,92.26,TRADE
VIC1,2026/07/10 20:20:00,7569.74,92.62,TRADE
VIC1,2026/07/10 20:25:00,7577.33,97.21,TRADE
VIC1,2026/07/10 20:30:00,7514.74,94.68,TRADE
VIC1,2026/07/10 20:35:00,7483.6,93.44,TRADE
VIC1,2026/07/10 20:40:00,7353.42,87.33,TRADE
VIC1,2026/07/10 20:45:00,7424.22,94.48,TRADE
VIC1,2026/07/10 20:50:00,7355.12,93.18,TRADE
VIC1,2026/07/10 20:55:00,7307.61,89.46,TRADE
VIC1,2026/07/10 21:00:00,7343.21,90.90,TRADE
VIC1,2026/07/10 21:05:00,7301.76,91.38,TRADE
VIC1,2026/07/10 21:10:00,7309.6,94.24,TRADE
VIC1,2026/07/10 21:15:00,7265.58,90.64,TRADE
VIC1,2026/07/10 21:20:00,7174.92,90.63,TRADE
VIC1,2026/07/10 21:25:00,7232.46,90.74,TRADE
VIC1,2026/07/10 21:30:00,7193.21,89.90,TRADE
VIC1,2026/07/10 21:35:00,7074.81,90.57,TRADE
VIC1,2026/07/10 21:40:00,7122.46,91.28,TRADE
VIC1,2026/07/10 21:45:00,7069.6,91.22,TRADE
VIC1,2026/07/10 21:50:00,7011.82,91.34,TRADE
VIC1,2026/07/10 21:55:00,6962.9,88.70,TRADE
VIC1,2026/07/10 22:00:00,6848.66,86.12,TRADE
VIC1,2026/07/10 22:05:00,6858.36,89.47,TRADE
VIC1,2026/07/10 22:10:00,6859.41,94.61,TRADE
VIC1,2026/07/10 22:15:00,6743.76,89.20,TRADE
VIC1,2026/07/10 22:20:00,6774.05,87,TRADE
VIC1,2026/07/10 22:25:00,6764.9,86.22,TRADE
VIC1,2026/07/10 22:30:00,6728.57,86.26,TRADE
VIC1,2026/07/10 22:35:00,6671.23,87.25,TRADE
VIC1,2026/07/10 22:40:00,6491.81,75.96,TRADE
VIC1,2026/07/10 22:45:00,6487.07,70.28,TRADE
VIC1,2026/07/10 22:50:00,6467.08,74.10,TRADE
VIC1,2026/07/10 22:55:00,6404.21,73.53,TRADE
VIC1,2026/07/10 23:00:00,6391.66,71.76,TRADE
VIC1,2026/07/10 23:05:00,6374.76,82.64,TRADE
VIC1,2026/07/10 23:10:00,6483.22,86.98,TRADE
VIC1,2026/07/10 23:15:00,6439.88,87.23,TRADE
VIC1,2026/07/10 23:20:00,6488.05,69.97,TRADE
VIC1,2026/07/10 23:25:00,6389.15,68.30,TRADE
VIC1,2026/07/10 23:30:00,6448.1,81.65,TRADE
VIC1,2026/07/10 23:35:00,6388.59,38.67,TRADE
VIC1,2026/07/10 23:40:00,6263.16,10.65,TRADE
VIC1,2026/07/10 23:45:00,6237.87,9.45,TRADE
VIC1,2026/07/10 23:50:00,6169.01,8.94,TRADE
VIC1,2026/07/10 23:55:00,6089.28,8.94,TRADE
VIC1,2026/07/11 00:00:00,6033.74,10.50,TRADE
VIC1,2026/07/11 00:05:00,6004.83,10.50,TRADE
VIC1,2026/07/11 00:10:00,6001.06,10.13,TRADE
VIC1,2026/07/11 00:15:00,5965.1,8.94,TRADE
VIC1,2026/07/11 00:20:00,5919.24,8.94,TRADE
VIC1,2026/07/11 00:25:00,5844.12,10.50,TRADE
VIC1,2026/07/11 00:30:00,5849.55,8.94,TRADE
VIC1,2026/07/11 00:35:00,5808.29,8.94,TRADE
VIC1,2026/07/11 00:40:00,5849.98,8.94,TRADE
VIC1,2026/07/11 00:45:00,5762.69,8.94,TRADE
VIC1,2026/07/11 00:50:00,5800.68,10.50,TRADE
VIC1,2026/07/11 00:55:00,5749.81,8.94,TRADE
VIC1,2026/07/11 01:00:00,5713.39,8.94,TRADE
VIC1,2026/07/11 01:05:00,5685.45,8.94,TRADE
VIC1,2026/07/11 01:10:00,5672.13,5.08,TRADE
VIC1,2026/07/11 01:15:00,5592.64,5.08,TRADE
VIC1,2026/07/11 01:20:00,5634.6,0.14,TRADE
VIC1,2026/07/11 01:25:00,5610.92,0.16,TRADE
VIC1,2026/07/11 01:30:00,5510.72,0.10,TRADE
VIC1,2026/07/11 01:35:00,5557.62,0.16,TRADE
VIC1,2026/07/11 01:40:00,5518.91,0.01,TRADE
VIC1,2026/07/11 01:45:00,5462.19,-1.10,TRADE
VIC1,2026/07/11 01:50:00,5459.23,-1.10,TRADE
VIC1,2026/07/11 01:55:00,5334.28,-1.10,TRADE
VIC1,2026/07/11 02:00:00,5392.01,0,TRADE
VIC1,2026/07/11 02:05:00,5349.68,0,TRADE
VIC1,2026/07/11 02:10:00,5284.8,-1.10,TRADE
VIC1,2026/07/11 02:15:00,5332.51,0.01,TRADE
VIC1,2026/07/11 02:20:00,5354.83,0.01,TRADE
VIC1,2026/07/11 02:25:00,5298.9,0,TRADE
VIC1,2026/07/11 02:30:00,5262.65,0,TRADE
VIC1,2026/07/11 02:35:00,5125.72,0,TRADE
VIC1,2026/07/11 02:40:00,5190.29,0,TRADE
VIC1,2026/07/11 02:45:00,5213.17,0.01,TRADE
VIC1,2026/07/11 02:50:00,5114.3,0,TRADE
VIC1,2026/07/11 02:55:00,5177.67,0,TRADE
VIC1,2026/07/11 03:00:00,5151.26,0,TRADE
VIC1,2026/07/11 03:05:00,5144.95,0,TRADE
VIC1,2026/07/11 03:10:00,5064.52,0,TRADE
VIC1,2026/07/11 03:15:00,5109.21,0,TRADE
VIC1,2026/07/11 03:20:00,5054.48,0,TRADE
VIC1,2026/07/11 03:25:00,5026.73,0,TRADE
VIC1,2026/07/11 03:30:00,5043.9,0,TRADE
VIC1,2026/07/11 03:35:00,5054.05,-1.01,TRADE
VIC1,2026/07/11 03:40:00,5033.62,0,TRADE
VIC1,2026/07/11 03:45:00,5024.16,0,TRADE
VIC1,2026/07/11 03:50:00,5011.07,0,TRADE
VIC1,2026/07/11 03:55:00,5005.9,-1.10,TRADE
VIC1,2026/07/11 04:00:00,4929.4,0,TRADE
VIC1,2026/07/11 04:05:00,4939.09,-1.10,TRADE
VIC1,2026/07/11 04:10:00,4989.96,0,TRADE
VIC1,2026/07/11 04:15:00,5016.43,-0.02,TRADE
VIC1,2026/07/11 04:20:00,4985.63,-0.02,TRADE
VIC1,2026/07/11 04:25:00,4992.36,0,TRADE
VIC1,2026/07/11 04:30:00,4982.32,-1.10,TRADE
VIC1,2026/07/11 04:35:00,4982.37,-1.10,TRADE
VIC1,2026/07/11 04:40:00,4909.93,-0.02,TRADE
VIC1,2026/07/11 04:45:00,4922.37,-1.10,TRADE
VIC1,2026/07/11 04:50:00,5003.8,-1.10,TRADE
VIC1,2026/07/11 04:55:00,5019.52,-1.10,TRADE
VIC1,2026/07/11 05:00:00,5036.05,-1.10,TRADE
VIC1,2026/07/11 05:05:00,5072.31,-1.10,TRADE
VIC1,2026/07/11 05:10:00,5097.3,-1.10,TRADE
VIC1,2026/07/11 05:15:00,5126.54,-1.10,TRADE
VIC1,2026/07/11 05:20:00,5077.14,-1.10,TRADE
VIC1,2026/07/11 05:25:00,5071.24,-1.10,TRADE
VIC1,2026/07/11 05:30:00,5092.58,-1.10,TRADE
VIC1,2026/07/11 05:35:00,5165.8,-1.10,TRADE
VIC1,2026/07/11 05:40:00,5183.32,-1.10,TRADE
VIC1,2026/07/11 05:45:00,5215.38,0.01,TRADE
VIC1,2026/07/11 05:50:00,5237.5,5.08,TRADE
VIC1,2026/07/11 05:55:00,5234.03,0.01,TRADE
VIC1,2026/07/11 06:00:00,5259.61,0.01,TRADE
VIC1,2026/07/11 06:05:00,5224.27,0.01,TRADE
VIC1,2026/07/11 06:10:00,5262.73,0.01,TRADE
VIC1,2026/07/11 06:15:00,5313.37,0.01,TRADE
VIC1,2026/07/11 06:20:00,5319.63,-1.10,TRADE
VIC1,2026/07/11 06:25:00,5391.6,6.62,TRADE
VIC1,2026/07/11 06:30:00,5447.59,0.01,TRADE
VIC1,2026/07/11 06:35:00,5479.84,0.01,TRADE
VIC1,2026/07/11 06:40:00,5530.32,0.01,TRADE
VIC1,2026/07/11 06:45:00,5653.41,0.11,TRADE
VIC1,2026/07/11 06:50:00,5588,0.12,TRADE
VIC1,2026/07/11 06:55:00,5688.57,0.12,TRADE
VIC1,2026/07/11 07:00:00,5748.56,0.18,TRADE
VIC1,2026/07/11 07:05:00,5813.67,5.08,TRADE
VIC1,2026/07/11 07:10:00,5830.92,2.87,TRADE
VIC1,2026/07/11 07:15:00,5823.61,0.18,TRADE
VIC1,2026/07/11 07:20:00,5945.7,5.08,TRADE
VIC1,2026/07/11 07:25:00,6029.77,8.94,TRADE
VIC1,2026/07/11 07:30:00,6008.6,8.94,TRADE
VIC1,2026/07/11 07:35:00,6095.32,8.94,TRADE
VIC1,2026/07/11 07:40:00,6163.32,8.94,TRADE
VIC1,2026/07/11 07:45:00,6206.57,8.94,TRADE
VIC1,2026/07/11 07:50:00,6219.88,8.94,TRADE
VIC1,2026/07/11 07:55:00,6259.94,8.94,TRADE
VIC1,2026/07/11 08:00:00,6339.51,8.94,TRADE
VIC1,2026/07/11 08:05:00,6389.19,8.94,TRADE
VIC1,2026/07/11 08:10:00,6373.54,7.90,TRADE
VIC1,2026/07/11 08:15:00,6501.19,8.94,TRADE
VIC1,2026/07/11 08:20:00,6483.25,7.95,TRADE
VIC1,2026/07/11 08:25:00,6516.36,8.94,TRADE
VIC1,2026/07/11 08:30:00,6463.55,5.08,TRADE
VIC1,2026/07/11 08:35:00,6456.07,8.85,TRADE
VIC1,2026/07/11 08:40:00,6476.08,6.37,TRADE
VIC1,2026/07/11 08:45:00,6497.49,10.50,TRADE
VIC1,2026/07/11 08:50:00,6496.13,10.65,TRADE
VIC1,2026/07/11 08:55:00,6505.56,10.50,TRADE
VIC1,2026/07/11 09:00:00,6480.98,8.94,TRADE
VIC1,2026/07/11 09:05:00,6464.77,10.65,TRADE
VIC1,2026/07/11 09:10:00,6480.73,10.65,TRADE
VIC1,2026/07/11 09:15:00,6374.32,10.50,TRADE
VIC1,2026/07/11 09:20:00,6410.32,-1.44,TRADE
VIC1,2026/07/11 09:25:00,6401.47,10.50,TRADE
VIC1,2026/07/11 09:30:00,6289.12,-4.72,TRADE
VIC1,2026/07/11 09:35:00,6287.62,-1.15,TRADE
VIC1,2026/07/11 09:40:00,6222.15,13.93,TRADE
VIC1,2026/07/11 09:45:00,6162.98,-0.92,TRADE
VIC1,2026/07/11 09:50:00,6011.57,-1.10,TRADE
VIC1,2026/07/11 09:55:00,6007.41,97.30,TRADE
VIC1,2026/07/11 10:00:00,5894.16,89.07,TRADE
VIC1,2026/07/11 10:05:00,5810.82,47.66,TRADE
VIC1,2026/07/11 10:10:00,5789.49,-1.10,TRADE
VIC1,2026/07/11 10:15:00,5800.85,-1.10,TRADE
VIC1,2026/07/11 10:20:00,5693.96,-1.10,TRADE
VIC1,2026/07/11 10:25:00,5723.28,-1.10,TRADE
VIC1,2026/07/11 10:30:00,5660.88,75.74,TRADE
VIC1,2026/07/11 10:35:00,5583.74,98.54,TRADE
VIC1,2026/07/11 10:40:00,5581.14,-1.10,TRADE
VIC1,2026/07/11 10:45:00,5730.51,-6.86,TRADE
VIC1,2026/07/11 10:50:00,5509.26,-4.67,TRADE
VIC1,2026/07/11 10:55:00,5638.64,-1.15,TRADE
VIC1,2026/07/11 11:00:00,5662.93,-1.15,TRADE
VIC1,2026/07/11 11:05:00,5685.61,-1.15,TRADE
VIC1,2026/07/11 11:10:00,5829.62,-1.15,TRADE
VIC1,2026/07/11 11:15:00,5892.14,-1.15,TRADE
VIC1,2026/07/11 11:20:00,5912.04,-1.15,TRADE
VIC1,2026/07/11 11:25:00,5906.81,-1.15,TRADE
VIC1,2026/07/11 11:30:00,5823.87,-1.15,TRADE
VIC1,2026/07/11 11:35:00,5874.52,-1.10,TRADE
VIC1,2026/07/11 11:40:00,5898.42,-1.10,TRADE
VIC1,2026/07/11 11:45:00,5865.8,4.13,TRADE
VIC1,2026/07/11 11:50:00,5875.77,86.74,TRADE
VIC1,2026/07/11 11:55:00,5847.95,-1.10,TRADE
VIC1,2026/07/11 12:00:00,5887.87,-7.08,TRADE
VIC1,2026/07/11 12:05:00,5853.51,-1.10,TRADE
VIC1,2026/07/11 12:10:00,5783.45,-1.10,TRADE
VIC1,2026/07/11 12:15:00,5776.7,-1.10,TRADE
VIC1,2026/07/11 12:20:00,5747.93,-1.10,TRADE
VIC1,2026/07/11 12:25:00,5712.36,-1.10,TRADE
VIC1,2026/07/11 12:30:00,5697.04,-1.10,TRADE
VIC1,2026/07/11 12:35:00,5671.44,-1.10,TRADE
VIC1,2026/07/11 12:40:00,5667.14,-1.10,TRADE
VIC1,2026/07/11 12:45:00,5533.31,-1.10,TRADE
VIC1,2026/07/11 12:50:00,5564.51,-1.10,TRADE
VIC1,2026/07/11 12:55:00,5474.58,-1.15,TRADE
VIC1,2026/07/11 13:00:00,5500.23,-1.10,TRADE
VIC1,2026/07/11 13:05:00,5502.15,-1.10,TRADE
VIC1,2026/07/11 13:10:00,5580.38,-0.63,TRADE
VIC1,2026/07/11 13:15:00,5598.75,-1.10,TRADE
VIC1,2026/07/11 13:20:00,5648.45,-1.10,TRADE
VIC1,2026/07/11 13:25:00,5664.56,-1.10,TRADE
VIC1,2026/07/11 13:30:00,5594.39,-1.10,TRADE
VIC1,2026/07/11 13:35:00,5592.98,-1.10,TRADE
VIC1,2026/07/11 13:40:00,5683.82,-1.05,TRADE
VIC1,2026/07/11 13:45:00,5705,-1.06,TRADE
VIC1,2026/07/11 13:50:00,5652.34,-0.02,TRADE
VIC1,2026/07/11 13:55:00,5739.41,-1.08,TRADE
VIC1,2026/07/11 14:00:00,5760.24,-1.05,TRADE
VIC1,2026/07/11 14:05:00,5800,-1.08,TRADE
VIC1,2026/07/11 14:10:00,5714.9,-0.02,TRADE
VIC1,2026/07/11 14:15:00,5690.33,-0.02,TRADE
VIC1,2026/07/11 14:20:00,5844.56,11.68,TRADE
VIC1,2026/07/11 14:25:00,5875.21,1.06,TRADE
VIC1,2026/07/11 14:30:00,5867.2,-0.02,TRADE
VIC1,2026/07/11 14:35:00,5905.59,1.14,TRADE
VIC1,2026/07/11 14:40:00,5924.03,0.17,TRADE
VIC1,2026/07/11 14:45:00,5964.93,-0.02,TRADE
VIC1,2026/07/11 14:50:00,5945.85,-1.10,TRADE
VIC1,2026/07/11 14:55:00,5959.26,1.14,TRADE
VIC1,2026/07/11 15:00:00,6037.16,5.08,TRADE
VIC1,2026/07/11 15:05:00,5959.38,-0.62,TRADE
VIC1,2026/07/11 15:10:00,6026.72,-1.10,TRADE
VIC1,2026/07/11 15:15:00,6058.77,-1.10,TRADE
VIC1,2026/07/11 15:20:00,6081.42,-1.10,TRADE
VIC1,2026/07/11 15:25:00,6090.39,0.01,TRADE
VIC1,2026/07/11 15:30:00,6121.82,-1.10,TRADE
VIC1,2026/07/11 15:35:00,6122.81,0,TRADE
VIC1,2026/07/11 15:40:00,6099.15,-1.10,TRADE
VIC1,2026/07/11 15:45:00,6236.78,0.01,TRADE
VIC1,2026/07/11 15:50:00,6280.64,-1.10,TRADE
VIC1,2026/07/11 15:55:00,6343.17,3.55,TRADE
VIC1,2026/07/11 16:00:00,6475.86,10.50,TRADE
VIC1,2026/07/11 16:05:00,6502.75,5.08,TRADE
VIC1,2026/07/11 16:10:00,6511.81,0.17,TRADE
VIC1,2026/07/11 16:15:00,6564.94,10.50,TRADE
VIC1,2026/07/11 16:20:00,6531.25,-0.41,TRADE
VIC1,2026/07/11 16:25:00,6657.94,19.44,TRADE
VIC1,2026/07/11 16:30:00,6725.11,8.94,TRADE
VIC1,2026/07/11 16:35:00,6712.57,6.76,TRADE
VIC1,2026/07/11 16:40:00,6827.79,8.94,TRADE
VIC1,2026/07/11 16:45:00,6866.43,8.94,TRADE
VIC1,2026/07/11 16:50:00,6823.79,47.42,TRADE
VIC1,2026/07/11 16:55:00,7106.38,43.78,TRADE
VIC1,2026/07/11 17:00:00,6983.36,34.02,TRADE
VIC1,2026/07/11 17:05:00,7051.05,41.50,TRADE
VIC1,2026/07/11 17:10:00,7075.43,54.11,TRADE
VIC1,2026/07/11 17:15:00,7116.51,29.87,TRADE
VIC1,2026/07/11 17:20:00,7241.83,24.71,TRADE
VIC1,2026/07/11 17:25:00,7299.39,21.56,TRADE
VIC1,2026/07/11 17:30:00,7357.24,21.71,TRADE
VIC1,2026/07/11 17:35:00,7393.22,6.89,TRADE
VIC1,2026/07/11 17:40:00,7413.58,-21,TRADE
VIC1,2026/07/11 17:45:00,7407.64,16.16,TRADE
VIC1,2026/07/11 17:50:00,7509.14,3.49,TRADE
VIC1,2026/07/11 17:55:00,7531.4,-4.67,TRADE
VIC1,2026/07/11 18:00:00,7458.71,19.24,TRADE
VIC1,2026/07/11 18:05:00,7541.41,16.58,TRADE
VIC1,2026/07/11 18:10:00,7482.68,-4.67,TRADE
VIC1,2026/07/11 18:15:00,7490.73,16.87,TRADE
VIC1,2026/07/11 18:20:00,7479.26,16.34,TRADE
VIC1,2026/07/11 18:25:00,7383.99,8.69,TRADE
VIC1,2026/07/11 18:30:00,7396.6,15.13,TRADE
VIC1,2026/07/11 18:35:00,7354.04,15.13,TRADE
VIC1,2026/07/11 18:40:00,7300.75,15.13,TRADE
VIC1,2026/07/11 18:45:00,7308.71,15.13,TRADE
VIC1,2026/07/11 18:50:00,7315.37,15.13,TRADE
VIC1,2026/07/11 18:55:00,7293.89,15.13,TRADE
VIC1,2026/07/11 19:00:00,7210.46,8.69,TRADE
VIC1,2026/07/11 19:05:00,7257.87,15.13,TRADE
VIC1,2026/07/11 19:10:00,7206.8,15.13,TRADE
VIC1,2026/07/11 19:15:00,7178.24,8.69,TRADE
VIC1,2026/07/11 19:20:00,7202.49,8.69,TRADE
VIC1,2026/07/11 19:25:00,7169.01,15.13,TRADE
VIC1,2026/07/11 19:30:00,7171.32,15.13,TRADE
VIC1,2026/07/11 19:35:00,7168.28,13.41,TRADE
VIC1,2026/07/11 19:40:00,7197.58,41.50,TRADE
VIC1,2026/07/11 19:45:00,7263.35,15.13,TRADE
VIC1,2026/07/11 19:50:00,7244.26,8.69,TRADE
VIC1,2026/07/11 19:55:00,7280.63,22.67,TRADE
VIC1,2026/07/11 20:00:00,7279.94,10.25,TRADE
VIC1,2026/07/11 20:05:00,7279.13,12.75,TRADE
VIC1,2026/07/11 20:10:00,7236.81,14.64,TRADE
VIC1,2026/07/11 20:15:00,7300.71,45.98,TRADE
VIC1,2026/07/11 20:20:00,7240.17,35,TRADE
VIC1,2026/07/11 20:25:00,7251.24,31.96,TRADE
VIC1,2026/07/11 20:30:00,7183.06,28.47,TRADE
VIC1,2026/07/11 20:35:00,7227.48,29.47,TRADE
VIC1,2026/07/11 20:40:00,7137.9,29.49,TRADE
VIC1,2026/07/11 20:45:00,7188.23,18.28,TRADE
VIC1,2026/07/11 20:50:00,7173.56,15.18,TRADE
VIC1,2026/07/11 20:55:00,7064.74,9.66,TRADE
VIC1,2026/07/11 21:00:00,7091.21,5.90,TRADE
VIC1,2026/07/11 21:05:00,7063,7.16,TRADE
VIC1,2026/07/11 21:10:00,7055.98,27.60,TRADE
VIC1,2026/07/11 21:15:00,7000.58,29.13,TRADE
VIC1,2026/07/11 21:20:00,6902.41,25.59,TRADE
VIC1,2026/07/11 21:25:00,6920.94,26.75,TRADE
VIC1,2026/07/11 21:30:00,6937.35,18.07,TRADE
VIC1,2026/07/11 21:35:00,6778.75,23.60,TRADE
VIC1,2026/07/11 21:40:00,6812.51,25.81,TRADE
VIC1,2026/07/11 21:45:00,6778.62,22.13,TRADE
VIC1,2026/07/11 21:50:00,6754.12,22.25,TRADE
VIC1,2026/07/11 21:55:00,6737.55,20.03,TRADE
VIC1,2026/07/11 22:00:00,6638.05,26.19,TRADE
VIC1,2026/07/11 22:05:00,6590.08,1.07,TRADE
VIC1,2026/07/11 22:10:00,6640.51,9.90,TRADE
VIC1,2026/07/11 22:15:00,6597.85,8.49,TRADE
VIC1,2026/07/11 22:20:00,6561.02,-4.67,TRADE
VIC1,2026/07/11 22:25:00,6551.75,-1.15,TRADE
VIC1,2026/07/11 22:30:00,6443.35,-1.15,TRADE
VIC1,2026/07/11 22:35:00,6450.85,-1.15,TRADE
VIC1,2026/07/11 22:40:00,6331.71,-1.15,TRADE
VIC1,2026/07/11 22:45:00,6300.68,-1.15,TRADE
VIC1,2026/07/11 22:50:00,6315.01,-1.15,TRADE
VIC1,2026/07/11 22:55:00,6210.17,-1.15,TRADE
VIC1,2026/07/11 23:00:00,6237.74,-1.15,TRADE
VIC1,2026/07/11 23:05:00,6220.41,-1.15,TRADE
VIC1,2026/07/11 23:10:00,6315.27,-1.10,TRADE
VIC1,2026/07/11 23:15:00,6271.01,-1.15,TRADE
VIC1,2026/07/11 23:20:00,6306.89,-1.15,TRADE
VIC1,2026/07/11 23:25:00,6274.74,-1.15,TRADE
VIC1,2026/07/11 23:30:00,6194.23,-1.15,TRADE
VIC1,2026/07/11 23:35:00,6213.56,-1.15,TRADE
VIC1,2026/07/11 23:40:00,6156.14,-1.15,TRADE
VIC1,2026/07/11 23:45:00,6038.13,-1.15,TRADE
VIC1,2026/07/11 23:50:00,6024.07,-1.15,TRADE
VIC1,2026/07/11 23:55:00,5996.96,-1.15,TRADE
VIC1,2026/07/12 00:00:00,5953.65,-1.15,TRADE
VIC1,2026/07/12 00:05:00,5950.64,-1.15,TRADE
VIC1,2026/07/12 00:10:00,5899.97,-1.15,TRADE
VIC1,2026/07/12 00:15:00,5978.8,-1.15,TRADE
VIC1,2026/07/12 00:20:00,5945.3,-1.15,TRADE
VIC1,2026/07/12 00:25:00,5880.78,-1.15,TRADE
VIC1,2026/07/12 00:30:00,5885.82,-1.15,TRADE
VIC1,2026/07/12 00:35:00,5831.47,-1.15,TRADE
VIC1,2026/07/12 00:40:00,5816.43,-1.15,TRADE
VIC1,2026/07/12 00:45:00,5744.94,-1.15,TRADE
VIC1,2026/07/12 00:50:00,5640.23,-1.15,TRADE
VIC1,2026/07/12 00:55:00,5599.43,-1.15,TRADE
VIC1,2026/07/12 01:00:00,5579.65,-1.15,TRADE
VIC1,2026/07/12 01:05:00,5597.74,-1.15,TRADE
VIC1,2026/07/12 01:10:00,5511.44,-1.15,TRADE
VIC1,2026/07/12 01:15:00,5469.18,-1.15,TRADE
VIC1,2026/07/12 01:20:00,5462.07,-1.15,TRADE
VIC1,2026/07/12 01:25:00,5467.62,-1.15,TRADE
VIC1,2026/07/12 01:30:00,5370.46,-1.15,TRADE
VIC1,2026/07/12 01:35:00,5306.45,-1.15,TRADE
VIC1,2026/07/12 01:40:00,5343.58,-1.15,TRADE
VIC1,2026/07/12 01:45:00,5304.07,-1.10,TRADE
VIC1,2026/07/12 01:50:00,5215.24,-1.15,TRADE
VIC1,2026/07/12 01:55:00,5195.86,-1.15,TRADE
VIC1,2026/07/12 02:00:00,5205.56,-1.15,TRADE
VIC1,2026/07/12 02:05:00,5193.13,-1.15,TRADE
VIC1,2026/07/12 02:10:00,5151.79,-1.15,TRADE
VIC1,2026/07/12 02:15:00,5076.93,-1.15,TRADE
VIC1,2026/07/12 02:20:00,5071.47,-1.15,TRADE
VIC1,2026/07/12 02:25:00,5014.54,-1.15,TRADE
VIC1,2026/07/12 02:30:00,5068.84,-1.15,TRADE
VIC1,2026/07/12 02:35:00,5011.91,-1.15,TRADE
VIC1,2026/07/12 02:40:00,5035.41,-1.15,TRADE
VIC1,2026/07/12 02:45:00,5007.49,-1.15,TRADE
VIC1,2026/07/12 02:50:00,4933.38,-1.15,TRADE
VIC1,2026/07/12 02:55:00,4940.95,-1.15,TRADE
VIC1,2026/07/12 03:00:00,4959.98,-1.15,TRADE
VIC1,2026/07/12 03:05:00,4976.81,-1.15,TRADE
VIC1,2026/07/12 03:10:00,4917.67,-4.67,TRADE
VIC1,2026/07/12 03:15:00,4909.64,-4.72,TRADE
VIC1,2026/07/12 03:20:00,4953.94,-4.67,TRADE
VIC1,2026/07/12 03:25:00,4943.89,-1.15,TRADE
VIC1,2026/07/12 03:30:00,4906.74,-1.15,TRADE
VIC1,2026/07/12 03:35:00,4885.14,-4.67,TRADE
VIC1,2026/07/12 03:40:00,4913.38,-1.15,TRADE
VIC1,2026/07/12 03:45:00,4914.92,-5,TRADE
VIC1,2026/07/12 03:50:00,4898.71,-1.15,TRADE
VIC1,2026/07/12 03:55:00,4807.52,-5,TRADE
VIC1,2026/07/12 04:00:00,4825.79,-1.15,TRADE
VIC1,2026/07/12 04:05:00,4887.24,-1.15,TRADE
VIC1,2026/07/12 04:10:00,4882.23,-1.15,TRADE
VIC1,2026/07/12 04:15:00,4885.97,-1.15,TRADE
VIC1,2026/07/12 04:20:00,4872.07,-1.15,TRADE
VIC1,2026/07/12 04:25:00,4875.9,-1.15,TRADE
VIC1,2026/07/12 04:30:00,4864.16,-1.15,TRADE
VIC1,2026/07/12 04:35:00,4813.64,-1.15,TRADE
VIC1,2026/07/12 04:40:00,4801.87,-1.15,TRADE
VIC1,2026/07/12 04:45:00,4851.75,-4.67,TRADE
VIC1,2026/07/12 04:50:00,4849.88,-4.67,TRADE
VIC1,2026/07/12 04:55:00,4798.91,-4.72,TRADE
VIC1,2026/07/12 05:00:00,4869.01,-1.15,TRADE
VIC1,2026/07/12 05:05:00,4882.96,-1.15,TRADE
VIC1,2026/07/12 05:10:00,4927.95,-1.15,TRADE
VIC1,2026/07/12 05:15:00,4860.76,-1.15,TRADE
VIC1,2026/07/12 05:20:00,4887.35,-1.15,TRADE
VIC1,2026/07/12 05:25:00,4937.79,-1.15,TRADE
VIC1,2026/07/12 05:30:00,4963.81,-1.15,TRADE
VIC1,2026/07/12 05:35:00,4968.81,-1.15,TRADE
VIC1,2026/07/12 05:40:00,5019.89,-1.15,TRADE
VIC1,2026/07/12 05:45:00,5025.21,-1.15,TRADE
VIC1,2026/07/12 05:50:00,5066.07,-1.15,TRADE
VIC1,2026/07/12 05:55:00,5081.44,-1.15,TRADE
VIC1,2026/07/12 06:00:00,5010.5,-1.15,TRADE
VIC1,2026/07/12 06:05:00,5040.47,-4.67,TRADE
VIC1,2026/07/12 06:10:00,5138.62,-1.15,TRADE
VIC1,2026/07/12 06:15:00,5182.15,-1.15,TRADE
VIC1,2026/07/12 06:20:00,5116.92,-1.15,TRADE
VIC1,2026/07/12 06:25:00,5255.92,-1.15,TRADE
VIC1,2026/07/12 06:30:00,5261.96,-1.15,TRADE
VIC1,2026/07/12 06:35:00,5281.11,-1.15,TRADE
VIC1,2026/07/12 06:40:00,5338.64,-1.15,TRADE
VIC1,2026/07/12 06:45:00,5283.09,-1.15,TRADE
VIC1,2026/07/12 06:50:00,5332.06,-1.15,TRADE
VIC1,2026/07/12 06:55:00,5440.32,-1.15,TRADE
VIC1,2026/07/12 07:00:00,5502.73,-1.10,TRADE
VIC1,2026/07/12 07:05:00,5557.98,-1.10,TRADE
VIC1,2026/07/12 07:10:00,5538.44,-1.10,TRADE
VIC1,2026/07/12 07:15:00,5677.2,-1.10,TRADE
VIC1,2026/07/12 07:20:00,5762.85,-1.10,TRADE
VIC1,2026/07/12 07:25:00,5764.42,-1.10,TRADE
VIC1,2026/07/12 07:30:00,5860.23,-1.10,TRADE
VIC1,2026/07/12 07:35:00,5890.69,-1.10,TRADE
VIC1,2026/07/12 07:40:00,5961.9,-1.10,TRADE
VIC1,2026/07/12 07:45:00,5998.1,-1.15,TRADE
VIC1,2026/07/12 07:50:00,6048.96,-1.15,TRADE
VIC1,2026/07/12 07:55:00,6153.27,-1.10,TRADE
VIC1,2026/07/12 08:00:00,6243.44,-1.10,TRADE
VIC1,2026/07/12 08:05:00,6179.36,-1.10,TRADE
VIC1,2026/07/12 08:10:00,6255.57,-1.10,TRADE
VIC1,2026/07/12 08:15:00,6357.64,2.54,TRADE
VIC1,2026/07/12 08:20:00,6387.19,0.61,TRADE
VIC1,2026/07/12 08:25:00,6344.93,0.08,TRADE
VIC1,2026/07/12 08:30:00,6424.52,8.87,TRADE
VIC1,2026/07/12 08:35:00,6438.97,22.67,TRADE
VIC1,2026/07/12 08:40:00,6480.01,46.50,TRADE
VIC1,2026/07/12 08:45:00,6445.34,10.65,TRADE
VIC1,2026/07/12 08:50:00,6372.56,8.94,TRADE
VIC1,2026/07/12 08:55:00,6411.5,10.65,TRADE
VIC1,2026/07/12 09:00:00,6381.23,22.75,TRADE
VIC1,2026/07/12 09:05:00,6345.35,10.70,TRADE
VIC1,2026/07/12 09:10:00,6448.73,11.64,TRADE
VIC1,2026/07/12 09:15:00,6451.93,46.50,TRADE
VIC1,2026/07/12 09:20:00,6438.43,10.50,TRADE
VIC1,2026/07/12 09:25:00,6412.81,10.50,TRADE
VIC1,2026/07/12 09:30:00,6287.42,8.94,TRADE
VIC1,2026/07/12 09:35:00,6316.28,0.08,TRADE
VIC1,2026/07/12 09:40:00,6288.46,8.94,TRADE
VIC1,2026/07/12 09:45:00,6275.01,-3.27,TRADE
VIC1,2026/07/12 09:50:00,6098.61,-4.79,TRADE
VIC1,2026/07/12 09:55:00,6084.49,-6.07,TRADE
VIC1,2026/07/12 10:00:00,6038.23,-1.15,TRADE
VIC1,2026/07/12 10:05:00,5948.34,-1.15,TRADE
VIC1,2026/07/12 10:10:00,5902.91,-4.67,TRADE
VIC1,2026/07/12 10:15:00,5836.78,-5.25,TRADE
VIC1,2026/07/12 10:20:00,5871.55,-5,TRADE
VIC1,2026/07/12 10:25:00,5853.51,-1.15,TRADE
VIC1,2026/07/12 10:30:00,5882.02,-1.56,TRADE
VIC1,2026/07/12 10:35:00,5871.06,-1.53,TRADE
VIC1,2026/07/12 10:40:00,5773.91,-1.70,TRADE
VIC1,2026/07/12 10:45:00,5702.56,-6.62,TRADE
VIC1,2026/07/12 10:50:00,5710.25,-4.77,TRADE
VIC1,2026/07/12 10:55:00,5727.08,-4.03,TRADE
VIC1,2026/07/12 11:00:00,5724.3,-2.57,TRADE
VIC1,2026/07/12 11:05:00,5778.05,-2.06,TRADE
VIC1,2026/07/12 11:10:00,6137.65,0.82,TRADE
VIC1,2026/07/12 11:15:00,6228.59,0.11,TRADE
VIC1,2026/07/12 11:20:00,6271.69,1.99,TRADE
VIC1,2026/07/12 11:25:00,6294.84,44.38,TRADE
VIC1,2026/07/12 11:30:00,6301.43,86.67,TRADE
VIC1,2026/07/12 11:35:00,6309.42,46.50,TRADE
VIC1,2026/07/12 11:40:00,6214.97,0.10,TRADE
VIC1,2026/07/12 11:45:00,6151.83,0.06,TRADE
VIC1,2026/07/12 11:50:00,6123.3,-0.02,TRADE
VIC1,2026/07/12 11:55:00,6125.41,-0.02,TRADE
VIC1,2026/07/12 12:00:00,6167.43,-0.02,TRADE
VIC1,2026/07/12 12:05:00,6221.19,0.50,TRADE
VIC1,2026/07/12 12:10:00,6240.65,5.08,TRADE
VIC1,2026/07/12 12:15:00,6261.02,3.55,TRADE
VIC1,2026/07/12 12:20:00,6315.65,6.62,TRADE
VIC1,2026/07/12 12:25:00,6286.31,5.08,TRADE
VIC1,2026/07/12 12:30:00,6231.65,0.50,TRADE
VIC1,2026/07/12 12:35:00,6320.23,5.08,TRADE
VIC1,2026/07/12 12:40:00,6448.46,10.50,TRADE
VIC1,2026/07/12 12:45:00,6467.54,46.50,TRADE
VIC1,2026/07/12 12:50:00,6459.54,-0.65,TRADE
VIC1,2026/07/12 12:55:00,6568.08,8.94,TRADE
VIC1,2026/07/12 13:00:00,6487.42,12.79,TRADE
VIC1,2026/07/12 13:05:00,6447.23,46.50,TRADE
VIC1,2026/07/12 13:10:00,6592.27,33.51,TRADE
VIC1,2026/07/12 13:15:00,6586.98,33.51,TRADE
VIC1,2026/07/12 13:20:00,6565.34,0.08,TRADE
VIC1,2026/07/12 13:25:00,6501.53,0.08,TRADE
VIC1,2026/07/12 13:30:00,6435.27,1.05,TRADE
VIC1,2026/07/12 13:35:00,6459.29,0.07,TRADE
VIC1,2026/07/12 13:40:00,6476.56,-0.67,TRADE
VIC1,2026/07/12 13:45:00,6438.19,-4.67,TRADE
VIC1,2026/07/12 13:50:00,6419.03,-0.66,TRADE
VIC1,2026/07/12 13:55:00,6446.5,-1.36,TRADE
VIC1,2026/07/12 14:00:00,6361.28,-4.76,TRADE
VIC1,2026/07/12 14:05:00,6419.85,-1.39,TRADE
VIC1,2026/07/12 14:10:00,6272.63,-5.58,TRADE
VIC1,2026/07/12 14:15:00,6354.62,-5.58,TRADE
VIC1,2026/07/12 14:20:00,6268.34,-4.67,TRADE
VIC1,2026/07/12 14:25:00,6374.97,-1.15,TRADE
VIC1,2026/07/12 14:30:00,6371.98,-2.99,TRADE
VIC1,2026/07/12 14:35:00,6389.34,-5.25,TRADE
VIC1,2026/07/12 14:40:00,6410.65,-5.65,TRADE
VIC1,2026/07/12 14:45:00,6408.95,-5.55,TRADE
VIC1,2026/07/12 14:50:00,6438.67,-5.63,TRADE
VIC1,2026/07/12 14:55:00,6375.94,-5.69,TRADE
VIC1,2026/07/12 15:00:00,6454.96,-5.25,TRADE
VIC1,2026/07/12 15:05:00,6436.97,-5.06,TRADE
VIC1,2026/07/12 15:10:00,6330.76,-3.62,TRADE
VIC1,2026/07/12 15:15:00,6252.48,-4.15,TRADE
VIC1,2026/07/12 15:20:00,6347.8,-4.95,TRADE
VIC1,2026/07/12 15:25:00,6357.34,-1.98,TRADE
VIC1,2026/07/12 15:30:00,6461.64,-1.98,TRADE
VIC1,2026/07/12 15:35:00,6467.36,-5,TRADE
VIC1,2026/07/12 15:40:00,6485.43,-1.10,TRADE
VIC1,2026/07/12 15:45:00,6527.7,2.62,TRADE
VIC1,2026/07/12 15:50:00,6521.08,20.96,TRADE
VIC1,2026/07/12 15:55:00,6592.78,20.96,TRADE
VIC1,2026/07/12 16:00:00,6727.95,41.76,TRADE
VIC1,2026/07/12 16:05:00,6819.6,10.50,TRADE
VIC1,2026/07/12 16:10:00,6864.5,10.50,TRADE
VIC1,2026/07/12 16:15:00,6963.98,10.50,TRADE
VIC1,2026/07/12 16:20:00,7009.62,41.39,TRADE
VIC1,2026/07/12 16:25:00,7010.29,25.94,TRADE
VIC1,2026/07/12 16:30:00,7075.3,48.43,TRADE
VIC1,2026/07/12 16:35:00,7102.61,36.13,TRADE
VIC1,2026/07/12 16:40:00,7126.46,62.25,TRADE
VIC1,2026/07/12 16:45:00,7101.24,35.76,TRADE
VIC1,2026/07/12 16:50:00,7172.22,28.23,TRADE
VIC1,2026/07/12 16:55:00,7278.12,33.35,TRADE
VIC1,2026/07/12 17:00:00,7308.5,51.67,TRADE
VIC1,2026/07/12 17:05:00,7394.87,32.36,TRADE
VIC1,2026/07/12 17:10:00,7451.84,30.93,TRADE
VIC1,2026/07/12 17:15:00,7511.84,3.11,TRADE
VIC1,2026/07/12 17:20:00,7574.67,44.45,TRADE
VIC1,2026/07/12 17:25:00,7669.32,40.49,TRADE
VIC1,2026/07/12 17:30:00,7714.55,48.23,TRADE
VIC1,2026/07/12 17:35:00,7776.06,46.18,TRADE
VIC1,2026/07/12 17:40:00,7796.61,48.17,TRADE
VIC1,2026/07/12 17:45:00,7813.6,47.99,TRADE
VIC1,2026/07/12 17:50:00,7795.88,30.36,TRADE
VIC1,2026/07/12 17:55:00,7835.65,37.38,TRADE
VIC1,2026/07/12 18:00:00,7824.82,37.35,TRADE
VIC1,2026/07/12 18:05:00,7841.01,37.32,TRADE
VIC1,2026/07/12 18:10:00,7811.29,42.57,TRADE
VIC1,2026/07/12 18:15:00,7780.95,34.97,TRADE
VIC1,2026/07/12 18:20:00,7765.52,46.07,TRADE
VIC1,2026/07/12 18:25:00,7764.53,37.36,TRADE
VIC1,2026/07/12 18:30:00,7744.11,40.14,TRADE
VIC1,2026/07/12 18:35:00,7708.99,41.71,TRADE
VIC1,2026/07/12 18:40:00,7675.31,37.36,TRADE
VIC1,2026/07/12 18:45:00,7653.54,36.57,TRADE
VIC1,2026/07/12 18:50:00,7636.83,39.17,TRADE
VIC1,2026/07/12 18:55:00,7623.69,34.58,TRADE
VIC1,2026/07/12 19:00:00,7611.32,31.97,TRADE
VIC1,2026/07/12 19:05:00,7604.91,30.46,TRADE
VIC1,2026/07/12 19:10:00,7544.19,29.84,TRADE
VIC1,2026/07/12 19:15:00,7541.08,27.43,TRADE
VIC1,2026/07/12 19:20:00,7509.66,27.40,TRADE
VIC1,2026/07/12 19:25:00,7491.01,28.18,TRADE
VIC1,2026/07/12 19:30:00,7454.68,22.67,TRADE
VIC1,2026/07/12 19:35:00,7416.27,24.24,TRADE
VIC1,2026/07/12 19:40:00,7383.78,27.37,TRADE
VIC1,2026/07/12 19:45:00,7375.57,27.63,TRADE
VIC1,2026/07/12 19:50:00,7422.5,60.21,TRADE
VIC1,2026/07/12 19:55:00,7341.51,0.01,TRADE
VIC1,2026/07/12 20:00:00,7335.94,23.22,TRADE
VIC1,2026/07/12 20:05:00,7307.33,4.44,TRADE
VIC1,2026/07/12 20:10:00,7292.41,0.01,TRADE
VIC1,2026/07/12 20:15:00,7190.17,0.01,TRADE
VIC1,2026/07/12 20:20:00,7199.57,6.34,TRADE
VIC1,2026/07/12 20:25:00,7155.37,5.35,TRADE
VIC1,2026/07/12 20:30:00,7114.47,19.49,TRADE
VIC1,2026/07/12 20:35:00,7133.89,6.09,TRADE
VIC1,2026/07/12 20:40:00,7112.88,-2.99,TRADE
VIC1,2026/07/12 20:45:00,7018.27,31.80,TRADE
VIC1,2026/07/12 20:50:00,7115.77,33.22,TRADE
VIC1,2026/07/12 20:55:00,7052.3,-26.74,TRADE
VIC1,2026/07/12 21:00:00,6950.47,26.67,TRADE
VIC1,2026/07/12 21:05:00,6899.72,16.78,TRADE
VIC1,2026/07/12 21:10:00,6911.25,18.98,TRADE
VIC1,2026/07/12 21:15:00,6792.94,-51.76,TRADE
VIC1,2026/07/12 21:20:00,6756.41,28.41,TRADE
VIC1,2026/07/12 21:25:00,6753.4,23.48,TRADE
VIC1,2026/07/12 21:30:00,6750.51,13.57,TRADE
VIC1,2026/07/12 21:35:00,6681.49,-63.52,TRADE
VIC1,2026/07/12 21:40:00,6630.84,-0.62,TRADE
VIC1,2026/07/12 21:45:00,6638.54,1.16,TRADE
VIC1,2026/07/12 21:50:00,6533.52,-15.42,TRADE
VIC1,2026/07/12 21:55:00,6508.44,-4.70,TRADE
VIC1,2026/07/12 22:00:00,6438.09,-1.15,TRADE
VIC1,2026/07/12 22:05:00,6265.33,-4.67,TRADE
VIC1,2026/07/12 22:10:00,6259.97,-5,TRADE
VIC1,2026/07/12 22:15:00,6316.05,-4.67,TRADE
VIC1,2026/07/12 22:20:00,6244.36,-4.67,TRADE
VIC1,2026/07/12 22:25:00,6212.68,-5,TRADE
VIC1,2026/07/12 22:30:00,6128.49,-5,TRADE
VIC1,2026/07/12 22:35:00,6086.82,-4.67,TRADE
VIC1,2026/07/12 22:40:00,5970.57,-5,TRADE
VIC1,2026/07/12 22:45:00,5969.46,-4.67,TRADE
VIC1,2026/07/12 22:50:00,5924,-5.98,TRADE
VIC1,2026/07/12 22:55:00,5933.46,-5.96,TRADE
VIC1,2026/07/12 23:00:00,5863.3,-6.60,TRADE
VIC1,2026/07/12 23:05:00,5809.38,-6.60,TRADE
VIC1,2026/07/12 23:10:00,5842.76,-6.48,TRADE
VIC1,2026/07/12 23:15:00,5872.12,-6.46,TRADE
VIC1,2026/07/12 23:20:00,5906.01,-6.06,TRADE
VIC1,2026/07/12 23:25:00,5922.24,-4.71,TRADE
VIC1,2026/07/12 23:30:00,5839.73,-5,TRADE
VIC1,2026/07/12 23:35:00,5820.46,-5,TRADE
VIC1,2026/07/12 23:40:00,5751.09,-1.15,TRADE
VIC1,2026/07/12 23:45:00,5762.42,-1.15,TRADE
VIC1,2026/07/12 23:50:00,5695.94,-4.67,TRADE
VIC1,2026/07/12 23:55:00,5644.14,-1.15,TRADE
VIC1,2026/07/13 00:00:00,5619.96,-4.67,TRADE
VIC1,2026/07/13 00:05:00,5525.4,-4.67,TRADE
VIC1,2026/07/13 00:10:00,5524.99,-1.15,TRADE
VIC1,2026/07/13 00:15:00,5624.53,-4.67,TRADE
VIC1,2026/07/13 00:20:00,5562.8,-4.67,TRADE
VIC1,2026/07/13 00:25:00,5517.84,-1.15,TRADE
VIC1,2026/07/13 00:30:00,5507.83,-1.15,TRADE
VIC1,2026/07/13 00:35:00,5482.08,-4.67,TRADE
VIC1,2026/07/13 00:40:00,5451.48,-4.67,TRADE
VIC1,2026/07/13 00:45:00,5314.47,-1.15,TRADE
VIC1,2026/07/13 00:50:00,5282.96,-1.15,TRADE
VIC1,2026/07/13 00:55:00,5310,-1.15,TRADE
VIC1,2026/07/13 01:00:00,5294.63,-1.15,TRADE
VIC1,2026/07/13 01:05:00,5231.6,-1.15,TRADE
VIC1,2026/07/13 01:10:00,5251.65,-1.15,TRADE
VIC1,2026/07/13 01:15:00,5242.16,-1.15,TRADE
VIC1,2026/07/13 01:20:00,5117.53,-1.15,TRADE
VIC1,2026/07/13 01:25:00,5146.21,-1.15,TRADE
VIC1,2026/07/13 01:30:00,5117.16,-1.15,TRADE
VIC1,2026/07/13 01:35:00,5017.34,-4.67,TRADE
VIC1,2026/07/13 01:40:00,5004.54,-4.67,TRADE
VIC1,2026/07/13 01:45:00,5070.24,-1.15,TRADE
VIC1,2026/07/13 01:50:00,5000,-4.67,TRADE
VIC1,2026/07/13 01:55:00,4983.67,-1.15,TRADE
VIC1,2026/07/13 02:00:00,4977.66,-1.15,TRADE
VIC1,2026/07/13 02:05:00,4970.33,-5,TRADE
VIC1,2026/07/13 02:10:00,4942.11,-6.51,TRADE
VIC1,2026/07/13 02:15:00,4867.99,-6.51,TRADE
VIC1,2026/07/13 02:20:00,4884.09,-6.51,TRADE
VIC1,2026/07/13 02:25:00,4910.69,-6.51,TRADE
VIC1,2026/07/13 02:30:00,4902,-6.60,TRADE
VIC1,2026/07/13 02:35:00,4868.58,-5,TRADE
VIC1,2026/07/13 02:40:00,4875.2,-6.51,TRADE
VIC1,2026/07/13 02:45:00,4879.84,-6.51,TRADE
VIC1,2026/07/13 02:50:00,4872.33,-5,TRADE
VIC1,2026/07/13 02:55:00,4750.97,-6.60,TRADE
VIC1,2026/07/13 03:00:00,4740.03,-6.51,TRADE
VIC1,2026/07/13 03:05:00,4798.2,-6.51,TRADE
VIC1,2026/07/13 03:10:00,4795.89,-6.41,TRADE
VIC1,2026/07/13 03:15:00,4740.85,-6.51,TRADE
VIC1,2026/07/13 03:20:00,4827.15,-6.51,TRADE
VIC1,2026/07/13 03:25:00,4784.01,-6.51,TRADE
VIC1,2026/07/13 03:30:00,4772.22,-6.51,TRADE
VIC1,2026/07/13 03:35:00,4733.73,-6.51,TRADE
VIC1,2026/07/13 03:40:00,4680.5,-7.15,TRADE
VIC1,2026/07/13 03:45:00,4760.11,-6.51,TRADE
VIC1,2026/07/13 03:50:00,4763.88,-6.60,TRADE
VIC1,2026/07/13 03:55:00,4765.75,-6.87,TRADE
VIC1,2026/07/13 04:00:00,4762.88,-6.51,TRADE
VIC1,2026/07/13 04:05:00,4750.71,-6.51,TRADE
VIC1,2026/07/13 04:10:00,4815.03,-6.60,TRADE
VIC1,2026/07/13 04:15:00,4745.44,-6.60,TRADE
VIC1,2026/07/13 04:20:00,4825.32,-6.51,TRADE
VIC1,2026/07/13 04:25:00,4830.87,-6.60,TRADE
VIC1,2026/07/13 04:30:00,4781.99,-5,TRADE
VIC1,2026/07/13 04:35:00,4844.78,-1.15,TRADE
VIC1,2026/07/13 04:40:00,4897.28,-6.23,TRADE
VIC1,2026/07/13 04:45:00,4878.25,-6.51,TRADE
VIC1,2026/07/13 04:50:00,4954.62,-5,TRADE
VIC1,2026/07/13 04:55:00,4954.96,-6.51,TRADE
VIC1,2026/07/13 05:00:00,4962.13,-6.51,TRADE
VIC1,2026/07/13 05:05:00,5002.05,-6.51,TRADE
VIC1,2026/07/13 05:10:00,5062.67,-6.51,TRADE
VIC1,2026/07/13 05:15:00,5033.26,-6.35,TRADE
VIC1,2026/07/13 05:20:00,5094.6,-6.51,TRADE
VIC1,2026/07/13 05:25:00,5145.4,-6.51,TRADE
VIC1,2026/07/13 05:30:00,5200.84,-6.51,TRADE
VIC1,2026/07/13 05:35:00,5260.48,-6.51,TRADE
VIC1,2026/07/13 05:40:00,5322.8,-6.51,TRADE
VIC1,2026/07/13 05:45:00,5337.32,-6.51,TRADE
VIC1,2026/07/13 05:50:00,5423.66,-5,TRADE
VIC1,2026/07/13 05:55:00,5473.91,-6.51,TRADE
VIC1,2026/07/13 06:00:00,5572.78,-1.15,TRADE
VIC1,2026/07/13 06:05:00,5636.1,-1.15,TRADE
VIC1,2026/07/13 06:10:00,5790.04,-6.60,TRADE
VIC1,2026/07/13 06:15:00,5887.06,-7.10,TRADE
VIC1,2026/07/13 06:20:00,5980.47,-2.99,TRADE
VIC1,2026/07/13 06:25:00,6058.04,-1.15,TRADE
VIC1,2026/07/13 06:30:00,6118.92,-1.15,TRADE
VIC1,2026/07/13 06:35:00,6197.8,-1.15,TRADE
VIC1,2026/07/13 06:40:00,6337.18,-1.15,TRADE
VIC1,2026/07/13 06:45:00,6417.51,-1.15,TRADE
VIC1,2026/07/13 06:50:00,6481.33,1.16,TRADE
VIC1,2026/07/13 06:55:00,6590,20.92,TRADE
VIC1,2026/07/13 07:00:00,6679.06,23.37,TRADE
VIC1,2026/07/13 07:05:00,6842.75,22.97,TRADE
VIC1,2026/07/13 07:10:00,6886.95,-54.04,TRADE
VIC1,2026/07/13 07:15:00,7083.75,50.12,TRADE
VIC1,2026/07/13 07:20:00,7126.46,32.05,TRADE
VIC1,2026/07/13 07:25:00,7235.04,-83.92,TRADE
VIC1,2026/07/13 07:30:00,7332.04,40.97,TRADE
VIC1,2026/07/13 07:35:00,7344.83,52.81,TRADE
VIC1,2026/07/13 07:40:00,7374.13,35.77,TRADE
VIC1,2026/07/13 07:45:00,7440.4,52.16,TRADE
VIC1,2026/07/13 07:50:00,7501.57,-8.47,TRADE
VIC1,2026/07/13 07:55:00,7631.08,66.21,TRADE
VIC1,2026/07/13 08:00:00,7576.42,22.67,TRADE
VIC1,2026/07/13 08:05:00,7579.36,54.25,TRADE
VIC1,2026/07/13 08:10:00,7572.26,-94.61,TRADE
VIC1,2026/07/13 08:15:00,7752.07,87.96,TRADE
VIC1,2026/07/13 08:20:00,7481.29,283.83,TRADE
VIC1,2026/07/13 08:25:00,7626.92,-13,TRADE
VIC1,2026/07/13 08:30:00,7731.75,46.50,TRADE
VIC1,2026/07/13 08:35:00,7543.16,-82.66,TRADE
VIC1,2026/07/13 08:40:00,7828.19,35.55,TRADE
VIC1,2026/07/13 08:45:00,7593.64,14.89,TRADE
VIC1,2026/07/13 08:50:00,7590.72,36.68,TRADE
VIC1,2026/07/13 08:55:00,7637.23,-64.88,TRADE
VIC1,2026/07/13 09:00:00,7924.04,64.45,TRADE
VIC1,2026/07/13 09:05:00,7504.16,10.67,TRADE
VIC1,2026/07/13 09:10:00,7489.66,91.96,TRADE
VIC1,2026/07/13 09:15:00,7522.22,7.43,TRADE
VIC1,2026/07/13 09:20:00,7712.81,44.89,TRADE
VIC1,2026/07/13 09:25:00,7306.4,-137.41,TRADE
VIC1,2026/07/13 09:30:00,7376.2,37.76,TRADE
VIC1,2026/07/13 09:35:00,7100.88,-41.32,TRADE
VIC1,2026/07/13 09:40:00,7033.15,10.73,TRADE
VIC1,2026/07/13 09:45:00,7195.34,8.94,TRADE
VIC1,2026/07/13 09:50:00,7125.11,0.64,TRADE
VIC1,2026/07/13 09:55:00,6982.97,10.50,TRADE
VIC1,2026/07/13 10:00:00,7038.47,24.06,TRADE
VIC1,2026/07/13 10:05:00,6955.29,66.26,TRADE
VIC1,2026/07/13 10:10:00,7047.88,37.69,TRADE
VIC1,2026/07/13 10:15:00,7012.43,-757.07,TRADE
VIC1,2026/07/13 10:20:00,7061.75,23.05,TRADE
VIC1,2026/07/13 10:25:00,6913.98,-4.92,TRADE
VIC1,2026/07/13 10:30:00,6925.68,19.37,TRADE
VIC1,2026/07/13 10:35:00,6759.26,-30.68,TRADE
VIC1,2026/07/13 10:40:00,6606.04,-0.02,TRADE
VIC1,2026/07/13 10:45:00,6433.1,0.12,TRADE
VIC1,2026/07/13 10:50:00,6313.53,0.10,TRADE
VIC1,2026/07/13 10:55:00,6275.48,0.10,TRADE
VIC1,2026/07/13 11:00:00,6157.46,-0.02,TRADE
VIC1,2026/07/13 11:05:00,6128.81,-0.02,TRADE
VIC1,2026/07/13 11:10:00,6352.11,33.37,TRADE
VIC1,2026/07/13 11:15:00,6212.88,-7,TRADE
VIC1,2026/07/13 11:20:00,6292.61,24.84,TRADE
VIC1,2026/07/13 11:25:00,6388.07,10.50,TRADE
VIC1,2026/07/13 11:30:00,6463.34,74.13,TRADE
VIC1,2026/07/13 11:35:00,6458.46,10.50,TRADE
VIC1,2026/07/13 11:40:00,6531.07,98.94,TRADE
VIC1,2026/07/13 11:45:00,6420.15,-4.67,TRADE
VIC1,2026/07/13 11:50:00,6617.25,33.81,TRADE
VIC1,2026/07/13 11:55:00,6660.07,10.50,TRADE
VIC1,2026/07/13 12:00:00,6609.9,19.78,TRADE
VIC1,2026/07/13 12:05:00,6584.77,-35.83,TRADE
VIC1,2026/07/13 12:10:00,6791.53,37.28,TRADE
VIC1,2026/07/13 12:15:00,6780.71,-33.51,TRADE
VIC1,2026/07/13 12:20:00,6660.72,53.83,TRADE
VIC1,2026/07/13 12:25:00,6656.61,11.68,TRADE
VIC1,2026/07/13 12:30:00,6561.75,-99.52,TRADE
VIC1,2026/07/13 12:35:00,6652.43,58.73,TRADE
VIC1,2026/07/13 12:40:00,6708.62,-4.67,TRADE
VIC1,2026/07/13 12:45:00,6386.75,26.26,TRADE
VIC1,2026/07/13 12:50:00,6447.99,-23.91,TRADE
VIC1,2026/07/13 12:55:00,6659.93,35.65,TRADE
VIC1,2026/07/13 13:00:00,6667.84,10.65,TRADE
VIC1,2026/07/13 13:05:00,6552.1,10.65,TRADE
VIC1,2026/07/13 13:10:00,6795.99,70.48,TRADE
VIC1,2026/07/13 13:15:00,6775.28,-4.81,TRADE
VIC1,2026/07/13 13:20:00,7078.62,70.48,TRADE
VIC1,2026/07/13 13:25:00,6768.48,10.50,TRADE
VIC1,2026/07/13 13:30:00,6783.08,90.44,TRADE
VIC1,2026/07/13 13:35:00,6771.35,-5.06,TRADE
VIC1,2026/07/13 13:40:00,6881.77,63.23,TRADE
VIC1,2026/07/13 13:45:00,6553.75,-92.11,TRADE
VIC1,2026/07/13 13:50:00,6854.53,76.55,TRADE
VIC1,2026/07/13 13:55:00,6802.99,-4.67,TRADE
VIC1,2026/07/13 14:00:00,6867.89,42.85,TRADE
VIC1,2026/07/13 14:05:00,6820.17,-33.91,TRADE
VIC1,2026/07/13 14:10:00,6698.86,19.18,TRADE
VIC1,2026/07/13 14:15:00,6700.84,-45.35,TRADE
VIC1,2026/07/13 14:20:00,6678.22,19.06,TRADE
VIC1,2026/07/13 14:25:00,6530.78,-13.84,TRADE
VIC1,2026/07/13 14:30:00,6393.78,23.93,TRADE
VIC1,2026/07/13 14:35:00,6493.26,-2.45,TRADE
VIC1,2026/07/13 14:40:00,6469.67,27.73,TRADE
VIC1,2026/07/13 14:45:00,6575.55,10.50,TRADE
VIC1,2026/07/13 14:50:00,6645.22,33.51,TRADE
VIC1,2026/07/13 14:55:00,6687.63,10.50,TRADE
VIC1,2026/07/13 15:00:00,6696.74,37.79,TRADE
VIC1,2026/07/13 15:05:00,6685.51,-28.91,TRADE
VIC1,2026/07/13 15:10:00,6631.3,19.18,TRADE
VIC1,2026/07/13 15:15:00,6739.82,19.18,TRADE
VIC1,2026/07/13 15:20:00,6719.11,-21.61,TRADE
VIC1,2026/07/13 15:25:00,6764.67,8.64,TRADE
VIC1,2026/07/13 15:30:00,6821.75,33.89,TRADE
VIC1,2026/07/13 15:35:00,6792.74,10.50,TRADE
VIC1,2026/07/13 15:40:00,6873.73,10.50,TRADE
VIC1,2026/07/13 15:45:00,6851.66,-4.24,TRADE
VIC1,2026/07/13 15:50:00,6852.01,19.76,TRADE
VIC1,2026/07/13 15:55:00,6877.79,-122.89,TRADE
VIC1,2026/07/13 16:00:00,6977.56,238.88,TRADE
VIC1,2026/07/13 16:05:00,7033.41,103.51,TRADE
VIC1,2026/07/13 16:10:00,6939.17,-717.97,TRADE
VIC1,2026/07/13 16:15:00,6926.89,41.93,TRADE
VIC1,2026/07/13 16:20:00,7070.95,176.66,TRADE
VIC1,2026/07/13 16:25:00,7158.56,-148.01,TRADE
VIC1,2026/07/13 16:30:00,7278.3,193.86,TRADE
VIC1,2026/07/13 16:35:00,7091.12,10.50,TRADE
VIC1,2026/07/13 16:40:00,7334.11,72.44,TRADE
VIC1,2026/07/13 16:45:00,7323.56,211.17,TRADE
VIC1,2026/07/13 16:50:00,7420.61,167.68,TRADE
VIC1,2026/07/13 16:55:00,7417.33,94.37,TRADE
VIC1,2026/07/13 17:00:00,7409.15,209.05,TRADE
VIC1,2026/07/13 17:05:00,7522.34,209.74,TRADE
VIC1,2026/07/13 17:10:00,7496.57,177.04,TRADE
VIC1,2026/07/13 17:15:00,7495.75,177.06,TRADE
VIC1,2026/07/13 17:20:00,7641.78,209.47,TRADE
VIC1,2026/07/13 17:25:00,7773.47,247.08,TRADE
VIC1,2026/07/13 17:30:00,7748.74,208.50,TRADE
VIC1,2026/07/13 17:35:00,7849.22,226.74,TRADE
VIC1,2026/07/13 17:40:00,7868.24,103.40,TRADE
VIC1,2026/07/13 17:45:00,7960.8,33.51,TRADE
VIC1,2026/07/13 17:50:00,7958.53,8.81,TRADE
VIC1,2026/07/13 17:55:00,8051.86,8.81,TRADE
VIC1,2026/07/13 18:00:00,8115.43,115,TRADE
VIC1,2026/07/13 18:05:00,8049.59,0.85,TRADE
VIC1,2026/07/13 18:10:00,8002.62,8.81,TRADE
VIC1,2026/07/13 18:15:00,7929.79,-4.67,TRADE
VIC1,2026/07/13 18:20:00,8015.79,217.65,TRADE
VIC1,2026/07/13 18:25:00,7996.18,8.81,TRADE
VIC1,2026/07/13 18:30:00,7868.33,78.71,TRADE
VIC1,2026/07/13 18:35:00,7835.61,180.30,TRADE
VIC1,2026/07/13 18:40:00,7714.36,186.44,TRADE
VIC1,2026/07/13 18:45:00,7724.89,109.68,TRADE
VIC1,2026/07/13 18:50:00,7718.05,109.68,TRADE
VIC1,2026/07/13 18:55:00,7764.06,110.70,TRADE
VIC1,2026/07/13 19:00:00,7746.89,113.64,TRADE
VIC1,2026/07/13 19:05:00,7642.78,0.67,TRADE
VIC1,2026/07/13 19:10:00,7697.26,210.68,TRADE
VIC1,2026/07/13 19:15:00,7592.15,221.85,TRADE
VIC1,2026/07/13 19:20:00,7567.76,-20.72,TRADE
VIC1,2026/07/13 19:25:00,7537.2,191.55,TRADE
VIC1,2026/07/13 19:30:00,7450.97,-211.92,TRADE
VIC1,2026/07/13 19:35:00,7456.72,167.68,TRADE
VIC1,2026/07/13 19:40:00,7607.24,93.14,TRADE
VIC1,2026/07/13 19:45:00,7420.24,111.97,TRADE
VIC1,2026/07/13 19:50:00,7386.2,-181.24,TRADE
VIC1,2026/07/13 19:55:00,7439.78,42.64,TRADE
VIC1,2026/07/13 20:00:00,7524.15,-33.18,TRADE
VIC1,2026/07/13 20:05:00,7458.37,14.55,TRADE
VIC1,2026/07/13 20:10:00,7415.05,-51.17,TRADE
VIC1,2026/07/13 20:15:00,7364.53,26.11,TRADE
VIC1,2026/07/13 20:20:00,7354.4,-4.67,TRADE
VIC1,2026/07/13 20:25:00,7239.02,17.30,TRADE
VIC1,2026/07/13 20:30:00,7290.12,-40.71,TRADE
VIC1,2026/07/13 20:35:00,7310.25,28.76,TRADE
VIC1,2026/07/13 20:40:00,7258.87,-20.93,TRADE
VIC1,2026/07/13 20:45:00,7196.68,15.63,TRADE
VIC1,2026/07/13 20:50:00,7236.43,2.20,TRADE
VIC1,2026/07/13 20:55:00,7159.5,-52.96,TRADE
VIC1,2026/07/13 21:00:00,7068.52,-1.10,TRADE
VIC1,2026/07/13 21:05:00,6956.71,13.32,TRADE
VIC1,2026/07/13 21:10:00,7053.25,-1.10,TRADE
VIC1,2026/07/13 21:15:00,6983.77,16.28,TRADE
VIC1,2026/07/13 21:20:00,6743.25,-1.17,TRADE
VIC1,2026/07/13 21:25:00,6830.87,-4.72,TRADE
VIC1,2026/07/13 21:30:00,6807.32,19.74,TRADE
VIC1,2026/07/13 21:35:00,6757.71,-50.20,TRADE
VIC1,2026/07/13 21:40:00,6697.24,21.60,TRADE
VIC1,2026/07/13 21:45:00,6603.12,-46.93,TRADE
VIC1,2026/07/13 21:50:00,6707.67,-1.15,TRADE
VIC1,2026/07/13 21:55:00,6570.02,-1.15,TRADE
VIC1,2026/07/13 22:00:00,6482.42,-1.15,TRADE
VIC1,2026/07/13 22:05:00,6406.98,-1.15,TRADE
VIC1,2026/07/13 22:10:00,6472.07,-1.15,TRADE
VIC1,2026/07/13 22:15:00,6352.44,-1.15,TRADE
VIC1,2026/07/13 22:20:00,6338.46,-1.15,TRADE
VIC1,2026/07/13 22:25:00,6244.44,-1.15,TRADE
VIC1,2026/07/13 22:30:00,6180.54,-1.15,TRADE
VIC1,2026/07/13 22:35:00,6087.85,-1.15,TRADE
VIC1,2026/07/13 22:40:00,6033.81,-1.15,TRADE
VIC1,2026/07/13 22:45:00,5898.98,-1.15,TRADE
VIC1,2026/07/13 22:50:00,5861.62,-1.10,TRADE
VIC1,2026/07/13 22:55:00,5842.51,-1.10,TRADE
VIC1,2026/07/13 23:00:00,5906.2,-1.10,TRADE
VIC1,2026/07/13 23:05:00,5830.32,-1.10,TRADE
VIC1,2026/07/13 23:10:00,5879.5,-0.95,TRADE
VIC1,2026/07/13 23:15:00,5975.37,-0.60,TRADE
VIC1,2026/07/13 23:20:00,5963.08,-1,TRADE
VIC1,2026/07/13 23:25:00,5927.1,0.15,TRADE
VIC1,2026/07/13 23:30:00,5908.1,9.80,TRADE
VIC1,2026/07/13 23:35:00,5781.04,0,TRADE
VIC1,2026/07/13 23:40:00,5710.67,-1.10,TRADE
VIC1,2026/07/13 23:45:00,5703.19,-1.10,TRADE
VIC1,2026/07/13 23:50:00,5655.93,-1.10,TRADE
VIC1,2026/07/13 23:55:00,5640.59,-1.10,TRADE
VIC1,2026/07/14 00:00:00,5617.21,-1.10,TRADE
VIC1,2026/07/14 00:05:00,5539.67,-1.10,TRADE
VIC1,2026/07/14 00:10:00,5483.29,-1.10,TRADE
VIC1,2026/07/14 00:15:00,5506.02,-1.10,TRADE
VIC1,2026/07/14 00:20:00,5462.14,-1.10,TRADE
VIC1,2026/07/14 00:25:00,5466.73,-1.10,TRADE
VIC1,2026/07/14 00:30:00,5478.73,-0.99,TRADE
VIC1,2026/07/14 00:35:00,5356.86,-1.01,TRADE
VIC1,2026/07/14 00:40:00,5405.67,-1.10,TRADE
VIC1,2026/07/14 00:45:00,5386.88,0,TRADE
VIC1,2026/07/14 00:50:00,5371.81,0,TRADE
VIC1,2026/07/14 00:55:00,5370.45,-1.02,TRADE
VIC1,2026/07/14 01:00:00,5261.37,0,TRADE
VIC1,2026/07/14 01:05:00,5229.8,-1.10,TRADE
VIC1,2026/07/14 01:10:00,5300.19,0,TRADE
VIC1,2026/07/14 01:15:00,5266.62,-1.10,TRADE
VIC1,2026/07/14 01:20:00,5127.34,-1.10,TRADE
VIC1,2026/07/14 01:25:00,5159.8,-0.02,TRADE
VIC1,2026/07/14 01:30:00,5172.78,-1.10,TRADE
VIC1,2026/07/14 01:35:00,5158.93,-1.10,TRADE
VIC1,2026/07/14 01:40:00,5117.21,-0.02,TRADE
VIC1,2026/07/14 01:45:00,5008.83,-1.10,TRADE
VIC1,2026/07/14 01:50:00,5004.39,-1.15,TRADE
VIC1,2026/07/14 01:55:00,5051.2,-1.10,TRADE
VIC1,2026/07/14 02:00:00,4951.71,-1.15,TRADE
VIC1,2026/07/14 02:05:00,4937.1,-1.15,TRADE
VIC1,2026/07/14 02:10:00,4925.66,-1.15,TRADE
VIC1,2026/07/14 02:15:00,4985.56,-1.15,TRADE
VIC1,2026/07/14 02:20:00,4979.2,-1.10,TRADE
VIC1,2026/07/14 02:25:00,4938.8,-1.15,TRADE
VIC1,2026/07/14 02:30:00,4964.67,-1.15,TRADE
VIC1,2026/07/14 02:35:00,4883.71,-1.10,TRADE
VIC1,2026/07/14 02:40:00,4816.12,-1.10,TRADE
VIC1,2026/07/14 02:45:00,4855.83,-1.10,TRADE
VIC1,2026/07/14 02:50:00,4930.69,-1.15,TRADE
VIC1,2026/07/14 02:55:00,4911.53,-1.15,TRADE
VIC1,2026/07/14 03:00:00,4904.45,-1.15,TRADE
VIC1,2026/07/14 03:05:00,4892,-1.15,TRADE
VIC1,2026/07/14 03:10:00,4898.1,-1.10,TRADE
VIC1,2026/07/14 03:15:00,4879.64,-1.15,TRADE
VIC1,2026/07/14 03:20:00,4795.22,-1.10,TRADE
VIC1,2026/07/14 03:25:00,4815.03,-1.15,TRADE
VIC1,2026/07/14 03:30:00,4855.76,-1.15,TRADE
VIC1,2026/07/14 03:35:00,4759.45,-1.10,TRADE
VIC1,2026/07/14 03:40:00,4767.54,-1.15,TRADE
VIC1,2026/07/14 03:45:00,4788.28,-1.15,TRADE
VIC1,2026/07/14 03:50:00,4831.65,-1.10,TRADE
VIC1,2026/07/14 03:55:00,4828.53,-1.10,TRADE
VIC1,2026/07/14 04:00:00,4703.86,-1.12,TRADE
VIC1,2026/07/14 04:05:00,4697.66,-1.15,TRADE
VIC1,2026/07/14 04:10:00,4830.76,-1.15,TRADE
VIC1,2026/07/14 04:15:00,4847.71,-1.15,TRADE
VIC1,2026/07/14 04:20:00,4777.2,-1.15,TRADE
VIC1,2026/07/14 04:25:00,4854.88,-1.15,TRADE
VIC1,2026/07/14 04:30:00,4846.45,-1.15,TRADE
VIC1,2026/07/14 04:35:00,4853.54,-1.15,TRADE
VIC1,2026/07/14 04:40:00,4801.69,-5,TRADE
VIC1,2026/07/14 04:45:00,4784.63,-5,TRADE
VIC1,2026/07/14 04:50:00,4790.96,-5,TRADE
VIC1,2026/07/14 04:55:00,4907.69,-5,TRADE
VIC1,2026/07/14 05:00:00,4920.1,-1.15,TRADE
VIC1,2026/07/14 05:05:00,4964.64,-1.15,TRADE
VIC1,2026/07/14 05:10:00,5041.33,-1.15,TRADE
VIC1,2026/07/14 05:15:00,5058.38,-1.15,TRADE
VIC1,2026/07/14 05:20:00,5061.22,-1.15,TRADE
VIC1,2026/07/14 05:25:00,5082.84,-1.15,TRADE
VIC1,2026/07/14 05:30:00,5181.56,-1.15,TRADE
VIC1,2026/07/14 05:35:00,5235.98,-1.15,TRADE
VIC1,2026/07/14 05:40:00,5194.51,-1.15,TRADE
VIC1,2026/07/14 05:45:00,5286.45,-1.15,TRADE
VIC1,2026/07/14 05:50:00,5407.18,-1.15,TRADE
VIC1,2026/07/14 05:55:00,5399.62,-1.15,TRADE
VIC1,2026/07/14 06:00:00,5416.6,-1.15,TRADE
VIC1,2026/07/14 06:05:00,5588.99,-1.10,TRADE
VIC1,2026/07/14 06:10:00,5722.7,-1.10,TRADE
VIC1,2026/07/14 06:15:00,5751.59,-1.10,TRADE
VIC1,2026/07/14 06:20:00,5933.92,-0.63,TRADE
VIC1,2026/07/14 06:25:00,6021.98,0,TRADE
VIC1,2026/07/14 06:30:00,6024.34,29.54,TRADE
VIC1,2026/07/14 06:35:00,6120.31,-0.63,TRADE
VIC1,2026/07/14 06:40:00,6301.25,27.97,TRADE
VIC1,2026/07/14 06:45:00,6398.26,25.12,TRADE
VIC1,2026/07/14 06:50:00,6515.43,31.56,TRADE
VIC1,2026/07/14 06:55:00,6624.1,31.88,TRADE
VIC1,2026/07/14 07:00:00,6735.6,31.09,TRADE
VIC1,2026/07/14 07:05:00,6760.69,27.39,TRADE
VIC1,2026/07/14 07:10:00,6877.6,28.22,TRADE
VIC1,2026/07/14 07:15:00,6925.39,33.49,TRADE
VIC1,2026/07/14 07:20:00,7033.56,37.98,TRADE
VIC1,2026/07/14 07:25:00,7107.38,50.65,TRADE
VIC1,2026/07/14 07:30:00,7240.03,55.54,TRADE
VIC1,2026/07/14 07:35:00,7268.54,30.90,TRADE
VIC1,2026/07/14 07:40:00,7283.03,31.18,TRADE
VIC1,2026/07/14 07:45:00,7348.6,40.26,TRADE
VIC1,2026/07/14 07:50:00,7381.54,36.74,TRADE
VIC1,2026/07/14 07:55:00,7469.47,62.98,TRADE
VIC1,2026/07/14 08:00:00,7486.86,42.21,TRADE
VIC1,2026/07/14 08:05:00,7499.16,22.67,TRADE
VIC1,2026/07/14 08:10:00,7520.04,41.85,TRADE
VIC1,2026/07/14 08:15:00,7492.21,40.89,TRADE
VIC1,2026/07/14 08:20:00,7397.71,28.78,TRADE
VIC1,2026/07/14 08:25:00,7367.95,10.50,TRADE
VIC1,2026/07/14 08:30:00,7386.55,22.67,TRADE
VIC1,2026/07/14 08:35:00,7323.94,10.50,TRADE
VIC1,2026/07/14 08:40:00,7205.6,10.50,TRADE
VIC1,2026/07/14 08:45:00,7171.87,22.67,TRADE
VIC1,2026/07/14 08:50:00,7167.69,22.77,TRADE
VIC1,2026/07/14 08:55:00,7079.94,10.50,TRADE
VIC1,2026/07/14 09:00:00,7065.22,10.50,TRADE
VIC1,2026/07/14 09:05:00,7029.82,11.06,TRADE
VIC1,2026/07/14 09:10:00,7036.21,-1.10,TRADE
VIC1,2026/07/14 09:15:00,6886.45,-1.10,TRADE
VIC1,2026/07/14 09:20:00,6747.9,1.25,TRADE
VIC1,2026/07/14 09:25:00,6709.28,10.50,TRADE
VIC1,2026/07/14 09:30:00,6653.34,10.50,TRADE
VIC1,2026/07/14 09:35:00,6586.03,-1.10,TRADE
VIC1,2026/07/14 09:40:00,6541.28,-1.10,TRADE
VIC1,2026/07/14 09:45:00,6531.84,8.94,TRADE
VIC1,2026/07/14 09:50:00,6412.05,4.36,TRADE
VIC1,2026/07/14 09:55:00,6469.45,10.50,TRADE
VIC1,2026/07/14 10:00:00,6480.36,10.50,TRADE
VIC1,2026/07/14 10:05:00,6540.01,22.67,TRADE
VIC1,2026/07/14 10:10:00,6614.28,24.96,TRADE
VIC1,2026/07/14 10:15:00,6541.04,13.65,TRADE
VIC1,2026/07/14 10:20:00,6533.37,10.66,TRADE
VIC1,2026/07/14 10:25:00,6558.86,10.50,TRADE
VIC1,2026/07/14 10:30:00,6527.83,0.67,TRADE
VIC1,2026/07/14 10:35:00,6487.85,-1.10,TRADE
VIC1,2026/07/14 10:40:00,6512.46,10.50,TRADE
VIC1,2026/07/14 10:45:00,6621.87,10.50,TRADE
VIC1,2026/07/14 10:50:00,6616.48,10.50,TRADE
VIC1,2026/07/14 10:55:00,6471.95,-1.10,TRADE
VIC1,2026/07/14 11:00:00,6481.96,10.50,TRADE
VIC1,2026/07/14 11:05:00,6420.73,8.90,TRADE
VIC1,2026/07/14 11:10:00,6540.9,7.71,TRADE
VIC1,2026/07/14 11:15:00,6545.27,7.89,TRADE
VIC1,2026/07/14 11:20:00,6439.38,10.50,TRADE
VIC1,2026/07/14 11:25:00,6246.91,0,TRADE
VIC1,2026/07/14 11:30:00,6186.54,-0.02,TRADE
VIC1,2026/07/14 11:35:00,6161.22,0.62,TRADE
VIC1,2026/07/14 11:40:00,5945.25,0.67,TRADE
VIC1,2026/07/14 11:45:00,5958.51,0,TRADE
VIC1,2026/07/14 11:50:00,5753.76,-0.96,TRADE
VIC1,2026/07/14 11:55:00,5678.97,-0.02,TRADE
VIC1,2026/07/14 12:00:00,5634.22,0,TRADE
VIC1,2026/07/14 12:05:00,5459.49,0,TRADE
VIC1,2026/07/14 12:10:00,5463,0,TRADE
VIC1,2026/07/14 12:15:00,5470.32,0.14,TRADE
VIC1,2026/07/14 12:20:00,5377.45,-0.02,TRADE
VIC1,2026/07/14 12:25:00,5288.38,-1.10,TRADE
VIC1,2026/07/14 12:30:00,5376.84,0,TRADE
VIC1,2026/07/14 12:35:00,5308.81,-1.15,TRADE
VIC1,2026/07/14 12:40:00,5298.54,-1.10,TRADE
VIC1,2026/07/14 12:45:00,5111.3,-1.10,TRADE
VIC1,2026/07/14 12:50:00,5131.01,-1.10,TRADE
VIC1,2026/07/14 12:55:00,5122.71,-1.10,TRADE
VIC1,2026/07/14 13:00:00,5160.53,-1.10,TRADE
VIC1,2026/07/14 13:05:00,5231.33,-1.10,TRADE
VIC1,2026/07/14 13:10:00,5313.06,0,TRADE
VIC1,2026/07/14 13:15:00,5292.72,-1.10,TRADE
VIC1,2026/07/14 13:20:00,5389.68,-1.15,TRADE
VIC1,2026/07/14 13:25:00,5538.18,-1.15,TRADE
VIC1,2026/07/14 13:30:00,5548.37,-1.32,TRADE
VIC1,2026/07/14 13:35:00,5664.41,-2.34,TRADE
VIC1,2026/07/14 13:40:00,5724.56,-5.25,TRADE
VIC1,2026/07/14 13:45:00,5938.15,1.96,TRADE
VIC1,2026/07/14 13:50:00,5867.86,8.63,TRADE
VIC1,2026/07/14 13:55:00,5882.17,-0.73,TRADE
VIC1,2026/07/14 14:00:00,5987.64,0.74,TRADE
VIC1,2026/07/14 14:05:00,6050.47,10.50,TRADE
VIC1,2026/07/14 14:10:00,6048.25,11.68,TRADE
VIC1,2026/07/14 14:15:00,6040.87,-0.02,TRADE
VIC1,2026/07/14 14:20:00,6079.66,0.06,TRADE
VIC1,2026/07/14 14:25:00,6046.21,-3.14,TRADE
VIC1,2026/07/14 14:30:00,6034.24,-30.57,TRADE
VIC1,2026/07/14 14:35:00,5953.85,-12.75,TRADE
VIC1,2026/07/14 14:40:00,6063.42,-6.60,TRADE
VIC1,2026/07/14 14:45:00,5996.49,-7.18,TRADE
VIC1,2026/07/14 14:50:00,6039.49,-6.60,TRADE
VIC1,2026/07/14 14:55:00,6024.88,-4.67,TRADE
VIC1,2026/07/14 15:00:00,6030.87,-4.81,TRADE
VIC1,2026/07/14 15:05:00,6081.69,-12.75,TRADE
VIC1,2026/07/14 15:10:00,6053.36,0.06,TRADE
VIC1,2026/07/14 15:15:00,6085.95,-12.29,TRADE
VIC1,2026/07/14 15:20:00,5962.8,-15.75,TRADE
VIC1,2026/07/14 15:25:00,6094.8,-6.60,TRADE
VIC1,2026/07/14 15:30:00,6120.75,-6.51,TRADE
VIC1,2026/07/14 15:35:00,6123.25,-5.25,TRADE
VIC1,2026/07/14 15:40:00,6143.64,-6.82,TRADE
VIC1,2026/07/14 15:45:00,6107.91,-12.75,TRADE
VIC1,2026/07/14 15:50:00,6230.91,8.94,TRADE
VIC1,2026/07/14 15:55:00,6285.43,7.61,TRADE
VIC1,2026/07/14 16:00:00,6290.72,19.21,TRADE
VIC1,2026/07/14 16:05:00,6292.39,0.84,TRADE
VIC1,2026/07/14 16:10:00,6433.37,10.65,TRADE
VIC1,2026/07/14 16:15:00,6466.8,129.06,TRADE
VIC1,2026/07/14 16:20:00,6428.86,88.04,TRADE
VIC1,2026/07/14 16:25:00,6629.7,119.39,TRADE
VIC1,2026/07/14 16:30:00,6708.38,-53.59,TRADE
VIC1,2026/07/14 16:35:00,6771.67,8.94,TRADE
VIC1,2026/07/14 16:40:00,6725.43,10.50,TRADE
VIC1,2026/07/14 16:45:00,6839.91,3.69,TRADE
VIC1,2026/07/14 16:50:00,6967.09,21.97,TRADE
VIC1,2026/07/14 16:55:00,6985.37,71.05,TRADE
VIC1,2026/07/14 17:00:00,7081.27,60.15,TRADE
VIC1,2026/07/14 17:05:00,7168.56,64.74,TRADE
VIC1,2026/07/14 17:10:00,7235.48,66.19,TRADE
VIC1,2026/07/14 17:15:00,7345.92,63.36,TRADE
VIC1,2026/07/14 17:20:00,7440.25,63.07,TRADE
VIC1,2026/07/14 17:25:00,7478.37,65.98,TRADE
VIC1,2026/07/14 17:30:00,7531.03,75.21,TRADE
VIC1,2026/07/14 17:35:00,7608.95,63.77,TRADE
VIC1,2026/07/14 17:40:00,7613.33,65.10,TRADE
VIC1,2026/07/14 17:45:00,7752.45,67.20,TRADE
VIC1,2026/07/14 17:50:00,7823.53,71.64,TRADE
VIC1,2026/07/14 17:55:00,7776.03,66.98,TRADE
VIC1,2026/07/14 18:00:00,7816.76,66.43,TRADE
VIC1,2026/07/14 18:05:00,7843.5,72.23,TRADE
VIC1,2026/07/14 18:10:00,7860.76,65.65,TRADE
VIC1,2026/07/14 18:15:00,7812.38,65.66,TRADE
VIC1,2026/07/14 18:20:00,7874.25,69.03,TRADE
VIC1,2026/07/14 18:25:00,7829.19,65.83,TRADE
VIC1,2026/07/14 18:30:00,7841.91,68.30,TRADE
VIC1,2026/07/14 18:35:00,7885.22,64.45,TRADE
VIC1,2026/07/14 18:40:00,7873.84,63.45,TRADE
VIC1,2026/07/14 18:45:00,7823.84,61.11,TRADE
VIC1,2026/07/14 18:50:00,7810.68,63.21,TRADE
VIC1,2026/07/14 18:55:00,7864.32,62.10,TRADE
VIC1,2026/07/14 19:00:00,7812.78,62.49,TRADE
VIC1,2026/07/14 19:05:00,7732.18,60.62,TRADE
VIC1,2026/07/14 19:10:00,7664.61,62.46,TRADE
VIC1,2026/07/14 19:15:00,7653.18,61.71,TRADE
VIC1,2026/07/14 19:20:00,7652.53,62.66,TRADE
VIC1,2026/07/14 19:25:00,7632.39,62.54,TRADE
VIC1,2026/07/14 19:30:00,7705.09,55.66,TRADE
VIC1,2026/07/14 19:35:00,7672.58,63.97,TRADE
VIC1,2026/07/14 19:40:00,7644.44,66.52,TRADE
VIC1,2026/07/14 19:45:00,7616.91,67.05,TRADE
VIC1,2026/07/14 19:50:00,7614.07,65.54,TRADE
VIC1,2026/07/14 19:55:00,7549.07,65.54,TRADE
VIC1,2026/07/14 20:00:00,7568.27,64.99,TRADE
VIC1,2026/07/14 20:05:00,7430.97,70.24,TRADE
VIC1,2026/07/14 20:10:00,7353.24,67.88,TRADE
VIC1,2026/07/14 20:15:00,7287.98,68.54,TRADE
VIC1,2026/07/14 20:20:00,7335.17,65.54,TRADE
VIC1,2026/07/14 20:25:00,7317.66,61,TRADE
VIC1,2026/07/14 20:30:00,7321.23,61.47,TRADE
VIC1,2026/07/14 20:35:00,7251.48,61.46,TRADE
VIC1,2026/07/14 20:40:00,7282,67.01,TRADE
VIC1,2026/07/14 20:45:00,7196.94,62.87,TRADE
VIC1,2026/07/14 20:50:00,7201.64,68.55,TRADE
VIC1,2026/07/14 20:55:00,7142.71,68.77,TRADE
VIC1,2026/07/14 21:00:00,7136.38,65.54,TRADE
VIC1,2026/07/14 21:05:00,7136.81,72.10,TRADE
VIC1,2026/07/14 21:10:00,7080.27,73.94,TRADE
VIC1,2026/07/14 21:15:00,7022.13,65.54,TRADE
VIC1,2026/07/14 21:20:00,7015.45,68.83,TRADE
VIC1,2026/07/14 21:25:00,6954.49,75.08,TRADE
VIC1,2026/07/14 21:30:00,6874.68,64.23,TRADE
VIC1,2026/07/14 21:35:00,6792.63,65.54,TRADE
VIC1,2026/07/14 21:40:00,6822.25,75.56,TRADE
VIC1,2026/07/14 21:45:00,6744.67,63.11,TRADE
VIC1,2026/07/14 21:50:00,6669.47,54.32,TRADE
VIC1,2026/07/14 21:55:00,6638.7,63.01,TRADE
VIC1,2026/07/14 22:00:00,6606.63,64.47,TRADE
VIC1,2026/07/14 22:05:00,6522.72,64.99,TRADE
VIC1,2026/07/14 22:10:00,6511.88,65.54,TRADE
VIC1,2026/07/14 22:15:00,6478.94,65.54,TRADE
VIC1,2026/07/14 22:20:00,6377.7,63.75,TRADE
VIC1,2026/07/14 22:25:00,6318.94,58.29,TRADE
VIC1,2026/07/14 22:30:00,6263.61,52.01,TRADE
VIC1,2026/07/14 22:35:00,6284.04,62.11,TRADE
VIC1,2026/07/14 22:40:00,6257.45,65.54,TRADE
VIC1,2026/07/14 22:45:00,6167.5,61.57,TRADE
VIC1,2026/07/14 22:50:00,6159.87,62.01,TRADE
VIC1,2026/07/14 22:55:00,6076.37,54.85,TRADE
VIC1,2026/07/14 23:00:00,6066.01,56.56,TRADE
VIC1,2026/07/14 23:05:00,5944.71,71.71,TRADE
VIC1,2026/07/14 23:10:00,6034.88,75.71,TRADE
VIC1,2026/07/14 23:15:00,6118.96,76.09,TRADE
VIC1,2026/07/14 23:20:00,6080.53,76.15,TRADE
VIC1,2026/07/14 23:25:00,6020.06,77.22,TRADE
VIC1,2026/07/14 23:30:00,6079.03,74.02,TRADE
VIC1,2026/07/14 23:35:00,6019.06,80.50,TRADE
VIC1,2026/07/14 23:40:00,5909.41,72.29,TRADE
VIC1,2026/07/14 23:45:00,5940.21,80.50,TRADE
VIC1,2026/07/14 23:50:00,5816.56,71.60,TRADE
VIC1,2026/07/14 23:55:00,5771.35,70.37,TRADE
VIC1,2026/07/15 00:00:00,5811.74,57.79,TRADE
VIC1,2026/07/15 00:05:00,5811.79,60,TRADE
VIC1,2026/07/15 00:10:00,5736.23,63.04,TRADE
VIC1,2026/07/15 00:15:00,5789.29,80.37,TRADE
VIC1,2026/07/15 00:20:00,5795.64,66.24,TRADE
VIC1,2026/07/15 00:25:00,5750.02,64.17,TRADE
VIC1,2026/07/15 00:30:00,5617.3,57.89,TRADE
VIC1,2026/07/15 00:35:00,5599.18,68.09,TRADE
VIC1,2026/07/15 00:40:00,5569.48,57.50,TRADE
VIC1,2026/07/15 00:45:00,5605.8,70.37,TRADE
VIC1,2026/07/15 00:50:00,5510.41,62.12,TRADE
VIC1,2026/07/15 00:55:00,5503.55,56.08,TRADE
VIC1,2026/07/15 01:00:00,5519.94,55.91,TRADE
VIC1,2026/07/15 01:05:00,5505.15,65.08,TRADE
VIC1,2026/07/15 01:10:00,5502.67,70.37,TRADE
VIC1,2026/07/15 01:15:00,5439.13,55.03,TRADE
VIC1,2026/07/15 01:20:00,5344.2,54.66,TRADE
VIC1,2026/07/15 01:25:00,5406.88,63.36,TRADE
VIC1,2026/07/15 01:30:00,5370.02,55.08,TRADE
VIC1,2026/07/15 01:35:00,5331.89,54.69,TRADE
VIC1,2026/07/15 01:40:00,5270.06,53.66,TRADE
VIC1,2026/07/15 01:45:00,5259.55,54.66,TRADE
VIC1,2026/07/15 01:50:00,5263.11,53.68,TRADE
VIC1,2026/07/15 01:55:00,5233.33,53.67,TRADE
VIC1,2026/07/15 02:00:00,5159.1,52.65,TRADE
VIC1,2026/07/15 02:05:00,5126.51,55.31,TRADE
VIC1,2026/07/15 02:10:00,5134.38,55.87,TRADE
VIC1,2026/07/15 02:15:00,5116.5,60.16,TRADE
VIC1,2026/07/15 02:20:00,5065.76,53.33,TRADE
VIC1,2026/07/15 02:25:00,5125.6,53.30,TRADE
VIC1,2026/07/15 02:30:00,5091.1,54.09,TRADE
VIC1,2026/07/15 02:35:00,5055.13,53.27,TRADE
VIC1,2026/07/15 02:40:00,5095.51,53.64,TRADE
VIC1,2026/07/15 02:45:00,5113.39,54.49,TRADE
VIC1,2026/07/15 02:50:00,5088.2,53.63,TRADE
VIC1,2026/07/15 02:55:00,5010.28,19.18,TRADE
VIC1,2026/07/15 03:00:00,5019.9,52.68,TRADE
VIC1,2026/07/15 03:05:00,5004.99,60.16,TRADE
VIC1,2026/07/15 03:10:00,4990.64,52.68,TRADE
VIC1,2026/07/15 03:15:00,5001.11,57.09,TRADE
VIC1,2026/07/15 03:20:00,4948.79,35.94,TRADE
VIC1,2026/07/15 03:25:00,5006.81,11.06,TRADE
VIC1,2026/07/15 03:30:00,4979.19,52.68,TRADE
VIC1,2026/07/15 03:35:00,4964.53,52.68,TRADE
VIC1,2026/07/15 03:40:00,4960.78,20.65,TRADE
VIC1,2026/07/15 03:45:00,4954.18,52.68,TRADE
VIC1,2026/07/15 03:50:00,4969.1,60.70,TRADE
VIC1,2026/07/15 03:55:00,4960.46,61.14,TRADE
VIC1,2026/07/15 04:00:00,4960.29,35.19,TRADE
VIC1,2026/07/15 04:05:00,5016.04,20.63,TRADE
VIC1,2026/07/15 04:10:00,5034.74,60.10,TRADE
VIC1,2026/07/15 04:15:00,5011.96,70.37,TRADE
VIC1,2026/07/15 04:20:00,5049.7,70.37,TRADE
VIC1,2026/07/15 04:25:00,5036.08,69.11,TRADE
VIC1,2026/07/15 04:30:00,5050.79,77.68,TRADE
VIC1,2026/07/15 04:35:00,5058.07,69.66,TRADE
VIC1,2026/07/15 04:40:00,5087.44,70.37,TRADE
VIC1,2026/07/15 04:45:00,5087.57,70.37,TRADE
VIC1,2026/07/15 04:50:00,5099.47,74.86,TRADE
VIC1,2026/07/15 04:55:00,5169.62,73.76,TRADE
VIC1,2026/07/15 05:00:00,5202.06,70.37,TRADE
VIC1,2026/07/15 05:05:00,5236.98,74.37,TRADE
VIC1,2026/07/15 05:10:00,5356.4,73.29,TRADE
VIC1,2026/07/15 05:15:00,5393.11,73.14,TRADE
VIC1,2026/07/15 05:20:00,5443.1,74.93,TRADE
VIC1,2026/07/15 05:25:00,5499.83,75.57,TRADE
VIC1,2026/07/15 05:30:00,5530.9,80.50,TRADE
VIC1,2026/07/15 05:35:00,5611.81,72.76,TRADE
VIC1,2026/07/15 05:40:00,5661.08,70.37,TRADE
VIC1,2026/07/15 05:45:00,5692.1,74.03,TRADE
VIC1,2026/07/15 05:50:00,5752.75,74.73,TRADE
VIC1,2026/07/15 05:55:00,5831.62,80.58,TRADE
VIC1,2026/07/15 06:00:00,5907.99,81.28,TRADE
VIC1,2026/07/15 06:05:00,5979.52,74.83,TRADE
VIC1,2026/07/15 06:10:00,6099.89,78.30,TRADE
VIC1,2026/07/15 06:15:00,6237.26,85.65,TRADE
VIC1,2026/07/15 06:20:00,6348.11,80.50,TRADE
VIC1,2026/07/15 06:25:00,6413.97,77.43,TRADE
VIC1,2026/07/15 06:30:00,6483.06,84.16,TRADE
VIC1,2026/07/15 06:35:00,6560.46,80.50,TRADE
VIC1,2026/07/15 06:40:00,6704.17,80.79,TRADE
VIC1,2026/07/15 06:45:00,6817.23,94.04,TRADE
VIC1,2026/07/15 06:50:00,6928.31,99.87,TRADE
VIC1,2026/07/15 06:55:00,7022.24,86.62,TRADE
VIC1,2026/07/15 07:00:00,7141.58,88.04,TRADE
VIC1,2026/07/15 07:05:00,7239.33,94.85,TRADE
VIC1,2026/07/15 07:10:00,7314.87,88.40,TRADE
VIC1,2026/07/15 07:15:00,7404.82,114.13,TRADE
VIC1,2026/07/15 07:20:00,7559.77,108.19,TRADE
VIC1,2026/07/15 07:25:00,7705.38,106.43,TRADE
VIC1,2026/07/15 07:30:00,7747.91,103.86,TRADE
VIC1,2026/07/15 07:35:00,7820.24,105.74,TRADE
VIC1,2026/07/15 07:40:00,7872.62,103.86,TRADE
VIC1,2026/07/15 07:45:00,7946.04,115.69,TRADE
VIC1,2026/07/15 07:50:00,7998.48,116.35,TRADE
VIC1,2026/07/15 07:55:00,8013.19,119.05,TRADE
VIC1,2026/07/15 08:00:00,8035.7,115.69,TRADE
VIC1,2026/07/15 08:05:00,8067.32,115.69,TRADE
VIC1,2026/07/15 08:10:00,8070.81,109.68,TRADE
VIC1,2026/07/15 08:15:00,8088.55,115.69,TRADE
VIC1,2026/07/15 08:20:00,8039.35,115.69,TRADE
VIC1,2026/07/15 08:25:00,7964.93,116.35,TRADE
VIC1,2026/07/15 08:30:00,7893.94,103.86,TRADE
VIC1,2026/07/15 08:35:00,7860.19,103.86,TRADE
VIC1,2026/07/15 08:40:00,7864.32,94.69,TRADE
VIC1,2026/07/15 08:45:00,7788.28,93.97,TRADE
VIC1,2026/07/15 08:50:00,7766.74,103.86,TRADE
VIC1,2026/07/15 08:55:00,7711.83,80.13,TRADE
VIC1,2026/07/15 09:00:00,7718.44,86.31,TRADE
VIC1,2026/07/15 09:05:00,7687.61,91.44,TRADE
VIC1,2026/07/15 09:10:00,7667.28,81.93,TRADE
VIC1,2026/07/15 09:15:00,7660.55,79.33,TRADE
VIC1,2026/07/15 09:20:00,7601.22,66.11,TRADE
VIC1,2026/07/15 09:25:00,7554.62,69.46,TRADE
VIC1,2026/07/15 09:30:00,7499.28,62.02,TRADE
VIC1,2026/07/15 09:35:00,7435.1,68.09,TRADE
VIC1,2026/07/15 09:40:00,7408.89,76.56,TRADE
VIC1,2026/07/15 09:45:00,7331.09,73.35,TRADE
VIC1,2026/07/15 09:50:00,7307.73,69.51,TRADE
VIC1,2026/07/15 09:55:00,7203.4,62.17,TRADE
VIC1,2026/07/15 10:00:00,7166.21,61.89,TRADE
VIC1,2026/07/15 10:05:00,7098.09,76.02,TRADE
VIC1,2026/07/15 10:10:00,7205.05,90.40,TRADE
VIC1,2026/07/15 10:15:00,7133.46,91.23,TRADE
VIC1,2026/07/15 10:20:00,7087.61,89.41,TRADE
VIC1,2026/07/15 10:25:00,7032.61,90.71,TRADE
VIC1,2026/07/15 10:30:00,6968.5,63.71,TRADE
VIC1,2026/07/15 10:35:00,6987.83,67.42,TRADE
VIC1,2026/07/15 10:40:00,6921.49,79.37,TRADE
VIC1,2026/07/15 10:45:00,6881.65,69.76,TRADE
VIC1,2026/07/15 10:50:00,6798.76,61.97,TRADE
VIC1,2026/07/15 10:55:00,6726.89,63.64,TRADE
VIC1,2026/07/15 11:00:00,6670.05,38,TRADE
VIC1,2026/07/15 11:05:00,6673.18,61.70,TRADE
VIC1,2026/07/15 11:10:00,6847.1,45.26,TRADE
VIC1,2026/07/15 11:15:00,6853.05,64.16,TRADE
VIC1,2026/07/15 11:20:00,6794.67,60.46,TRADE
VIC1,2026/07/15 11:25:00,6814.95,60.88,TRADE
VIC1,2026/07/15 11:30:00,6763.48,57.16,TRADE
VIC1,2026/07/15 11:35:00,6781.58,68.22,TRADE
VIC1,2026/07/15 11:40:00,6746.44,70.97,TRADE
VIC1,2026/07/15 11:45:00,6752.35,80.50,TRADE
VIC1,2026/07/15 11:50:00,6702.54,66.10,TRADE
VIC1,2026/07/15 11:55:00,6652.57,56.87,TRADE
VIC1,2026/07/15 12:00:00,6616.04,57.68,TRADE
VIC1,2026/07/15 12:05:00,6551.63,66.19,TRADE
VIC1,2026/07/15 12:10:00,6563.69,67.15,TRADE
VIC1,2026/07/15 12:15:00,6505.14,64,TRADE
VIC1,2026/07/15 12:20:00,6449.29,61.56,TRADE
VIC1,2026/07/15 12:25:00,6441.26,63.92,TRADE
VIC1,2026/07/15 12:30:00,6382.1,53.30,TRADE
VIC1,2026/07/15 12:35:00,6383.59,56.96,TRADE
VIC1,2026/07/15 12:40:00,6395.46,68.31,TRADE
VIC1,2026/07/15 12:45:00,6378.49,67.83,TRADE
VIC1,2026/07/15 12:50:00,6340.57,67.18,TRADE
VIC1,2026/07/15 12:55:00,6301.49,64.54,TRADE
VIC1,2026/07/15 13:00:00,6307.95,68.17,TRADE
VIC1,2026/07/15 13:05:00,6316.21,71.86,TRADE
VIC1,2026/07/15 13:10:00,6348.56,72.34,TRADE
VIC1,2026/07/15 13:15:00,6342.16,72.91,TRADE
VIC1,2026/07/15 13:20:00,6372.85,86.02,TRADE
VIC1,2026/07/15 13:25:00,6373.37,90.37,TRADE
VIC1,2026/07/15 13:30:00,6409.23,91.35,TRADE
VIC1,2026/07/15 13:35:00,6408.71,91.35,TRADE
VIC1,2026/07/15 13:40:00,6426.61,90.11,TRADE
VIC1,2026/07/15 13:45:00,6412.25,90.89,TRADE
VIC1,2026/07/15 13:50:00,6427.53,91.64,TRADE
VIC1,2026/07/15 13:55:00,6433.64,94.54,TRADE
VIC1,2026/07/15 14:00:00,6424.99,89.79,TRADE
VIC1,2026/07/15 14:05:00,6405.96,90.91,TRADE
VIC1,2026/07/15 14:10:00,6304.7,89.11,TRADE
VIC1,2026/07/15 14:15:00,6310.62,90.89,TRADE
VIC1,2026/07/15 14:20:00,6314.49,91.35,TRADE
VIC1,2026/07/15 14:25:00,6334.79,91.35,TRADE
VIC1,2026/07/15 14:30:00,6367.81,94.54,TRADE
VIC1,2026/07/15 14:35:00,6363.55,94.54,TRADE
VIC1,2026/07/15 14:40:00,6385.52,94.54,TRADE
VIC1,2026/07/15 14:45:00,6424.68,99,TRADE
VIC1,2026/07/15 14:50:00,6479.61,107.67,TRADE
VIC1,2026/07/15 14:55:00,6516.39,121.50,TRADE
VIC1,2026/07/15 15:00:00,6561.16,143.65,TRADE
VIC1,2026/07/15 15:05:00,6572.95,124,TRADE
VIC1,2026/07/15 15:10:00,6545.97,119.75,TRADE
VIC1,2026/07/15 15:15:00,6583.65,124,TRADE
VIC1,2026/07/15 15:20:00,6585.28,148.75,TRADE
VIC1,2026/07/15 15:25:00,6678.71,106.10,TRADE
VIC1,2026/07/15 15:30:00,6754.49,135.17,TRADE
VIC1,2026/07/15 15:35:00,6764.54,103.86,TRADE
VIC1,2026/07/15 15:40:00,6825.3,103.86,TRADE
VIC1,2026/07/15 15:45:00,6876.62,141.16,TRADE
VIC1,2026/07/15 15:50:00,6870.84,104.70,TRADE
VIC1,2026/07/15 15:55:00,6974.48,103.86,TRADE
VIC1,2026/07/15 16:00:00,7041.14,143.64,TRADE
VIC1,2026/07/15 16:05:00,7146.53,124.47,TRADE
VIC1,2026/07/15 16:10:00,7161.47,130.03,TRADE
VIC1,2026/07/15 16:15:00,7208.66,114.27,TRADE
VIC1,2026/07/15 16:20:00,7235.11,111.10,TRADE
VIC1,2026/07/15 16:25:00,7288.34,160.33,TRADE
VIC1,2026/07/15 16:30:00,7266,162.31,TRADE
VIC1,2026/07/15 16:35:00,7355.36,115.69,TRADE
VIC1,2026/07/15 16:40:00,7444.94,115.69,TRADE
VIC1,2026/07/15 16:45:00,7504.74,158.48,TRADE
VIC1,2026/07/15 16:50:00,7502.14,160.33,TRADE
VIC1,2026/07/15 16:55:00,7608.8,160.33,TRADE
VIC1,2026/07/15 17:00:00,7676.48,160.28,TRADE
VIC1,2026/07/15 17:05:00,7715.19,167.68,TRADE
VIC1,2026/07/15 17:10:00,7733.32,139.11,TRADE
VIC1,2026/07/15 17:15:00,7753.44,160.36,TRADE
VIC1,2026/07/15 17:20:00,7857.64,190.47,TRADE
VIC1,2026/07/15 17:25:00,7890.26,160.33,TRADE
VIC1,2026/07/15 17:30:00,7992.84,168.71,TRADE
VIC1,2026/07/15 17:35:00,8068.68,130.63,TRADE
VIC1,2026/07/15 17:40:00,8105.09,150.21,TRADE
VIC1,2026/07/15 17:45:00,8166.25,140.17,TRADE
VIC1,2026/07/15 17:50:00,8133.78,134.65,TRADE
VIC1,2026/07/15 17:55:00,8198.54,137.08,TRADE
VIC1,2026/07/15 18:00:00,8187.6,155.73,TRADE
VIC1,2026/07/15 18:05:00,8173.85,136.09,TRADE
VIC1,2026/07/15 18:10:00,8153.42,128.15,TRADE
VIC1,2026/07/15 18:15:00,8123.09,128.26,TRADE
VIC1,2026/07/15 18:20:00,8115.42,135.17,TRADE
VIC1,2026/07/15 18:25:00,8082.48,133.39,TRADE
VIC1,2026/07/15 18:30:00,8125.85,129.66,TRADE
VIC1,2026/07/15 18:35:00,8106.11,136.84,TRADE
VIC1,2026/07/15 18:40:00,8072.39,134.54,TRADE
VIC1,2026/07/15 18:45:00,8047.67,136.66,TRADE
VIC1,2026/07/15 18:50:00,8033.18,137.99,TRADE
VIC1,2026/07/15 18:55:00,7999.11,131.34,TRADE
VIC1,2026/07/15 19:00:00,7979.71,138.09,TRADE
VIC1,2026/07/15 19:05:00,7962.9,138.06,TRADE
VIC1,2026/07/15 19:10:00,7917.05,135.42,TRADE
VIC1,2026/07/15 19:15:00,7887.71,134.50,TRADE
VIC1,2026/07/15 19:20:00,7847.53,136.40,TRADE
VIC1,2026/07/15 19:25:00,7849.96,143.01,TRADE
VIC1,2026/07/15 19:30:00,7829.77,154.55,TRADE
VIC1,2026/07/15 19:35:00,7769.75,143.17,TRADE
VIC1,2026/07/15 19:40:00,7748.52,150.19,TRADE
VIC1,2026/07/15 19:45:00,7744.75,133.14,TRADE
VIC1,2026/07/15 19:50:00,7739.4,131.32,TRADE
VIC1,2026/07/15 19:55:00,7726.28,143.98,TRADE
VIC1,2026/07/15 20:00:00,7668.74,143.29,TRADE
VIC1,2026/07/15 20:05:00,7669.21,148.08,TRADE
VIC1,2026/07/15 20:10:00,7618.04,146.98,TRADE
VIC1,2026/07/15 20:15:00,7556.83,148.52,TRADE
VIC1,2026/07/15 20:20:00,7549.73,153.57,TRADE
VIC1,2026/07/15 20:25:00,7480.11,147.91,TRADE
VIC1,2026/07/15 20:30:00,7473.24,156.51,TRADE
VIC1,2026/07/15 20:35:00,7434.01,148.42,TRADE
VIC1,2026/07/15 20:40:00,7416.53,148,TRADE
VIC1,2026/07/15 20:45:00,7359.63,147.88,TRADE
VIC1,2026/07/15 20:50:00,7327.19,156.46,TRADE
VIC1,2026/07/15 20:55:00,7353.02,146.02,TRADE
VIC1,2026/07/15 21:00:00,7278.22,124.05,TRADE
VIC1,2026/07/15 21:05:00,7260.65,123.83,TRADE
VIC1,2026/07/15 21:10:00,7233.35,129.68,TRADE
VIC1,2026/07/15 21:15:00,7197.2,144.68,TRADE
VIC1,2026/07/15 21:20:00,7140.32,139,TRADE
VIC1,2026/07/15 21:25:00,7100.29,128.80,TRADE
VIC1,2026/07/15 21:30:00,7054.09,142.39,TRADE
VIC1,2026/07/15 21:35:00,7015.98,125.52,TRADE
VIC1,2026/07/15 21:40:00,6874.87,120.51,TRADE
VIC1,2026/07/15 21:45:00,6813.87,119.20,TRADE
VIC1,2026/07/15 21:50:00,6814.49,119.24,TRADE
VIC1,2026/07/15 21:55:00,6768.3,122.09,TRADE
VIC1,2026/07/15 22:00:00,6696.84,110.76,TRADE
VIC1,2026/07/15 22:05:00,6569,119.87,TRADE
VIC1,2026/07/15 22:10:00,6613.7,133.23,TRADE
VIC1,2026/07/15 22:15:00,6515.09,129.36,TRADE
VIC1,2026/07/15 22:20:00,6427.87,114.15,TRADE
VIC1,2026/07/15 22:25:00,6363.14,112.31,TRADE
VIC1,2026/07/15 22:30:00,6284.7,90.39,TRADE
VIC1,2026/07/15 22:35:00,6251.18,96.55,TRADE
VIC1,2026/07/15 22:40:00,6195.14,92.82,TRADE
VIC1,2026/07/15 22:45:00,6233.63,98.74,TRADE
VIC1,2026/07/15 22:50:00,6201.29,97.46,TRADE
VIC1,2026/07/15 22:55:00,6087.6,98.53,TRADE
VIC1,2026/07/15 23:00:00,6058.27,80.50,TRADE
VIC1,2026/07/15 23:05:00,6068.66,80.50,TRADE
VIC1,2026/07/15 23:10:00,6215.37,87.58,TRADE
VIC1,2026/07/15 23:15:00,6207.31,102.43,TRADE
VIC1,2026/07/15 23:20:00,6176.99,86.37,TRADE
VIC1,2026/07/15 23:25:00,6156.55,90.03,TRADE
VIC1,2026/07/15 23:30:00,6082.09,89.31,TRADE
VIC1,2026/07/15 23:35:00,6101.46,108.31,TRADE
VIC1,2026/07/15 23:40:00,6052.98,90.41,TRADE
VIC1,2026/07/15 23:45:00,6036.17,105.56,TRADE
VIC1,2026/07/15 23:50:00,5979.37,105.56,TRADE
VIC1,2026/07/15 23:55:00,5920.88,90.58,TRADE
VIC1,2026/07/16 00:00:00,5900.37,91.34,TRADE
VIC1,2026/07/16 00:05:00,5813.53,105.56,TRADE
VIC1,2026/07/16 00:10:00,5840.98,105.09,TRADE
VIC1,2026/07/16 00:15:00,5860.62,105.56,TRADE
VIC1,2026/07/16 00:20:00,5776.67,105.56,TRADE
VIC1,2026/07/16 00:25:00,5829.08,105.28,TRADE
VIC1,2026/07/16 00:30:00,5791.41,96.83,TRADE
VIC1,2026/07/16 00:35:00,5799.99,105.56,TRADE
VIC1,2026/07/16 00:40:00,5752.12,91.15,TRADE
VIC1,2026/07/16 00:45:00,5656.06,99,TRADE
VIC1,2026/07/16 00:50:00,5638.19,108.13,TRADE
VIC1,2026/07/16 00:55:00,5664.91,94.90,TRADE
VIC1,2026/07/16 01:00:00,5668.29,90.66,TRADE
VIC1,2026/07/16 01:05:00,5637.25,105.56,TRADE
VIC1,2026/07/16 01:10:00,5609.38,107.67,TRADE
VIC1,2026/07/16 01:15:00,5604.02,89.96,TRADE
VIC1,2026/07/16 01:20:00,5575.28,99,TRADE
VIC1,2026/07/16 01:25:00,5451.71,102.45,TRADE
VIC1,2026/07/16 01:30:00,5414.51,90.75,TRADE
VIC1,2026/07/16 01:35:00,5458.87,103.41,TRADE
VIC1,2026/07/16 01:40:00,5402.59,96.87,TRADE
VIC1,2026/07/16 01:45:00,5416.77,81.14,TRADE
VIC1,2026/07/16 01:50:00,5352.59,105.56,TRADE
VIC1,2026/07/16 01:55:00,5359.74,105.56,TRADE
VIC1,2026/07/16 02:00:00,5330.46,84.34,TRADE
VIC1,2026/07/16 02:05:00,5324.14,91.35,TRADE
VIC1,2026/07/16 02:10:00,5237.92,93.39,TRADE
VIC1,2026/07/16 02:15:00,5205.6,80.93,TRADE
VIC1,2026/07/16 02:20:00,5255.37,94.29,TRADE
VIC1,2026/07/16 02:25:00,5237.23,82.75,TRADE
VIC1,2026/07/16 02:30:00,5158.23,83.03,TRADE
VIC1,2026/07/16 02:35:00,5174.28,99,TRADE
VIC1,2026/07/16 02:40:00,5169.21,91.35,TRADE
VIC1,2026/07/16 02:45:00,5173.84,91.35,TRADE
VIC1,2026/07/16 02:50:00,5129.52,80.82,TRADE
VIC1,2026/07/16 02:55:00,5068.83,91.35,TRADE
VIC1,2026/07/16 03:00:00,5064.83,96.53,TRADE
VIC1,2026/07/16 03:05:00,5111.23,99,TRADE
VIC1,2026/07/16 03:10:00,5133.06,88.81,TRADE
VIC1,2026/07/16 03:15:00,5108.42,84.69,TRADE
VIC1,2026/07/16 03:20:00,5094.19,88.59,TRADE
VIC1,2026/07/16 03:25:00,5099.21,84.24,TRADE
VIC1,2026/07/16 03:30:00,5080.62,94.44,TRADE
VIC1,2026/07/16 03:35:00,5065.58,81.74,TRADE
VIC1,2026/07/16 03:40:00,5068.46,89.49,TRADE
VIC1,2026/07/16 03:45:00,4983.33,80.50,TRADE
VIC1,2026/07/16 03:50:00,5063.36,95.89,TRADE
VIC1,2026/07/16 03:55:00,5063.64,80.94,TRADE
VIC1,2026/07/16 04:00:00,4997.67,80.80,TRADE
VIC1,2026/07/16 04:05:00,5072.78,91.29,TRADE
VIC1,2026/07/16 04:10:00,5115.13,95.89,TRADE
VIC1,2026/07/16 04:15:00,5154.23,97.28,TRADE
VIC1,2026/07/16 04:20:00,5159.69,91.60,TRADE
VIC1,2026/07/16 04:25:00,5091.74,94.48,TRADE
VIC1,2026/07/16 04:30:00,5148.37,96.31,TRADE
VIC1,2026/07/16 04:35:00,5170.18,93.27,TRADE
VIC1,2026/07/16 04:40:00,5126.38,86,TRADE
VIC1,2026/07/16 04:45:00,5186.55,87.50,TRADE
VIC1,2026/07/16 04:50:00,5229.61,99.60,TRADE
VIC1,2026/07/16 04:55:00,5262.96,103.14,TRADE
VIC1,2026/07/16 05:00:00,5288.46,88.70,TRADE
VIC1,2026/07/16 05:05:00,5264.13,83.03,TRADE
VIC1,2026/07/16 05:10:00,5340.21,96.68,TRADE
VIC1,2026/07/16 05:15:00,5454.4,104.74,TRADE
VIC1,2026/07/16 05:20:00,5478.77,99.99,TRADE
VIC1,2026/07/16 05:25:00,5444.24,99,TRADE
VIC1,2026/07/16 05:30:00,5549,101.36,TRADE
VIC1,2026/07/16 05:35:00,5576,92.21,TRADE
VIC1,2026/07/16 05:40:00,5669.83,100.83,TRADE
VIC1,2026/07/16 05:45:00,5697.79,99.99,TRADE
VIC1,2026/07/16 05:50:00,5658.85,99,TRADE
VIC1,2026/07/16 05:55:00,5735.16,97.34,TRADE
VIC1,2026/07/16 06:00:00,5843.53,104,TRADE
VIC1,2026/07/16 06:05:00,5932.07,99.47,TRADE
VIC1,2026/07/16 06:10:00,6005.65,110.19,TRADE
VIC1,2026/07/16 06:15:00,6178.77,111.25,TRADE
VIC1,2026/07/16 06:20:00,6248.05,119.05,TRADE
VIC1,2026/07/16 06:25:00,6362.24,116.35,TRADE
VIC1,2026/07/16 06:30:00,6380.67,119.05,TRADE
VIC1,2026/07/16 06:35:00,6390.37,113.44,TRADE
VIC1,2026/07/16 06:40:00,6500.38,116.35,TRADE
VIC1,2026/07/16 06:45:00,6664.06,119.05,TRADE
VIC1,2026/07/16 06:50:00,6677.23,119.05,TRADE
VIC1,2026/07/16 06:55:00,6824.97,120.16,TRADE
VIC1,2026/07/16 07:00:00,6923,119.05,TRADE
VIC1,2026/07/16 07:05:00,7004.67,116.35,TRADE
VIC1,2026/07/16 07:10:00,6995.63,119.05,TRADE
VIC1,2026/07/16 07:15:00,7180.98,158,TRADE
VIC1,2026/07/16 07:20:00,7223.51,138.63,TRADE
VIC1,2026/07/16 07:25:00,7378.04,167.47,TRADE
VIC1,2026/07/16 07:30:00,7377.15,164.69,TRADE
VIC1,2026/07/16 07:35:00,7396.75,163.96,TRADE
VIC1,2026/07/16 07:40:00,7551.05,129.08,TRADE
VIC1,2026/07/16 07:45:00,7585.4,139.22,TRADE
VIC1,2026/07/16 07:50:00,7596.72,119.05,TRADE
VIC1,2026/07/16 07:55:00,7652.8,119.05,TRADE
VIC1,2026/07/16 08:00:00,7679.72,127,TRADE
VIC1,2026/07/16 08:05:00,7681.97,135.89,TRADE
VIC1,2026/07/16 08:10:00,7737.94,128.15,TRADE
VIC1,2026/07/16 08:15:00,7658.41,119.96,TRADE
VIC1,2026/07/16 08:20:00,7648.23,119.05,TRADE
VIC1,2026/07/16 08:25:00,7720.75,119.05,TRADE
VIC1,2026/07/16 08:30:00,7682.56,119.05,TRADE
VIC1,2026/07/16 08:35:00,7622.22,116.35,TRADE
VIC1,2026/07/16 08:40:00,7560.82,109.68,TRADE
VIC1,2026/07/16 08:45:00,7566.92,109.68,TRADE
VIC1,2026/07/16 08:50:00,7495.55,95.21,TRADE
VIC1,2026/07/16 08:55:00,7507.74,94.62,TRADE
VIC1,2026/07/16 09:00:00,7415.27,95.49,TRADE
VIC1,2026/07/16 09:05:00,7431.02,98.56,TRADE
VIC1,2026/07/16 09:10:00,7460.6,97.95,TRADE
VIC1,2026/07/16 09:15:00,7328.2,78.12,TRADE
VIC1,2026/07/16 09:20:00,7367.73,84.93,TRADE
VIC1,2026/07/16 09:25:00,7358.28,93.93,TRADE
VIC1,2026/07/16 09:30:00,7327.52,77.24,TRADE
VIC1,2026/07/16 09:35:00,7176.88,92.38,TRADE
VIC1,2026/07/16 09:40:00,7181.92,100.12,TRADE
VIC1,2026/07/16 09:45:00,7039.14,86.60,TRADE
VIC1,2026/07/16 09:50:00,7086.99,80.93,TRADE
VIC1,2026/07/16 09:55:00,7057.53,80.41,TRADE
VIC1,2026/07/16 10:00:00,6980.76,78.30,TRADE
VIC1,2026/07/16 10:05:00,7016.61,95.99,TRADE
VIC1,2026/07/16 10:10:00,7033.88,91.19,TRADE
VIC1,2026/07/16 10:15:00,7005.42,73.10,TRADE
VIC1,2026/07/16 10:20:00,6887.82,80.41,TRADE
VIC1,2026/07/16 10:25:00,6842.21,90.99,TRADE
VIC1,2026/07/16 10:30:00,6835.26,80.50,TRADE
VIC1,2026/07/16 10:35:00,6783.37,77.10,TRADE
VIC1,2026/07/16 10:40:00,6755.48,87.54,TRADE
VIC1,2026/07/16 10:45:00,6715.73,86.18,TRADE
VIC1,2026/07/16 10:50:00,6764.3,78.61,TRADE
VIC1,2026/07/16 10:55:00,6702.23,79.25,TRADE
VIC1,2026/07/16 11:00:00,6623.86,78.98,TRADE
VIC1,2026/07/16 11:05:00,6673.34,92.46,TRADE
VIC1,2026/07/16 11:10:00,6866.26,94.70,TRADE
VIC1,2026/07/16 11:15:00,6866.49,95.86,TRADE
VIC1,2026/07/16 11:20:00,6944.34,96.68,TRADE
VIC1,2026/07/16 11:25:00,6860.78,94.54,TRADE
VIC1,2026/07/16 11:30:00,6831.54,94.54,TRADE
VIC1,2026/07/16 11:35:00,6764.66,94.69,TRADE
VIC1,2026/07/16 11:40:00,6732.8,91.19,TRADE
VIC1,2026/07/16 11:45:00,6716.42,88.89,TRADE
VIC1,2026/07/16 11:50:00,6754.38,96.59,TRADE
VIC1,2026/07/16 11:55:00,6731.45,94.54,TRADE
VIC1,2026/07/16 12:00:00,6618.2,83.31,TRADE
VIC1,2026/07/16 12:05:00,6678.81,119.75,TRADE
VIC1,2026/07/16 12:10:00,6672.1,102.02,TRADE
VIC1,2026/07/16 12:15:00,6642.34,98.52,TRADE
VIC1,2026/07/16 12:20:00,6548.56,97.21,TRADE
VIC1,2026/07/16 12:25:00,6553.29,106.67,TRADE
VIC1,2026/07/16 12:30:00,6594.19,106.67,TRADE
VIC1,2026/07/16 12:35:00,6571.78,101.87,TRADE
VIC1,2026/07/16 12:40:00,6537.81,94.46,TRADE
VIC1,2026/07/16 12:45:00,6568.93,100.42,TRADE
VIC1,2026/07/16 12:50:00,6563.25,106.67,TRADE
VIC1,2026/07/16 12:55:00,6490.44,91.80,TRADE
VIC1,2026/07/16 13:00:00,6532.34,92.67,TRADE
VIC1,2026/07/16 13:05:00,6483.63,91.53,TRADE
VIC1,2026/07/16 13:10:00,6431.02,87.15,TRADE
VIC1,2026/07/16 13:15:00,6410.49,86.77,TRADE
VIC1,2026/07/16 13:20:00,6446.09,86.47,TRADE
VIC1,2026/07/16 13:25:00,6407.69,86.35,TRADE
VIC1,2026/07/16 13:30:00,6372.33,80.41,TRADE
VIC1,2026/07/16 13:35:00,6371.57,82.54,TRADE
VIC1,2026/07/16 13:40:00,6397.5,90.96,TRADE
VIC1,2026/07/16 13:45:00,6303.33,80.41,TRADE
VIC1,2026/07/16 13:50:00,6242.48,63.75,TRADE
VIC1,2026/07/16 13:55:00,6243.8,64,TRADE
VIC1,2026/07/16 14:00:00,6277.09,87.27,TRADE
VIC1,2026/07/16 14:05:00,6173.06,80.41,TRADE
VIC1,2026/07/16 14:10:00,6017.37,63.95,TRADE
VIC1,2026/07/16 14:15:00,6062.24,59.44,TRADE
VIC1,2026/07/16 14:20:00,6033.32,56.29,TRADE
VIC1,2026/07/16 14:25:00,6019.14,80.25,TRADE
VIC1,2026/07/16 14:30:00,6000.12,68.08,TRADE
VIC1,2026/07/16 14:35:00,5963.32,82.78,TRADE
VIC1,2026/07/16 14:40:00,5841.84,83.39,TRADE
VIC1,2026/07/16 14:45:00,5867.66,71.48,TRADE
VIC1,2026/07/16 14:50:00,5894.83,80.41,TRADE
VIC1,2026/07/16 14:55:00,5933,80.41,TRADE
VIC1,2026/07/16 15:00:00,5900.03,69.25,TRADE
VIC1,2026/07/16 15:05:00,5961.93,28.86,TRADE
VIC1,2026/07/16 15:10:00,5984.18,38,TRADE
VIC1,2026/07/16 15:15:00,6030.53,50.31,TRADE
VIC1,2026/07/16 15:20:00,5998.17,38,TRADE
VIC1,2026/07/16 15:25:00,6021.91,38,TRADE
VIC1,2026/07/16 15:30:00,6047.33,38,TRADE
VIC1,2026/07/16 15:35:00,6082.55,38,TRADE
VIC1,2026/07/16 15:40:00,6136.46,38,TRADE
VIC1,2026/07/16 15:45:00,6269.89,56.38,TRADE
VIC1,2026/07/16 15:50:00,6292.09,68.54,TRADE
VIC1,2026/07/16 15:55:00,6386.51,78.67,TRADE
VIC1,2026/07/16 16:00:00,6424.32,82.47,TRADE
VIC1,2026/07/16 16:05:00,6533.53,85.93,TRADE
VIC1,2026/07/16 16:10:00,6528.79,96.61,TRADE
VIC1,2026/07/16 16:15:00,6647.93,97.55,TRADE
VIC1,2026/07/16 16:20:00,6714.18,103.57,TRADE
VIC1,2026/07/16 16:25:00,6714.63,105.43,TRADE
VIC1,2026/07/16 16:30:00,6787.63,109.96,TRADE
VIC1,2026/07/16 16:35:00,6915.25,102.53,TRADE
VIC1,2026/07/16 16:40:00,6970.4,103.40,TRADE
VIC1,2026/07/16 16:45:00,7001.48,105.31,TRADE
VIC1,2026/07/16 16:50:00,7135,111.81,TRADE
VIC1,2026/07/16 16:55:00,7208.92,135.54,TRADE
VIC1,2026/07/16 17:00:00,7330.28,158.31,TRADE
VIC1,2026/07/16 17:05:00,7322.83,116.15,TRADE
VIC1,2026/07/16 17:10:00,7361.05,117.21,TRADE
VIC1,2026/07/16 17:15:00,7502.55,118.79,TRADE
VIC1,2026/07/16 17:20:00,7634.35,129.06,TRADE
VIC1,2026/07/16 17:25:00,7603.97,126.73,TRADE
VIC1,2026/07/16 17:30:00,7697.1,153.94,TRADE
VIC1,2026/07/16 17:35:00,7756.91,120.90,TRADE
VIC1,2026/07/16 17:40:00,7831.44,118.96,TRADE
VIC1,2026/07/16 17:45:00,7886.09,119.05,TRADE
VIC1,2026/07/16 17:50:00,7847.68,123.14,TRADE
VIC1,2026/07/16 17:55:00,7939.9,127.54,TRADE
VIC1,2026/07/16 18:00:00,7940.65,121.77,TRADE
VIC1,2026/07/16 18:05:00,7903.3,119.05,TRADE
VIC1,2026/07/16 18:10:00,7921.74,126.92,TRADE
VIC1,2026/07/16 18:15:00,7926.69,116.21,TRADE
VIC1,2026/07/16 18:20:00,7948.36,115.69,TRADE
VIC1,2026/07/16 18:25:00,7988.46,118.48,TRADE
VIC1,2026/07/16 18:30:00,7871.09,129.06,TRADE
VIC1,2026/07/16 18:35:00,7932.82,117.19,TRADE
VIC1,2026/07/16 18:40:00,7873.55,114.74,TRADE
VIC1,2026/07/16 18:45:00,7940.73,115.68,TRADE
VIC1,2026/07/16 18:50:00,7847.03,114.93,TRADE
VIC1,2026/07/16 18:55:00,7879.72,114.94,TRADE
VIC1,2026/07/16 19:00:00,7877.33,113.11,TRADE
VIC1,2026/07/16 19:05:00,7857.92,112.20,TRADE
VIC1,2026/07/16 19:10:00,7865.03,109.91,TRADE
VIC1,2026/07/16 19:15:00,7774.17,109.69,TRADE
VIC1,2026/07/16 19:20:00,7780.37,111.98,TRADE
VIC1,2026/07/16 19:25:00,7772.86,110.76,TRADE
VIC1,2026/07/16 19:30:00,7716.56,110.77,TRADE
VIC1,2026/07/16 19:35:00,7717.78,111.64,TRADE
VIC1,2026/07/16 19:40:00,7703.99,109.77,TRADE
VIC1,2026/07/16 19:45:00,7719.8,109.84,TRADE
VIC1,2026/07/16 19:50:00,7693.56,104.87,TRADE
VIC1,2026/07/16 19:55:00,7602.75,105.73,TRADE
VIC1,2026/07/16 20:00:00,7650.69,111.80,TRADE
VIC1,2026/07/16 20:05:00,7621.64,111.36,TRADE
VIC1,2026/07/16 20:10:00,7573.64,105.58,TRADE
VIC1,2026/07/16 20:15:00,7605,107.43,TRADE
VIC1,2026/07/16 20:20:00,7584.44,109.19,TRADE
VIC1,2026/07/16 20:25:00,7569.68,111.98,TRADE
VIC1,2026/07/16 20:30:00,7441.81,110.12,TRADE
VIC1,2026/07/16 20:35:00,7435.01,99.45,TRADE
VIC1,2026/07/16 20:40:00,7485.45,98.28,TRADE
VIC1,2026/07/16 20:45:00,7467.61,111.52,TRADE
VIC1,2026/07/16 20:50:00,7353.32,109.91,TRADE
VIC1,2026/07/16 20:55:00,7402.3,102.75,TRADE
VIC1,2026/07/16 21:00:00,7349.39,99.76,TRADE
VIC1,2026/07/16 21:05:00,7224.27,95.76,TRADE
VIC1,2026/07/16 21:10:00,7186.28,97.60,TRADE
VIC1,2026/07/16 21:15:00,7152.09,97.59,TRADE
VIC1,2026/07/16 21:20:00,7109.73,96.94,TRADE
VIC1,2026/07/16 21:25:00,7136.77,101.37,TRADE
VIC1,2026/07/16 21:30:00,7046.62,97.47,TRADE
VIC1,2026/07/16 21:35:00,7002.87,106.94,TRADE
VIC1,2026/07/16 21:40:00,7023.15,107.78,TRADE
VIC1,2026/07/16 21:45:00,6978.52,107.53,TRADE
VIC1,2026/07/16 21:50:00,6867.67,100.93,TRADE
VIC1,2026/07/16 21:55:00,6870.88,102.71,TRADE
VIC1,2026/07/16 22:00:00,6800.14,96.30,TRADE
VIC1,2026/07/16 22:05:00,6728.85,98.86,TRADE
VIC1,2026/07/16 22:10:00,6698.44,100.92,TRADE
VIC1,2026/07/16 22:15:00,6558.52,96.24,TRADE
VIC1,2026/07/16 22:20:00,6582.55,97.52,TRADE
VIC1,2026/07/16 22:25:00,6463.64,95.33,TRADE
VIC1,2026/07/16 22:30:00,6491.94,95.94,TRADE
VIC1,2026/07/16 22:35:00,6430.61,97.15,TRADE
VIC1,2026/07/16 22:40:00,6371.61,97.78,TRADE
VIC1,2026/07/16 22:45:00,6345.6,98.43,TRADE
VIC1,2026/07/16 22:50:00,6210.39,95.90,TRADE
VIC1,2026/07/16 22:55:00,6246.99,97.12,TRADE
VIC1,2026/07/16 23:00:00,6195.97,98.39,TRADE
VIC1,2026/07/16 23:05:00,6109.75,96.49,TRADE
VIC1,2026/07/16 23:10:00,6211.9,98.37,TRADE
VIC1,2026/07/16 23:15:00,6231.91,105.56,TRADE
VIC1,2026/07/16 23:20:00,6168.1,97.11,TRADE
VIC1,2026/07/16 23:25:00,6235.32,105.56,TRADE
VIC1,2026/07/16 23:30:00,6195.1,94.99,TRADE
VIC1,2026/07/16 23:35:00,6173.88,105.56,TRADE
VIC1,2026/07/16 23:40:00,6130.93,97.43,TRADE
VIC1,2026/07/16 23:45:00,6020.2,95.26,TRADE
VIC1,2026/07/16 23:50:00,6042.2,105.56,TRADE
VIC1,2026/07/16 23:55:00,5993.27,96.48,TRADE
VIC1,2026/07/17 00:00:00,5912.75,96.77,TRADE
VIC1,2026/07/17 00:05:00,5962.53,105.56,TRADE
VIC1,2026/07/17 00:10:00,5888.42,105.56,TRADE
VIC1,2026/07/17 00:15:00,5964.27,105.56,TRADE
VIC1,2026/07/17 00:20:00,5917.41,105.56,TRADE
VIC1,2026/07/17 00:25:00,5822.05,96.13,TRADE
VIC1,2026/07/17 00:30:00,5783.02,95.82,TRADE
VIC1,2026/07/17 00:35:00,5831.55,99.09,TRADE
VIC1,2026/07/17 00:40:00,5802.28,105.56,TRADE
VIC1,2026/07/17 00:45:00,5737.76,86.80,TRADE
VIC1,2026/07/17 00:50:00,5662.5,96.62,TRADE
VIC1,2026/07/17 00:55:00,5678.47,105.56,TRADE
VIC1,2026/07/17 01:00:00,5651.66,88.73,TRADE
VIC1,2026/07/17 01:05:00,5621.32,98.76,TRADE
VIC1,2026/07/17 01:10:00,5544.39,80.50,TRADE
VIC1,2026/07/17 01:15:00,5568.44,80.50,TRADE
VIC1,2026/07/17 01:20:00,5592.68,105.56,TRADE
VIC1,2026/07/17 01:25:00,5528.03,80.50,TRADE
VIC1,2026/07/17 01:30:00,5541.74,80.41,TRADE
VIC1,2026/07/17 01:35:00,5543.12,90.36,TRADE
VIC1,2026/07/17 01:40:00,5493.13,80.50,TRADE
VIC1,2026/07/17 01:45:00,5399.21,80.50,TRADE
VIC1,2026/07/17 01:50:00,5376.18,90.46,TRADE
VIC1,2026/07/17 01:55:00,5349.27,80.50,TRADE
VIC1,2026/07/17 02:00:00,5392.71,88.69,TRADE
VIC1,2026/07/17 02:05:00,5372.68,106.67,TRADE
VIC1,2026/07/17 02:10:00,5289.26,89.28,TRADE
VIC1,2026/07/17 02:15:00,5354.32,105.56,TRADE
VIC1,2026/07/17 02:20:00,5294.86,98.24,TRADE
VIC1,2026/07/17 02:25:00,5303.94,85.03,TRADE
VIC1,2026/07/17 02:30:00,5219.86,89.40,TRADE
VIC1,2026/07/17 02:35:00,5222.07,97.15,TRADE
VIC1,2026/07/17 02:40:00,5275.99,98.10,TRADE
VIC1,2026/07/17 02:45:00,5272.07,98.74,TRADE
VIC1,2026/07/17 02:50:00,5190.9,89.64,TRADE
VIC1,2026/07/17 02:55:00,5248.65,90.88,TRADE
VIC1,2026/07/17 03:00:00,5223.97,98.79,TRADE
VIC1,2026/07/17 03:05:00,5240.18,106.67,TRADE
VIC1,2026/07/17 03:10:00,5249.99,90.63,TRADE
VIC1,2026/07/17 03:15:00,5182.94,90.57,TRADE
VIC1,2026/07/17 03:20:00,5221.94,73.29,TRADE
VIC1,2026/07/17 03:25:00,5145.31,78.87,TRADE
VIC1,2026/07/17 03:30:00,5175.5,87.82,TRADE
VIC1,2026/07/17 03:35:00,5175.51,80.50,TRADE
VIC1,2026/07/17 03:40:00,5133.68,80.50,TRADE
VIC1,2026/07/17 03:45:00,5199.02,80.50,TRADE
VIC1,2026/07/17 03:50:00,5203.97,87.64,TRADE
VIC1,2026/07/17 03:55:00,5208.98,70.93,TRADE
VIC1,2026/07/17 04:00:00,5197.63,70.40,TRADE
VIC1,2026/07/17 04:05:00,5169.11,80.50,TRADE
VIC1,2026/07/17 04:10:00,5223.68,80.50,TRADE
VIC1,2026/07/17 04:15:00,5229.45,86.95,TRADE
VIC1,2026/07/17 04:20:00,5177.23,82.35,TRADE
VIC1,2026/07/17 04:25:00,5280.1,88.98,TRADE
VIC1,2026/07/17 04:30:00,5268.01,81.94,TRADE
VIC1,2026/07/17 04:35:00,5296.6,89.01,TRADE
VIC1,2026/07/17 04:40:00,5241.49,64.52,TRADE
VIC1,2026/07/17 04:45:00,5262.18,80.50,TRADE
VIC1,2026/07/17 04:50:00,5330.55,89.93,TRADE
VIC1,2026/07/17 04:55:00,5362.34,87.66,TRADE
VIC1,2026/07/17 05:00:00,5359.29,80.50,TRADE
VIC1,2026/07/17 05:05:00,5420.1,71.55,TRADE
VIC1,2026/07/17 05:10:00,5498.9,82.38,TRADE
VIC1,2026/07/17 05:15:00,5533.8,83.03,TRADE
VIC1,2026/07/17 05:20:00,5481.34,81.69,TRADE
VIC1,2026/07/17 05:25:00,5518.1,80.50,TRADE
VIC1,2026/07/17 05:30:00,5544.48,82.45,TRADE
VIC1,2026/07/17 05:35:00,5591.59,80.37,TRADE
VIC1,2026/07/17 05:40:00,5640.25,85.70,TRADE
VIC1,2026/07/17 05:45:00,5688.61,86.52,TRADE
VIC1,2026/07/17 05:50:00,5781.49,87.99,TRADE
VIC1,2026/07/17 05:55:00,5886.62,99.99,TRADE
VIC1,2026/07/17 06:00:00,5865.79,96.83,TRADE
VIC1,2026/07/17 06:05:00,5999.15,98.65,TRADE
VIC1,2026/07/17 06:10:00,6159.88,109.68,TRADE
VIC1,2026/07/17 06:15:00,6280.61,115.77,TRADE
VIC1,2026/07/17 06:20:00,6349.32,115.97,TRADE
VIC1,2026/07/17 06:25:00,6357.92,116.26,TRADE
VIC1,2026/07/17 06:30:00,6401.56,116.35,TRADE
VIC1,2026/07/17 06:35:00,6544.13,110.17,TRADE
VIC1,2026/07/17 06:40:00,6583.36,109.68,TRADE
VIC1,2026/07/17 06:45:00,6706.24,116.35,TRADE
VIC1,2026/07/17 06:50:00,6867.25,119.05,TRADE
VIC1,2026/07/17 06:55:00,6948.93,119.05,TRADE
VIC1,2026/07/17 07:00:00,7057.52,114.62,TRADE
VIC1,2026/07/17 07:05:00,7108.44,110.83,TRADE
VIC1,2026/07/17 07:10:00,7233.73,100.72,TRADE
VIC1,2026/07/17 07:15:00,7323.61,112.29,TRADE
VIC1,2026/07/17 07:20:00,7340.95,109.85,TRADE
VIC1,2026/07/17 07:25:00,7481.57,124.64,TRADE
VIC1,2026/07/17 07:30:00,7548.85,118.78,TRADE
VIC1,2026/07/17 07:35:00,7576.18,99.24,TRADE
VIC1,2026/07/17 07:40:00,7758.65,114.98,TRADE
VIC1,2026/07/17 07:45:00,7751.16,120.62,TRADE
VIC1,2026/07/17 07:50:00,7800.04,126.37,TRADE
VIC1,2026/07/17 07:55:00,7860.4,99.48,TRADE
VIC1,2026/07/17 08:00:00,7749.96,99.48,TRADE
VIC1,2026/07/17 08:05:00,7770.14,95.80,TRADE
VIC1,2026/07/17 08:10:00,7858.53,96.12,TRADE
VIC1,2026/07/17 08:15:00,7836.1,99.48,TRADE
VIC1,2026/07/17 08:20:00,7695.4,97.99,TRADE
VIC1,2026/07/17 08:25:00,7725.16,98.93,TRADE
VIC1,2026/07/17 08:30:00,7637.94,94.47,TRADE
VIC1,2026/07/17 08:35:00,7615.53,89,TRADE
VIC1,2026/07/17 08:40:00,7565.36,95.27,TRADE
VIC1,2026/07/17 08:45:00,7364.02,89,TRADE
VIC1,2026/07/17 08:50:00,7283.64,84.79,TRADE
VIC1,2026/07/17 08:55:00,7174.58,89,TRADE
VIC1,2026/07/17 09:00:00,7207.41,78.12,TRADE
VIC1,2026/07/17 09:05:00,7134.21,78.43,TRADE
VIC1,2026/07/17 09:10:00,7013.33,80.50,TRADE
VIC1,2026/07/17 09:15:00,6973.37,80.50,TRADE
VIC1,2026/07/17 09:20:00,6838.07,71.74,TRADE
VIC1,2026/07/17 09:25:00,6724.15,43.71,TRADE
VIC1,2026/07/17 09:30:00,6636.48,47.31,TRADE
VIC1,2026/07/17 09:35:00,6483.49,73.90,TRADE
VIC1,2026/07/17 09:40:00,6426.47,80.50,TRADE
VIC1,2026/07/17 09:45:00,6339.16,73.60,TRADE
VIC1,2026/07/17 09:50:00,6295.24,70.42,TRADE
VIC1,2026/07/17 09:55:00,6232.15,66.92,TRADE
VIC1,2026/07/17 10:00:00,6172.95,61.53,TRADE
VIC1,2026/07/17 10:05:00,5986.37,70.42,TRADE
VIC1,2026/07/17 10:10:00,5987.31,73.88,TRADE
VIC1,2026/07/17 10:15:00,5897.24,74.89,TRADE
VIC1,2026/07/17 10:20:00,5876.84,73.14,TRADE
VIC1,2026/07/17 10:25:00,5825.19,71.45,TRADE
VIC1,2026/07/17 10:30:00,5720.97,65.41,TRADE
VIC1,2026/07/17 10:35:00,5653.59,70.60,TRADE
VIC1,2026/07/17 10:40:00,5599.71,65.28,TRADE
VIC1,2026/07/17 10:45:00,5553.86,48.93,TRADE
VIC1,2026/07/17 10:50:00,5576.93,70.37,TRADE
VIC1,2026/07/17 10:55:00,5502.93,68.42,TRADE
VIC1,2026/07/17 11:00:00,5455.78,60.45,TRADE
VIC1,2026/07/17 11:05:00,5411.83,65.90,TRADE
VIC1,2026/07/17 11:10:00,5438.23,65.26,TRADE
VIC1,2026/07/17 11:15:00,5456.19,64.64,TRADE
VIC1,2026/07/17 11:20:00,5471.16,63.32,TRADE
VIC1,2026/07/17 11:25:00,5419.04,63.64,TRADE
VIC1,2026/07/17 11:30:00,5275.37,62.24,TRADE
VIC1,2026/07/17 11:35:00,5281.03,59.25,TRADE
VIC1,2026/07/17 11:40:00,5278.59,66.42,TRADE
VIC1,2026/07/17 11:45:00,5196.65,56.80,TRADE
VIC1,2026/07/17 11:50:00,5074.23,55.22,TRADE
VIC1,2026/07/17 11:55:00,5012.35,60.43,TRADE
VIC1,2026/07/17 12:00:00,5049.17,64,TRADE
VIC1,2026/07/17 12:05:00,4953.06,61.32,TRADE
VIC1,2026/07/17 12:10:00,4923.99,62.19,TRADE
VIC1,2026/07/17 12:15:00,4933.85,59.21,TRADE
VIC1,2026/07/17 12:20:00,4858.63,62.29,TRADE
VIC1,2026/07/17 12:25:00,4839.36,61.09,TRADE
VIC1,2026/07/17 12:30:00,4815.47,61.50,TRADE
VIC1,2026/07/17 12:35:00,4725.89,57.77,TRADE
VIC1,2026/07/17 12:40:00,4715.66,46.97,TRADE
VIC1,2026/07/17 12:45:00,4777.77,51.31,TRADE
VIC1,2026/07/17 12:50:00,4722.54,67.06,TRADE
VIC1,2026/07/17 12:55:00,4605.65,39.42,TRADE
VIC1,2026/07/17 13:00:00,4659.19,39.42,TRADE
VIC1,2026/07/17 13:05:00,4674.1,51.12,TRADE
VIC1,2026/07/17 13:10:00,4711.6,39.42,TRADE
VIC1,2026/07/17 13:15:00,4706.32,64,TRADE
VIC1,2026/07/17 13:20:00,4601.22,39.42,TRADE
VIC1,2026/07/17 13:25:00,4644.99,53.29,TRADE
VIC1,2026/07/17 13:30:00,4652.41,35.19,TRADE
VIC1,2026/07/17 13:35:00,4679.29,55.66,TRADE
VIC1,2026/07/17 13:40:00,4671.93,52.68,TRADE
VIC1,2026/07/17 13:45:00,4718.41,39.42,TRADE
VIC1,2026/07/17 13:50:00,4715.41,70.12,TRADE
VIC1,2026/07/17 13:55:00,4675.35,39.42,TRADE
VIC1,2026/07/17 14:00:00,4676.99,39.42,TRADE
VIC1,2026/07/17 14:05:00,4598.3,39.42,TRADE
VIC1,2026/07/17 14:10:00,4555.54,33.51,TRADE
VIC1,2026/07/17 14:15:00,4617.66,39.42,TRADE
VIC1,2026/07/17 14:20:00,4668.04,39.42,TRADE
VIC1,2026/07/17 14:25:00,4666.67,39.42,TRADE
VIC1,2026/07/17 14:30:00,4689.53,39.42,TRADE
VIC1,2026/07/17 14:35:00,4721.12,39.42,TRADE
VIC1,2026/07/17 14:40:00,4763.77,39.42,TRADE
VIC1,2026/07/17 14:45:00,4748.71,39.42,TRADE
VIC1,2026/07/17 14:50:00,4799.28,39.38,TRADE
VIC1,2026/07/17 14:55:00,4924.06,39.42,TRADE
VIC1,2026/07/17 15:00:00,4977.46,35.94,TRADE
VIC1,2026/07/17 15:05:00,4951.5,29.07,TRADE
VIC1,2026/07/17 15:10:00,5000.79,20.44,TRADE
VIC1,2026/07/17 15:15:00,5084.92,30.17,TRADE
VIC1,2026/07/17 15:20:00,5126.32,35.19,TRADE
VIC1,2026/07/17 15:25:00,5184.84,57.68,TRADE
VIC1,2026/07/17 15:30:00,5219.86,35.94,TRADE
VIC1,2026/07/17 15:35:00,5245.24,70.37,TRADE
VIC1,2026/07/17 15:40:00,5413.75,70.37,TRADE
VIC1,2026/07/17 15:45:00,5458.91,74.40,TRADE
VIC1,2026/07/17 15:50:00,5501.22,74.33,TRADE
VIC1,2026/07/17 15:55:00,5589.25,92.48,TRADE
VIC1,2026/07/17 16:00:00,5730.82,91.14,TRADE
VIC1,2026/07/17 16:05:00,5818.87,80.50,TRADE
VIC1,2026/07/17 16:10:00,5918.43,93.58,TRADE
VIC1,2026/07/17 16:15:00,5932.18,99.48,TRADE
VIC1,2026/07/17 16:20:00,6003.07,109.63,TRADE
VIC1,2026/07/17 16:25:00,6134.5,110.40,TRADE
VIC1,2026/07/17 16:30:00,6261.64,119.05,TRADE
VIC1,2026/07/17 16:35:00,6367.08,110.40,TRADE
VIC1,2026/07/17 16:40:00,6409.55,114.17,TRADE
VIC1,2026/07/17 16:45:00,6564.34,118.18,TRADE
VIC1,2026/07/17 16:50:00,6661.45,120.82,TRADE
VIC1,2026/07/17 16:55:00,6756.93,156.60,TRADE
VIC1,2026/07/17 17:00:00,6760.16,138.48,TRADE
VIC1,2026/07/17 17:05:00,6881.71,129.06,TRADE
VIC1,2026/07/17 17:10:00,6954.52,126.75,TRADE
VIC1,2026/07/17 17:15:00,7038.54,119.05,TRADE
VIC1,2026/07/17 17:20:00,7095.61,129.86,TRADE
VIC1,2026/07/17 17:25:00,7217.79,139.99,TRADE
VIC1,2026/07/17 17:30:00,7300.31,141.29,TRADE
VIC1,2026/07/17 17:35:00,7425.57,121.76,TRADE
VIC1,2026/07/17 17:40:00,7464.4,134.42,TRADE
VIC1,2026/07/17 17:45:00,7517.49,139.01,TRADE
VIC1,2026/07/17 17:50:00,7480.66,132.29,TRADE
VIC1,2026/07/17 17:55:00,7623.25,130.50,TRADE
VIC1,2026/07/17 18:00:00,7636.59,131.41,TRADE
VIC1,2026/07/17 18:05:00,7594.39,120.45,TRADE
VIC1,2026/07/17 18:10:00,7643.09,129.79,TRADE
VIC1,2026/07/17 18:15:00,7654.59,114.71,TRADE
VIC1,2026/07/17 18:20:00,7671.34,110.45,TRADE
VIC1,2026/07/17 18:25:00,7633.48,120.17,TRADE
VIC1,2026/07/17 18:30:00,7627.36,126.76,TRADE
VIC1,2026/07/17 18:35:00,7615.63,111.76,TRADE
VIC1,2026/07/17 18:40:00,7659.31,110.40,TRADE
VIC1,2026/07/17 18:45:00,7703.56,113.87,TRADE
VIC1,2026/07/17 18:50:00,7637.7,129.06,TRADE
VIC1,2026/07/17 18:55:00,7658,121.46,TRADE
VIC1,2026/07/17 19:00:00,7602.35,113.02,TRADE
VIC1,2026/07/17 19:05:00,7548.76,113.96,TRADE
VIC1,2026/07/17 19:10:00,7591.9,116.76,TRADE
VIC1,2026/07/17 19:15:00,7545.2,120.57,TRADE
VIC1,2026/07/17 19:20:00,7498.52,112.95,TRADE
VIC1,2026/07/17 19:25:00,7571.88,113.11,TRADE
VIC1,2026/07/17 19:30:00,7517.04,116.44,TRADE
VIC1,2026/07/17 19:35:00,7464.85,119.74,TRADE
VIC1,2026/07/17 19:40:00,7493.31,113.05,TRADE
VIC1,2026/07/17 19:45:00,7537.08,115,TRADE
VIC1,2026/07/17 19:50:00,7542.61,117.34,TRADE
VIC1,2026/07/17 19:55:00,7503.11,116.77,TRADE
VIC1,2026/07/17 20:00:00,7453.94,111.85,TRADE
VIC1,2026/07/17 20:05:00,7471.38,112.61,TRADE
VIC1,2026/07/17 20:10:00,7471.65,123.78,TRADE
VIC1,2026/07/17 20:15:00,7490.46,130.69,TRADE
VIC1,2026/07/17 20:20:00,7437,114.34,TRADE
VIC1,2026/07/17 20:25:00,7459.68,115,TRADE
VIC1,2026/07/17 20:30:00,7425.5,117.72,TRADE
VIC1,2026/07/17 20:35:00,7418.56,122.74,TRADE
VIC1,2026/07/17 20:40:00,7315.41,122.54,TRADE
VIC1,2026/07/17 20:45:00,7285.67,117.72,TRADE
VIC1,2026/07/17 20:50:00,7245.68,117.65,TRADE
VIC1,2026/07/17 20:55:00,7318.88,129.06,TRADE
VIC1,2026/07/17 21:00:00,7285.78,124.37,TRADE
VIC1,2026/07/17 21:05:00,7267.78,130.46,TRADE
VIC1,2026/07/17 21:10:00,7227.11,129.30,TRADE
VIC1,2026/07/17 21:15:00,7218.27,125.34,TRADE
VIC1,2026/07/17 21:20:00,7194.36,124.90,TRADE
VIC1,2026/07/17 21:25:00,7147.57,131.28,TRADE
VIC1,2026/07/17 21:30:00,7031.17,118.04,TRADE
VIC1,2026/07/17 21:35:00,7037.86,119.99,TRADE
VIC1,2026/07/17 21:40:00,7015.32,122.33,TRADE
VIC1,2026/07/17 21:45:00,7018.22,119.74,TRADE
VIC1,2026/07/17 21:50:00,6981.59,120.35,TRADE
VIC1,2026/07/17 21:55:00,6873.53,117.84,TRADE
VIC1,2026/07/17 22:00:00,6895.43,115,TRADE
VIC1,2026/07/17 22:05:00,6873.64,118.02,TRADE
VIC1,2026/07/17 22:10:00,6792.74,113.12,TRADE
VIC1,2026/07/17 22:15:00,6718.54,112.39,TRADE
VIC1,2026/07/17 22:20:00,6654.12,111.21,TRADE
VIC1,2026/07/17 22:25:00,6699.65,109.94,TRADE
VIC1,2026/07/17 22:30:00,6662.52,110.40,TRADE
VIC1,2026/07/17 22:35:00,6596.91,103.71,TRADE
VIC1,2026/07/17 22:40:00,6544.53,104.40,TRADE
VIC1,2026/07/17 22:45:00,6523.22,106.73,TRADE
VIC1,2026/07/17 22:50:00,6409.29,104.79,TRADE
VIC1,2026/07/17 22:55:00,6400.58,101.40,TRADE
VIC1,2026/07/17 23:00:00,6352.62,97.06,TRADE
VIC1,2026/07/17 23:05:00,6388.98,110.40,TRADE
VIC1,2026/07/17 23:10:00,6459.49,117.08,TRADE
VIC1,2026/07/17 23:15:00,6382.22,112.31,TRADE
VIC1,2026/07/17 23:20:00,6449.56,115.05,TRADE
VIC1,2026/07/17 23:25:00,6420.97,110.67,TRADE
VIC1,2026/07/17 23:30:00,6420.08,114.04,TRADE
VIC1,2026/07/17 23:35:00,6399.28,116.07,TRADE
VIC1,2026/07/17 23:40:00,6277.96,110.40,TRADE
VIC1,2026/07/17 23:45:00,6251.47,103.63,TRADE
VIC1,2026/07/17 23:50:00,6193.17,109.48,TRADE
VIC1,2026/07/17 23:55:00,6246.29,104.44,TRADE
VIC1,2026/07/18 00:00:00,6180.35,101.09,TRADE
VIC1,2026/07/18 00:05:00,6144.86,104.92,TRADE
VIC1,2026/07/18 00:10:00,6165.82,111.95,TRADE
VIC1,2026/07/18 00:15:00,6144.95,110.40,TRADE
VIC1,2026/07/18 00:20:00,6038.17,104.79,TRADE
VIC1,2026/07/18 00:25:00,6088.67,108.63,TRADE
VIC1,2026/07/18 00:30:00,6055.1,100.79,TRADE
VIC1,2026/07/18 00:35:00,5961.49,101.67,TRADE
VIC1,2026/07/18 00:40:00,5988.3,103.27,TRADE
VIC1,2026/07/18 00:45:00,5958.07,100.42,TRADE
VIC1,2026/07/18 00:50:00,5853.48,94.37,TRADE
VIC1,2026/07/18 00:55:00,5902.65,95.62,TRADE
VIC1,2026/07/18 01:00:00,5857.36,88.93,TRADE
VIC1,2026/07/18 01:05:00,5847.83,102.32,TRADE
VIC1,2026/07/18 01:10:00,5829.37,97.40,TRADE
VIC1,2026/07/18 01:15:00,5697.58,96.37,TRADE
VIC1,2026/07/18 01:20:00,5740.97,94.21,TRADE
VIC1,2026/07/18 01:25:00,5681.1,97.69,TRADE
VIC1,2026/07/18 01:30:00,5607.34,87.62,TRADE
VIC1,2026/07/18 01:35:00,5659.13,98.47,TRADE
VIC1,2026/07/18 01:40:00,5623.48,101.42,TRADE
VIC1,2026/07/18 01:45:00,5586.78,92.96,TRADE
VIC1,2026/07/18 01:50:00,5501.69,87.76,TRADE
VIC1,2026/07/18 01:55:00,5468.87,99.11,TRADE
VIC1,2026/07/18 02:00:00,5446.31,86.14,TRADE
VIC1,2026/07/18 02:05:00,5426.62,102.07,TRADE
VIC1,2026/07/18 02:10:00,5439.11,102.01,TRADE
VIC1,2026/07/18 02:15:00,5441.04,105.51,TRADE
VIC1,2026/07/18 02:20:00,5429.18,102.74,TRADE
VIC1,2026/07/18 02:25:00,5402.89,98.79,TRADE
VIC1,2026/07/18 02:30:00,5393.28,97.95,TRADE
VIC1,2026/07/18 02:35:00,5383.16,110.40,TRADE
VIC1,2026/07/18 02:40:00,5397.14,110.40,TRADE
VIC1,2026/07/18 02:45:00,5298.49,110.40,TRADE
VIC1,2026/07/18 02:50:00,5289.05,110.40,TRADE
VIC1,2026/07/18 02:55:00,5254.49,111.89,TRADE
VIC1,2026/07/18 03:00:00,5237.01,111.80,TRADE
VIC1,2026/07/18 03:05:00,5266.69,112.71,TRADE
VIC1,2026/07/18 03:10:00,5210.91,111.75,TRADE
VIC1,2026/07/18 03:15:00,5306.53,111.78,TRADE
VIC1,2026/07/18 03:20:00,5205.65,110.81,TRADE
VIC1,2026/07/18 03:25:00,5278.03,114.57,TRADE
VIC1,2026/07/18 03:30:00,5287.38,113.58,TRADE
VIC1,2026/07/18 03:35:00,5181.51,111.71,TRADE
VIC1,2026/07/18 03:40:00,5192.77,111.70,TRADE
VIC1,2026/07/18 03:45:00,5206.56,110.79,TRADE
VIC1,2026/07/18 03:50:00,5259.32,104.53,TRADE
VIC1,2026/07/18 03:55:00,5195.01,102.89,TRADE
VIC1,2026/07/18 04:00:00,5243.81,102.85,TRADE
VIC1,2026/07/18 04:05:00,5233.23,100.42,TRADE
VIC1,2026/07/18 04:10:00,5245.07,107.02,TRADE
VIC1,2026/07/18 04:15:00,5170.39,103.87,TRADE
VIC1,2026/07/18 04:20:00,5167.21,94.54,TRADE
VIC1,2026/07/18 04:25:00,5238.75,110.40,TRADE
VIC1,2026/07/18 04:30:00,5240.62,106.99,TRADE
VIC1,2026/07/18 04:35:00,5236.79,103.75,TRADE
VIC1,2026/07/18 04:40:00,5220.41,105.40,TRADE
VIC1,2026/07/18 04:45:00,5273.48,106.21,TRADE
VIC1,2026/07/18 04:50:00,5252.1,94.54,TRADE
VIC1,2026/07/18 04:55:00,5188.02,94.54,TRADE
VIC1,2026/07/18 05:00:00,5184.06,99,TRADE
VIC1,2026/07/18 05:05:00,5248.67,105.56,TRADE
VIC1,2026/07/18 05:10:00,5304.04,102.45,TRADE
VIC1,2026/07/18 05:15:00,5320.09,109.06,TRADE
VIC1,2026/07/18 05:20:00,5340.52,104.68,TRADE
VIC1,2026/07/18 05:25:00,5385.55,105.51,TRADE
VIC1,2026/07/18 05:30:00,5403.71,110.75,TRADE
VIC1,2026/07/18 05:35:00,5358.44,103.75,TRADE
VIC1,2026/07/18 05:40:00,5393.51,99,TRADE
VIC1,2026/07/18 05:45:00,5502.78,107.77,TRADE
VIC1,2026/07/18 05:50:00,5519.63,110.40,TRADE
VIC1,2026/07/18 05:55:00,5500.73,110.40,TRADE
VIC1,2026/07/18 06:00:00,5600.86,112.81,TRADE
VIC1,2026/07/18 06:05:00,5556.45,100.42,TRADE
VIC1,2026/07/18 06:10:00,5682.78,100.42,TRADE
VIC1,2026/07/18 06:15:00,5725.34,106.07,TRADE
VIC1,2026/07/18 06:20:00,5780.55,110.40,TRADE
VIC1,2026/07/18 06:25:00,5775.52,110.40,TRADE
VIC1,2026/07/18 06:30:00,5821.47,110.40,TRADE
VIC1,2026/07/18 06:35:00,5932.5,104,TRADE
VIC1,2026/07/18 06:40:00,5997.18,130.69,TRADE
VIC1,2026/07/18 06:45:00,5951.19,121.77,TRADE
VIC1,2026/07/18 06:50:00,6014.21,117.56,TRADE
VIC1,2026/07/18 06:55:00,6135.15,120.83,TRADE
VIC1,2026/07/18 07:00:00,6234.68,121.89,TRADE
VIC1,2026/07/18 07:05:00,6325.88,127.85,TRADE
VIC1,2026/07/18 07:10:00,6358.09,184,TRADE
VIC1,2026/07/18 07:15:00,6342.15,130.60,TRADE
VIC1,2026/07/18 07:20:00,6477.71,130.18,TRADE
VIC1,2026/07/18 07:25:00,6578.92,190.47,TRADE
VIC1,2026/07/18 07:30:00,6656.8,141.51,TRADE
VIC1,2026/07/18 07:35:00,6647.46,124.98,TRADE
VIC1,2026/07/18 07:40:00,6789.17,135.24,TRADE
VIC1,2026/07/18 07:45:00,6826.46,200.89,TRADE
VIC1,2026/07/18 07:50:00,6839.42,187.55,TRADE
VIC1,2026/07/18 07:55:00,6789.38,133.64,TRADE
VIC1,2026/07/18 08:00:00,6835.49,134.11,TRADE
VIC1,2026/07/18 08:05:00,6946.87,158.31,TRADE
VIC1,2026/07/18 08:10:00,6876.99,133.12,TRADE
VIC1,2026/07/18 08:15:00,6979.59,139,TRADE
VIC1,2026/07/18 08:20:00,6917.91,131.42,TRADE
VIC1,2026/07/18 08:25:00,7000.4,133.24,TRADE
VIC1,2026/07/18 08:30:00,6999.57,133.10,TRADE
VIC1,2026/07/18 08:35:00,7000.29,108.66,TRADE
VIC1,2026/07/18 08:40:00,6939.19,84.46,TRADE
VIC1,2026/07/18 08:45:00,6878.56,55.72,TRADE
VIC1,2026/07/18 08:50:00,6871.66,92.20,TRADE
VIC1,2026/07/18 08:55:00,6837.39,77.49,TRADE
VIC1,2026/07/18 09:00:00,6903.71,77.64,TRADE
VIC1,2026/07/18 09:05:00,6848.06,73.75,TRADE
VIC1,2026/07/18 09:10:00,6778.25,70.37,TRADE
VIC1,2026/07/18 09:15:00,6675.11,44.25,TRADE
VIC1,2026/07/18 09:20:00,6626.1,54.97,TRADE
VIC1,2026/07/18 09:25:00,6552.96,53.99,TRADE
VIC1,2026/07/18 09:30:00,6479.64,52.35,TRADE
VIC1,2026/07/18 09:35:00,6300.02,53.34,TRADE
VIC1,2026/07/18 09:40:00,6253.34,69.33,TRADE
VIC1,2026/07/18 09:45:00,6232.63,68.13,TRADE
VIC1,2026/07/18 09:50:00,6138.22,52.70,TRADE
VIC1,2026/07/18 09:55:00,6062.56,51.74,TRADE
VIC1,2026/07/18 10:00:00,6010.08,53.26,TRADE
VIC1,2026/07/18 10:05:00,5974.21,54.98,TRADE
VIC1,2026/07/18 10:10:00,5978.72,66.96,TRADE
VIC1,2026/07/18 10:15:00,5864.63,65.23,TRADE
VIC1,2026/07/18 10:20:00,5837.1,59.82,TRADE
VIC1,2026/07/18 10:25:00,5849.94,57.77,TRADE
VIC1,2026/07/18 10:30:00,5832.21,68.26,TRADE
VIC1,2026/07/18 10:35:00,5741.16,31.25,TRADE
VIC1,2026/07/18 10:40:00,5798.77,43.25,TRADE
VIC1,2026/07/18 10:45:00,5771.96,43.87,TRADE
VIC1,2026/07/18 10:50:00,5695.66,62.98,TRADE
VIC1,2026/07/18 10:55:00,5593.41,34,TRADE
VIC1,2026/07/18 11:00:00,5456.73,41.22,TRADE
VIC1,2026/07/18 11:05:00,5441.9,33.51,TRADE
VIC1,2026/07/18 11:10:00,5530.05,55.13,TRADE
VIC1,2026/07/18 11:15:00,5437.12,64.25,TRADE
VIC1,2026/07/18 11:20:00,5310.15,47.85,TRADE
VIC1,2026/07/18 11:25:00,5280.33,33.51,TRADE
VIC1,2026/07/18 11:30:00,5272.44,33.51,TRADE
VIC1,2026/07/18 11:35:00,5164.79,54.95,TRADE
VIC1,2026/07/18 11:40:00,5023.43,38.10,TRADE
VIC1,2026/07/18 11:45:00,5080.57,52.43,TRADE
VIC1,2026/07/18 11:50:00,5040.99,38.24,TRADE
VIC1,2026/07/18 11:55:00,4946.68,35.94,TRADE
VIC1,2026/07/18 12:00:00,4939.1,38.35,TRADE
VIC1,2026/07/18 12:05:00,4862.52,61.87,TRADE
VIC1,2026/07/18 12:10:00,4763.37,48.94,TRADE
VIC1,2026/07/18 12:15:00,4678.01,49.12,TRADE
VIC1,2026/07/18 12:20:00,4749.14,51.38,TRADE
VIC1,2026/07/18 12:25:00,4618.25,49.83,TRADE
VIC1,2026/07/18 12:30:00,4567.61,30.21,TRADE
VIC1,2026/07/18 12:35:00,4542.49,48.53,TRADE
VIC1,2026/07/18 12:40:00,4445.37,50.49,TRADE
VIC1,2026/07/18 12:45:00,4397.24,49.57,TRADE
VIC1,2026/07/18 12:50:00,4448.07,48,TRADE
VIC1,2026/07/18 12:55:00,4426.16,45.88,TRADE
VIC1,2026/07/18 13:00:00,4326.79,49.18,TRADE
VIC1,2026/07/18 13:05:00,4375.06,54.80,TRADE
VIC1,2026/07/18 13:10:00,4366.37,52.68,TRADE
VIC1,2026/07/18 13:15:00,4377.65,32.24,TRADE
VIC1,2026/07/18 13:20:00,4370.59,29.01,TRADE
VIC1,2026/07/18 13:25:00,4290.64,49.52,TRADE
VIC1,2026/07/18 13:30:00,4265.11,49.07,TRADE
VIC1,2026/07/18 13:35:00,4300.81,52.68,TRADE
VIC1,2026/07/18 13:40:00,4270.37,48.18,TRADE
VIC1,2026/07/18 13:45:00,4265.16,35.19,TRADE
VIC1,2026/07/18 13:50:00,4308.1,37.90,TRADE
VIC1,2026/07/18 13:55:00,4316.52,58.68,TRADE
VIC1,2026/07/18 14:00:00,4317.75,60.16,TRADE
VIC1,2026/07/18 14:05:00,4212.53,1.23,TRADE
VIC1,2026/07/18 14:10:00,4227.61,30.21,TRADE
VIC1,2026/07/18 14:15:00,4200.94,22.87,TRADE
VIC1,2026/07/18 14:20:00,4225.11,35.19,TRADE
VIC1,2026/07/18 14:25:00,4284.47,35.19,TRADE
VIC1,2026/07/18 14:30:00,4306.58,48.22,TRADE
VIC1,2026/07/18 14:35:00,4279.92,40.60,TRADE
VIC1,2026/07/18 14:40:00,4358.42,43.25,TRADE
VIC1,2026/07/18 14:45:00,4394.56,40.67,TRADE
VIC1,2026/07/18 14:50:00,4453.3,48.68,TRADE
VIC1,2026/07/18 14:55:00,4506.34,42.63,TRADE
VIC1,2026/07/18 15:00:00,4584.02,52.68,TRADE
VIC1,2026/07/18 15:05:00,4624.25,41.51,TRADE
VIC1,2026/07/18 15:10:00,4554.74,48.97,TRADE
VIC1,2026/07/18 15:15:00,4664.14,42.65,TRADE
VIC1,2026/07/18 15:20:00,4744.7,35.94,TRADE
VIC1,2026/07/18 15:25:00,4783.25,48.21,TRADE
VIC1,2026/07/18 15:30:00,4846.84,60.37,TRADE
VIC1,2026/07/18 15:35:00,4913.68,38,TRADE
VIC1,2026/07/18 15:40:00,5041.38,40.19,TRADE
VIC1,2026/07/18 15:45:00,5112.66,55.52,TRADE
VIC1,2026/07/18 15:50:00,5060.08,54.72,TRADE
VIC1,2026/07/18 15:55:00,5194.84,51.74,TRADE
VIC1,2026/07/18 16:00:00,5332.85,59.89,TRADE
VIC1,2026/07/18 16:05:00,5436.56,66.50,TRADE
VIC1,2026/07/18 16:10:00,5429.9,73.87,TRADE
VIC1,2026/07/18 16:15:00,5559.99,82.05,TRADE
VIC1,2026/07/18 16:20:00,5726.31,88.69,TRADE
VIC1,2026/07/18 16:25:00,5839.23,85.14,TRADE
VIC1,2026/07/18 16:30:00,5876.7,87.46,TRADE
VIC1,2026/07/18 16:35:00,5916.32,90.11,TRADE
VIC1,2026/07/18 16:40:00,6104.41,97.44,TRADE
VIC1,2026/07/18 16:45:00,6220.2,96.29,TRADE
VIC1,2026/07/18 16:50:00,6333.92,99.48,TRADE
VIC1,2026/07/18 16:55:00,6377.08,96.09,TRADE
VIC1,2026/07/18 17:00:00,6499.48,109.48,TRADE
VIC1,2026/07/18 17:05:00,6582.58,96.04,TRADE
VIC1,2026/07/18 17:10:00,6632.45,94.30,TRADE
VIC1,2026/07/18 17:15:00,6720.47,97.12,TRADE
VIC1,2026/07/18 17:20:00,6732.57,98.13,TRADE
VIC1,2026/07/18 17:25:00,6920.31,99.25,TRADE
VIC1,2026/07/18 17:30:00,6992.23,109.48,TRADE
VIC1,2026/07/18 17:35:00,7073.45,99.48,TRADE
VIC1,2026/07/18 17:40:00,7143.93,99.48,TRADE
VIC1,2026/07/18 17:45:00,7207.14,109.48,TRADE
VIC1,2026/07/18 17:50:00,7279.54,109.48,TRADE
VIC1,2026/07/18 17:55:00,7316.08,104.65,TRADE
VIC1,2026/07/18 18:00:00,7314.77,109.48,TRADE
VIC1,2026/07/18 18:05:00,7390.94,109.48,TRADE
VIC1,2026/07/18 18:10:00,7310.39,109.48,TRADE
VIC1,2026/07/18 18:15:00,7313.56,99.48,TRADE
VIC1,2026/07/18 18:20:00,7403.53,113.55,TRADE
VIC1,2026/07/18 18:25:00,7346.3,109.81,TRADE
VIC1,2026/07/18 18:30:00,7374.36,100.67,TRADE
VIC1,2026/07/18 18:35:00,7403.32,109.48,TRADE
VIC1,2026/07/18 18:40:00,7414.08,115.36,TRADE
VIC1,2026/07/18 18:45:00,7401.72,109.48,TRADE
VIC1,2026/07/18 18:50:00,7344.72,99.48,TRADE
VIC1,2026/07/18 18:55:00,7393.3,109.48,TRADE
VIC1,2026/07/18 19:00:00,7393.6,121.36,TRADE
VIC1,2026/07/18 19:05:00,7326.27,109.48,TRADE
VIC1,2026/07/18 19:10:00,7349.71,99.48,TRADE
VIC1,2026/07/18 19:15:00,7367.8,109.48,TRADE
VIC1,2026/07/18 19:20:00,7375.76,113.59,TRADE
VIC1,2026/07/18 19:25:00,7393.46,109.48,TRADE
VIC1,2026/07/18 19:30:00,7285.63,99.48,TRADE
VIC1,2026/07/18 19:35:00,7378.51,109.48,TRADE
VIC1,2026/07/18 19:40:00,7328.38,109.48,TRADE
VIC1,2026/07/18 19:45:00,7303.8,109.91,TRADE
VIC1,2026/07/18 19:50:00,7287.67,100,TRADE
VIC1,2026/07/18 19:55:00,7289.28,109.91,TRADE
VIC1,2026/07/18 20:00:00,7300.95,109.48,TRADE
VIC1,2026/07/18 20:05:00,7213.07,109.91,TRADE
VIC1,2026/07/18 20:10:00,7238.95,116.21,TRADE
VIC1,2026/07/18 20:15:00,7163.21,99.48,TRADE
VIC1,2026/07/18 20:20:00,7167.46,109.48,TRADE
VIC1,2026/07/18 20:25:00,7132.11,112.27,TRADE
VIC1,2026/07/18 20:30:00,7152.66,99.48,TRADE
VIC1,2026/07/18 20:35:00,7126.66,99.48,TRADE
VIC1,2026/07/18 20:40:00,7157.07,100.76,TRADE
VIC1,2026/07/18 20:45:00,7168.69,109.48,TRADE
VIC1,2026/07/18 20:50:00,7096.95,109.48,TRADE
VIC1,2026/07/18 20:55:00,7121.15,109.48,TRADE
VIC1,2026/07/18 21:00:00,7107.96,97.53,TRADE
VIC1,2026/07/18 21:05:00,7097.38,109.91,TRADE
VIC1,2026/07/18 21:10:00,7083.36,123.40,TRADE
VIC1,2026/07/18 21:15:00,6991.37,100,TRADE
VIC1,2026/07/18 21:20:00,7024.71,100.33,TRADE
VIC1,2026/07/18 21:25:00,6959.36,98.34,TRADE
VIC1,2026/07/18 21:30:00,6966.32,99.48,TRADE
VIC1,2026/07/18 21:35:00,6991.18,109.48,TRADE
VIC1,2026/07/18 21:40:00,6877.66,109.48,TRADE
VIC1,2026/07/18 21:45:00,6906.11,96.47,TRADE
VIC1,2026/07/18 21:50:00,6863.08,91.14,TRADE
VIC1,2026/07/18 21:55:00,6859.96,91.90,TRADE
VIC1,2026/07/18 22:00:00,6777.37,99.48,TRADE
VIC1,2026/07/18 22:05:00,6661.06,98.16,TRADE
VIC1,2026/07/18 22:10:00,6727.29,102.98,TRADE
VIC1,2026/07/18 22:15:00,6683.15,102.74,TRADE
VIC1,2026/07/18 22:20:00,6685.58,122.46,TRADE
VIC1,2026/07/18 22:25:00,6640.17,97.92,TRADE
VIC1,2026/07/18 22:30:00,6615.61,83.88,TRADE
VIC1,2026/07/18 22:35:00,6604.1,89.36,TRADE
VIC1,2026/07/18 22:40:00,6487.39,84.58,TRADE
VIC1,2026/07/18 22:45:00,6449.44,101.45,TRADE
VIC1,2026/07/18 22:50:00,6475.32,128.63,TRADE
VIC1,2026/07/18 22:55:00,6431.51,122.66,TRADE
VIC1,2026/07/18 23:00:00,6400.78,93.51,TRADE
VIC1,2026/07/18 23:05:00,6388.36,83.83,TRADE
VIC1,2026/07/18 23:10:00,6440.2,129.81,TRADE
VIC1,2026/07/18 23:15:00,6463.58,99.48,TRADE
VIC1,2026/07/18 23:20:00,6466.49,91.10,TRADE
VIC1,2026/07/18 23:25:00,6449.32,85.50,TRADE
VIC1,2026/07/18 23:30:00,6381.84,91.33,TRADE
VIC1,2026/07/18 23:35:00,6444.13,84.94,TRADE
VIC1,2026/07/18 23:40:00,6383.46,105.89,TRADE
VIC1,2026/07/18 23:45:00,6350.78,121.69,TRADE
VIC1,2026/07/18 23:50:00,6308.52,114.98,TRADE
VIC1,2026/07/18 23:55:00,6243.74,121.50,TRADE
VIC1,2026/07/19 00:00:00,6237.66,85.42,TRADE
VIC1,2026/07/19 00:05:00,6133.97,77.47,TRADE
VIC1,2026/07/19 00:10:00,6147.38,84.75,TRADE
VIC1,2026/07/19 00:15:00,6206.05,110.40,TRADE
VIC1,2026/07/19 00:20:00,6183.34,90.58,TRADE
VIC1,2026/07/19 00:25:00,6132.89,82.60,TRADE
VIC1,2026/07/19 00:30:00,6096.68,80.50,TRADE
VIC1,2026/07/19 00:35:00,6070.83,111.71,TRADE
VIC1,2026/07/19 00:40:00,5966.95,80.92,TRADE
VIC1,2026/07/19 00:45:00,6009.22,81.33,TRADE
VIC1,2026/07/19 00:50:00,5920.55,85.62,TRADE
VIC1,2026/07/19 00:55:00,5878.48,80.41,TRADE
VIC1,2026/07/19 01:00:00,5900.2,80.50,TRADE
VIC1,2026/07/19 01:05:00,5862.63,80.41,TRADE
VIC1,2026/07/19 01:10:00,5845.32,80.50,TRADE
VIC1,2026/07/19 01:15:00,5831.9,80.50,TRADE
VIC1,2026/07/19 01:20:00,5804.04,70.04,TRADE
VIC1,2026/07/19 01:25:00,5770.75,74.58,TRADE
VIC1,2026/07/19 01:30:00,5674.7,70.37,TRADE
VIC1,2026/07/19 01:35:00,5651.22,70.37,TRADE
VIC1,2026/07/19 01:40:00,5679.29,73.84,TRADE
VIC1,2026/07/19 01:45:00,5586.04,67.18,TRADE
VIC1,2026/07/19 01:50:00,5615.17,80.50,TRADE
VIC1,2026/07/19 01:55:00,5544.91,70.37,TRADE
VIC1,2026/07/19 02:00:00,5535.44,63.53,TRADE
VIC1,2026/07/19 02:05:00,5541.99,81.73,TRADE
VIC1,2026/07/19 02:10:00,5515.84,85.18,TRADE
VIC1,2026/07/19 02:15:00,5457.23,80.50,TRADE
VIC1,2026/07/19 02:20:00,5380.8,64.01,TRADE
VIC1,2026/07/19 02:25:00,5441.2,70.37,TRADE
VIC1,2026/07/19 02:30:00,5424.91,66.86,TRADE
VIC1,2026/07/19 02:35:00,5397.9,68.19,TRADE
VIC1,2026/07/19 02:40:00,5381.42,70.37,TRADE
VIC1,2026/07/19 02:45:00,5370.71,70.37,TRADE
VIC1,2026/07/19 02:50:00,5355.22,67.64,TRADE
VIC1,2026/07/19 02:55:00,5230.51,64,TRADE
VIC1,2026/07/19 03:00:00,5226.38,60.05,TRADE
VIC1,2026/07/19 03:05:00,5276.48,70.37,TRADE
VIC1,2026/07/19 03:10:00,5261.78,69.33,TRADE
VIC1,2026/07/19 03:15:00,5277.63,65.53,TRADE
VIC1,2026/07/19 03:20:00,5238.16,64.01,TRADE
VIC1,2026/07/19 03:25:00,5239.87,64,TRADE
VIC1,2026/07/19 03:30:00,5218.59,59.63,TRADE
VIC1,2026/07/19 03:35:00,5140.6,64,TRADE
VIC1,2026/07/19 03:40:00,5137.88,59.55,TRADE
VIC1,2026/07/19 03:45:00,5196.05,64.67,TRADE
VIC1,2026/07/19 03:50:00,5216.12,63.74,TRADE
VIC1,2026/07/19 03:55:00,5177.1,60.55,TRADE
VIC1,2026/07/19 04:00:00,5203.43,61.04,TRADE
VIC1,2026/07/19 04:05:00,5186.89,70.37,TRADE
VIC1,2026/07/19 04:10:00,5112.55,58.16,TRADE
VIC1,2026/07/19 04:15:00,5105.94,60.92,TRADE
VIC1,2026/07/19 04:20:00,5158.06,70.37,TRADE
VIC1,2026/07/19 04:25:00,5160.85,58.98,TRADE
VIC1,2026/07/19 04:30:00,5103.69,56.71,TRADE
VIC1,2026/07/19 04:35:00,5104.9,54.49,TRADE
VIC1,2026/07/19 04:40:00,5160.02,56.76,TRADE
VIC1,2026/07/19 04:45:00,5170.97,59.48,TRADE
VIC1,2026/07/19 04:50:00,5142.83,54.63,TRADE
VIC1,2026/07/19 04:55:00,5215.55,55.78,TRADE
VIC1,2026/07/19 05:00:00,5227.88,56.27,TRADE
VIC1,2026/07/19 05:05:00,5243.07,57.20,TRADE
VIC1,2026/07/19 05:10:00,5197.3,56.50,TRADE
VIC1,2026/07/19 05:15:00,5230.59,57.19,TRADE
VIC1,2026/07/19 05:20:00,5268.63,60.65,TRADE
VIC1,2026/07/19 05:25:00,5295.37,70.37,TRADE
VIC1,2026/07/19 05:30:00,5239.4,60.12,TRADE
VIC1,2026/07/19 05:35:00,5309.9,54.92,TRADE
VIC1,2026/07/19 05:40:00,5225.24,54.07,TRADE
VIC1,2026/07/19 05:45:00,5369.07,64.98,TRADE
VIC1,2026/07/19 05:50:00,5308.86,59.18,TRADE
VIC1,2026/07/19 05:55:00,5395.49,54.22,TRADE
VIC1,2026/07/19 06:00:00,5426.32,56.62,TRADE
VIC1,2026/07/19 06:05:00,5403.27,54.98,TRADE
VIC1,2026/07/19 06:10:00,5423.05,55.26,TRADE
VIC1,2026/07/19 06:15:00,5490.8,58.73,TRADE
VIC1,2026/07/19 06:20:00,5513.01,54.22,TRADE
VIC1,2026/07/19 06:25:00,5507.05,53.83,TRADE
VIC1,2026/07/19 06:30:00,5544.37,52.63,TRADE
VIC1,2026/07/19 06:35:00,5575.56,52.68,TRADE
VIC1,2026/07/19 06:40:00,5608.9,52.68,TRADE
VIC1,2026/07/19 06:45:00,5653.72,53.31,TRADE
VIC1,2026/07/19 06:50:00,5691.56,59.84,TRADE
VIC1,2026/07/19 06:55:00,5789.36,56.72,TRADE
VIC1,2026/07/19 07:00:00,5870.14,53.81,TRADE
VIC1,2026/07/19 07:05:00,5916.9,44.87,TRADE
VIC1,2026/07/19 07:10:00,5985.45,53.86,TRADE
VIC1,2026/07/19 07:15:00,6047.23,38,TRADE
VIC1,2026/07/19 07:20:00,6091.68,38,TRADE
VIC1,2026/07/19 07:25:00,6109.59,39.85,TRADE
VIC1,2026/07/19 07:30:00,6160.11,38,TRADE
VIC1,2026/07/19 07:35:00,6213.2,38,TRADE
VIC1,2026/07/19 07:40:00,6285.35,38.24,TRADE
VIC1,2026/07/19 07:45:00,6355.95,45.73,TRADE
VIC1,2026/07/19 07:50:00,6400.52,44.78,TRADE
VIC1,2026/07/19 07:55:00,6435.36,38,TRADE
VIC1,2026/07/19 08:00:00,6543.82,38,TRADE
VIC1,2026/07/19 08:05:00,6542.25,46.75,TRADE
VIC1,2026/07/19 08:10:00,6478.26,45.99,TRADE
VIC1,2026/07/19 08:15:00,6570.38,38,TRADE
VIC1,2026/07/19 08:20:00,6579.7,38,TRADE
VIC1,2026/07/19 08:25:00,6561.83,46.68,TRADE
VIC1,2026/07/19 08:30:00,6548.65,39.96,TRADE
VIC1,2026/07/19 08:35:00,6478.85,27.15,TRADE
VIC1,2026/07/19 08:40:00,6538.49,39.24,TRADE
VIC1,2026/07/19 08:45:00,6490.52,38,TRADE
VIC1,2026/07/19 08:50:00,6427.89,22.09,TRADE
VIC1,2026/07/19 08:55:00,6499.19,35.19,TRADE
VIC1,2026/07/19 09:00:00,6428.17,35.19,TRADE
VIC1,2026/07/19 09:05:00,6359.31,27.43,TRADE
VIC1,2026/07/19 09:10:00,6345.81,35.19,TRADE
VIC1,2026/07/19 09:15:00,6377.68,31.53,TRADE
VIC1,2026/07/19 09:20:00,6380.12,29.74,TRADE
VIC1,2026/07/19 09:25:00,6240.26,35.19,TRADE
VIC1,2026/07/19 09:30:00,6199.37,20.68,TRADE
VIC1,2026/07/19 09:35:00,6232.36,33.41,TRADE
VIC1,2026/07/19 09:40:00,6194.91,29.96,TRADE
VIC1,2026/07/19 09:45:00,6141.97,20.68,TRADE
VIC1,2026/07/19 09:50:00,6065.09,35.19,TRADE
VIC1,2026/07/19 09:55:00,5980.34,20.07,TRADE
VIC1,2026/07/19 10:00:00,5902.05,11.06,TRADE
VIC1,2026/07/19 10:05:00,5742.05,26.59,TRADE
VIC1,2026/07/19 10:10:00,5718.85,25.29,TRADE
VIC1,2026/07/19 10:15:00,5739.08,11.06,TRADE
VIC1,2026/07/19 10:20:00,5698.27,11.06,TRADE
VIC1,2026/07/19 10:25:00,5642.38,11.06,TRADE
VIC1,2026/07/19 10:30:00,5599.97,16,TRADE
VIC1,2026/07/19 10:35:00,5588.59,19.18,TRADE
VIC1,2026/07/19 10:40:00,5547.97,23.79,TRADE
VIC1,2026/07/19 10:45:00,5532.21,18.35,TRADE
VIC1,2026/07/19 10:50:00,5493.85,11.06,TRADE
VIC1,2026/07/19 10:55:00,5598.11,25.45,TRADE
VIC1,2026/07/19 11:00:00,5619.11,27.51,TRADE
VIC1,2026/07/19 11:05:00,5520.72,11.06,TRADE
VIC1,2026/07/19 11:10:00,5789.65,34.73,TRADE
VIC1,2026/07/19 11:15:00,5772.48,33.72,TRADE
VIC1,2026/07/19 11:20:00,5748.33,19.18,TRADE
VIC1,2026/07/19 11:25:00,5730.2,30.06,TRADE
VIC1,2026/07/19 11:30:00,5578.15,19.48,TRADE
VIC1,2026/07/19 11:35:00,5522.14,23.92,TRADE
VIC1,2026/07/19 11:40:00,5489.65,27.43,TRADE
VIC1,2026/07/19 11:45:00,5240.28,28.50,TRADE
VIC1,2026/07/19 11:50:00,5125.48,19.18,TRADE
VIC1,2026/07/19 11:55:00,4993.55,19.18,TRADE
VIC1,2026/07/19 12:00:00,4971.76,27.16,TRADE
VIC1,2026/07/19 12:05:00,4881.65,18.87,TRADE
VIC1,2026/07/19 12:10:00,4827.96,11.68,TRADE
VIC1,2026/07/19 12:15:00,4773.03,35.19,TRADE
VIC1,2026/07/19 12:20:00,4731.83,35.19,TRADE
VIC1,2026/07/19 12:25:00,4698.35,30.80,TRADE
VIC1,2026/07/19 12:30:00,4695.3,31.25,TRADE
VIC1,2026/07/19 12:35:00,4557.36,29.31,TRADE
VIC1,2026/07/19 12:40:00,4571.14,30.70,TRADE
VIC1,2026/07/19 12:45:00,4551.29,34,TRADE
VIC1,2026/07/19 12:50:00,4457.74,29.72,TRADE
VIC1,2026/07/19 12:55:00,4445.45,27.83,TRADE
VIC1,2026/07/19 13:00:00,4410.84,31.25,TRADE
VIC1,2026/07/19 13:05:00,4326.8,20.57,TRADE
VIC1,2026/07/19 13:10:00,4297.28,19.18,TRADE
VIC1,2026/07/19 13:15:00,4367.57,31.25,TRADE
VIC1,2026/07/19 13:20:00,4286.02,20.14,TRADE
VIC1,2026/07/19 13:25:00,4254.14,8.81,TRADE
VIC1,2026/07/19 13:30:00,4267.74,19.18,TRADE
VIC1,2026/07/19 13:35:00,4256.56,18.06,TRADE
VIC1,2026/07/19 13:40:00,4315.63,19.18,TRADE
VIC1,2026/07/19 13:45:00,4373.43,32.06,TRADE
VIC1,2026/07/19 13:50:00,4324.64,19.18,TRADE
VIC1,2026/07/19 13:55:00,4311.02,1.42,TRADE
VIC1,2026/07/19 14:00:00,4353.11,10.50,TRADE
VIC1,2026/07/19 14:05:00,4300.03,24.11,TRADE
VIC1,2026/07/19 14:10:00,4090.52,19.18,TRADE
VIC1,2026/07/19 14:15:00,4127.89,10.80,TRADE
VIC1,2026/07/19 14:20:00,4212.29,8.66,TRADE
VIC1,2026/07/19 14:25:00,4203.78,8.94,TRADE
VIC1,2026/07/19 14:30:00,4188.08,8.94,TRADE
VIC1,2026/07/19 14:35:00,4244.93,10.50,TRADE
VIC1,2026/07/19 14:40:00,4306.49,8.94,TRADE
VIC1,2026/07/19 14:45:00,4334.37,1.42,TRADE
VIC1,2026/07/19 14:50:00,4290.25,1.42,TRADE
VIC1,2026/07/19 14:55:00,4418.28,28.27,TRADE
VIC1,2026/07/19 15:00:00,4454.58,30.83,TRADE
VIC1,2026/07/19 15:05:00,4586,10.50,TRADE
VIC1,2026/07/19 15:10:00,4589.6,23.50,TRADE
VIC1,2026/07/19 15:15:00,4701.61,23.50,TRADE
VIC1,2026/07/19 15:20:00,4798.33,35.73,TRADE
VIC1,2026/07/19 15:25:00,4755.35,35.09,TRADE
VIC1,2026/07/19 15:30:00,4916.53,34,TRADE
VIC1,2026/07/19 15:35:00,4966.07,22.34,TRADE
VIC1,2026/07/19 15:40:00,5043.82,36.67,TRADE
VIC1,2026/07/19 15:45:00,5140.1,36.65,TRADE
VIC1,2026/07/19 15:50:00,5084.94,38,TRADE
VIC1,2026/07/19 15:55:00,5105.76,38,TRADE
VIC1,2026/07/19 16:00:00,5225.85,65.35,TRADE
VIC1,2026/07/19 16:05:00,5253.07,42.03,TRADE
VIC1,2026/07/19 16:10:00,5260.31,72.48,TRADE
VIC1,2026/07/19 16:15:00,5407.27,72.48,TRADE
VIC1,2026/07/19 16:20:00,5511.37,63.09,TRADE
VIC1,2026/07/19 16:25:00,5658.75,80.50,TRADE
VIC1,2026/07/19 16:30:00,5680.43,79.30,TRADE
VIC1,2026/07/19 16:35:00,5837.99,80.50,TRADE
VIC1,2026/07/19 16:40:00,5957.03,80.50,TRADE
VIC1,2026/07/19 16:45:00,6090.84,80.50,TRADE
VIC1,2026/07/19 16:50:00,6262.18,81.35,TRADE
VIC1,2026/07/19 16:55:00,6312.54,81.40,TRADE
VIC1,2026/07/19 17:00:00,6465.19,82.94,TRADE
VIC1,2026/07/19 17:05:00,6550.49,82.45,TRADE
VIC1,2026/07/19 17:10:00,6689.13,85.42,TRADE
VIC1,2026/07/19 17:15:00,6751.67,85.64,TRADE
VIC1,2026/07/19 17:20:00,6842.71,86.39,TRADE
VIC1,2026/07/19 17:25:00,6879.09,84.49,TRADE
VIC1,2026/07/19 17:30:00,6979.64,88.74,TRADE
VIC1,2026/07/19 17:35:00,7051.76,86.65,TRADE
VIC1,2026/07/19 17:40:00,7113.07,72.48,TRADE
VIC1,2026/07/19 17:45:00,7279.7,72.48,TRADE
VIC1,2026/07/19 17:50:00,7360.48,99.48,TRADE
VIC1,2026/07/19 17:55:00,7394.97,88.74,TRADE
VIC1,2026/07/19 18:00:00,7472.29,88.74,TRADE
VIC1,2026/07/19 18:05:00,7392.77,88.47,TRADE
VIC1,2026/07/19 18:10:00,7406.88,72.48,TRADE
VIC1,2026/07/19 18:15:00,7474.31,88.74,TRADE
VIC1,2026/07/19 18:20:00,7465.08,72.48,TRADE
VIC1,2026/07/19 18:25:00,7485.76,72.48,TRADE
VIC1,2026/07/19 18:30:00,7452.38,72.48,TRADE
VIC1,2026/07/19 18:35:00,7466.27,72.48,TRADE
VIC1,2026/07/19 18:40:00,7832.64,72.48,TRADE
VIC1,2026/07/19 18:45:00,7429.96,81.22,TRADE
VIC1,2026/07/19 18:50:00,7360.41,33.28,TRADE
VIC1,2026/07/19 18:55:00,7408.22,33.28,TRADE
VIC1,2026/07/19 19:00:00,7418.42,72.48,TRADE
VIC1,2026/07/19 19:05:00,7327.97,79.28,TRADE
VIC1,2026/07/19 19:10:00,7378.99,72.48,TRADE
VIC1,2026/07/19 19:15:00,7337.94,33.28,TRADE
VIC1,2026/07/19 19:20:00,7344.65,33.28,TRADE
VIC1,2026/07/19 19:25:00,7306.33,33.28,TRADE
VIC1,2026/07/19 19:30:00,7198.52,72.48,TRADE
VIC1,2026/07/19 19:35:00,7264.97,72.48,TRADE
VIC1,2026/07/19 19:40:00,7247.86,72.48,TRADE
VIC1,2026/07/19 19:45:00,7250.87,72.48,TRADE
VIC1,2026/07/19 19:50:00,7240.83,72.48,TRADE
VIC1,2026/07/19 19:55:00,7222.12,71.97,TRADE
VIC1,2026/07/19 20:00:00,7207.43,86.52,TRADE
VIC1,2026/07/19 20:05:00,7080.72,33.28,TRADE
VIC1,2026/07/19 20:10:00,7098.94,88.74,TRADE
VIC1,2026/07/19 20:15:00,7098.77,91.34,TRADE
VIC1,2026/07/19 20:20:00,7079.06,80.61,TRADE
VIC1,2026/07/19 20:25:00,7054.96,78.78,TRADE
VIC1,2026/07/19 20:30:00,7070.94,75.74,TRADE
VIC1,2026/07/19 20:35:00,7033.45,75.75,TRADE
VIC1,2026/07/19 20:40:00,7006.33,75.78,TRADE
VIC1,2026/07/19 20:45:00,6906,74.43,TRADE
VIC1,2026/07/19 20:50:00,6855.46,73.80,TRADE
VIC1,2026/07/19 20:55:00,6912.74,73.50,TRADE
VIC1,2026/07/19 21:00:00,6874.97,72.48,TRADE
VIC1,2026/07/19 21:05:00,6811.45,74.38,TRADE
VIC1,2026/07/19 21:10:00,6812.35,72.60,TRADE
VIC1,2026/07/19 21:15:00,6767.81,72.48,TRADE
VIC1,2026/07/19 21:20:00,6748.02,72.48,TRADE
VIC1,2026/07/19 21:25:00,6598.21,62.63,TRADE
VIC1,2026/07/19 21:30:00,6543.46,60.09,TRADE
VIC1,2026/07/19 21:35:00,6577.58,64.93,TRADE
VIC1,2026/07/19 21:40:00,6517.61,66.31,TRADE
VIC1,2026/07/19 21:45:00,6413.6,69.43,TRADE
VIC1,2026/07/19 21:50:00,6448.03,66.65,TRADE
VIC1,2026/07/19 21:55:00,6387.25,64.01,TRADE
VIC1,2026/07/19 22:00:00,6345.3,59.72,TRADE
VIC1,2026/07/19 22:05:00,6268.79,64.39,TRADE
VIC1,2026/07/19 22:10:00,6189.72,73.76,TRADE
VIC1,2026/07/19 22:15:00,6194.4,71.75,TRADE
VIC1,2026/07/19 22:20:00,6086.5,31.48,TRADE
VIC1,2026/07/19 22:25:00,6129.37,71.67,TRADE
VIC1,2026/07/19 22:30:00,6022.6,20.68,TRADE
VIC1,2026/07/19 22:35:00,6044.95,73.27,TRADE
VIC1,2026/07/19 22:40:00,6029.54,71.30,TRADE
VIC1,2026/07/19 22:45:00,5982.83,35.19,TRADE
VIC1,2026/07/19 22:50:00,5947.79,35.19,TRADE
VIC1,2026/07/19 22:55:00,5824.75,11.06,TRADE
VIC1,2026/07/19 23:00:00,5901.07,35.19,TRADE
VIC1,2026/07/19 23:05:00,5887.96,14.17,TRADE
VIC1,2026/07/19 23:10:00,5875.24,11.06,TRADE
VIC1,2026/07/19 23:15:00,5998.39,35.19,TRADE
VIC1,2026/07/19 23:20:00,5873.42,35.19,TRADE
VIC1,2026/07/19 23:25:00,5843.73,35.19,TRADE
VIC1,2026/07/19 23:30:00,5931.59,11.06,TRADE
VIC1,2026/07/19 23:35:00,5908.97,11.06,TRADE
VIC1,2026/07/19 23:40:00,5771.55,35.19,TRADE
VIC1,2026/07/19 23:45:00,5740.84,35.19,TRADE
VIC1,2026/07/19 23:50:00,5766.51,10.65,TRADE
VIC1,2026/07/19 23:55:00,5697.04,10.65,TRADE
VIC1,2026/07/20 00:00:00,5728.73,11.06,TRADE
VIC1,2026/07/20 00:05:00,5731.26,11.61,TRADE
VIC1,2026/07/20 00:10:00,5732.07,55.04,TRADE
VIC1,2026/07/20 00:15:00,5708.02,19.18,TRADE
VIC1,2026/07/20 00:20:00,5686.22,9.65,TRADE
VIC1,2026/07/20 00:25:00,5579.78,11.68,TRADE
VIC1,2026/07/20 00:30:00,5582.89,10.65,TRADE
VIC1,2026/07/20 00:35:00,5574.68,19.18,TRADE
VIC1,2026/07/20 00:40:00,5448.95,20.68,TRADE
VIC1,2026/07/20 00:45:00,5518.04,11.06,TRADE
VIC1,2026/07/20 00:50:00,5470.98,35.19,TRADE
VIC1,2026/07/20 00:55:00,5454.23,19.18,TRADE
VIC1,2026/07/20 01:00:00,5427.94,11.68,TRADE
VIC1,2026/07/20 01:05:00,5335.85,11.68,TRADE
VIC1,2026/07/20 01:10:00,5353.23,24.82,TRADE
VIC1,2026/07/20 01:15:00,5360.83,20.68,TRADE
VIC1,2026/07/20 01:20:00,5322.5,11.68,TRADE
VIC1,2026/07/20 01:25:00,5297.09,19.18,TRADE
VIC1,2026/07/20 01:30:00,5282.58,19.18,TRADE
VIC1,2026/07/20 01:35:00,5234.65,20.68,TRADE
VIC1,2026/07/20 01:40:00,5224.08,35.19,TRADE
VIC1,2026/07/20 01:45:00,5122.37,19.18,TRADE
VIC1,2026/07/20 01:50:00,5083.24,11.06,TRADE
VIC1,2026/07/20 01:55:00,5062.32,35.19,TRADE
VIC1,2026/07/20 02:00:00,5120.32,19.18,TRADE
VIC1,2026/07/20 02:05:00,5038.84,10.65,TRADE
VIC1,2026/07/20 02:10:00,5075.07,11.06,TRADE
VIC1,2026/07/20 02:15:00,5067.74,11.68,TRADE
VIC1,2026/07/20 02:20:00,5082.59,11.06,TRADE
VIC1,2026/07/20 02:25:00,5070.48,10.50,TRADE
VIC1,2026/07/20 02:30:00,4957.25,10.50,TRADE
VIC1,2026/07/20 02:35:00,5000.18,11.06,TRADE
VIC1,2026/07/20 02:40:00,4978.12,10.50,TRADE
VIC1,2026/07/20 02:45:00,4923.8,10.50,TRADE
VIC1,2026/07/20 02:50:00,4948.72,10.50,TRADE
VIC1,2026/07/20 02:55:00,4912.82,9.48,TRADE
VIC1,2026/07/20 03:00:00,4987.63,10.50,TRADE
VIC1,2026/07/20 03:05:00,4982.94,10.65,TRADE
VIC1,2026/07/20 03:10:00,4922.67,10.50,TRADE
VIC1,2026/07/20 03:15:00,4905.13,10.50,TRADE
VIC1,2026/07/20 03:20:00,4905,10.50,TRADE
VIC1,2026/07/20 03:25:00,4877.13,8.94,TRADE
VIC1,2026/07/20 03:30:00,4921.27,10.50,TRADE
VIC1,2026/07/20 03:35:00,4918.87,10.50,TRADE
VIC1,2026/07/20 03:40:00,4888.99,10.50,TRADE
VIC1,2026/07/20 03:45:00,4923.79,10.50,TRADE
VIC1,2026/07/20 03:50:00,4915.51,10.50,TRADE
VIC1,2026/07/20 03:55:00,4947.43,10.65,TRADE
VIC1,2026/07/20 04:00:00,4942.73,8.94,TRADE
VIC1,2026/07/20 04:05:00,4888.65,8.94,TRADE
VIC1,2026/07/20 04:10:00,4962.3,10.50,TRADE
VIC1,2026/07/20 04:15:00,4926.72,10.50,TRADE
VIC1,2026/07/20 04:20:00,4912.48,10.50,TRADE
VIC1,2026/07/20 04:25:00,4999.6,10.66,TRADE
VIC1,2026/07/20 04:30:00,4991.31,13.74,TRADE
VIC1,2026/07/20 04:35:00,5037.2,37.33,TRADE
VIC1,2026/07/20 04:40:00,5084.32,52.89,TRADE
VIC1,2026/07/20 04:45:00,5059.92,57.71,TRADE
VIC1,2026/07/20 04:50:00,5134.78,59.58,TRADE
VIC1,2026/07/20 04:55:00,5187.74,62.23,TRADE
VIC1,2026/07/20 05:00:00,5218.49,62.53,TRADE
VIC1,2026/07/20 05:05:00,5311.23,60.95,TRADE
VIC1,2026/07/20 05:10:00,5442.82,70.42,TRADE
VIC1,2026/07/20 05:15:00,5493.81,73.02,TRADE
VIC1,2026/07/20 05:20:00,5540.69,70.42,TRADE
VIC1,2026/07/20 05:25:00,5518.95,68.13,TRADE
VIC1,2026/07/20 05:30:00,5645.2,72.42,TRADE
VIC1,2026/07/20 05:35:00,5711.49,73,TRADE
VIC1,2026/07/20 05:40:00,5761.82,74.81,TRADE
VIC1,2026/07/20 05:45:00,5863.43,77.34,TRADE
VIC1,2026/07/20 05:50:00,5927.45,75.89,TRADE
VIC1,2026/07/20 05:55:00,5965.3,78.06,TRADE
VIC1,2026/07/20 06:00:00,6044.14,81.37,TRADE
VIC1,2026/07/20 06:05:00,6078.91,61.16,TRADE
VIC1,2026/07/20 06:10:00,6209.34,72.46,TRADE
VIC1,2026/07/20 06:15:00,6388.23,74.23,TRADE
VIC1,2026/07/20 06:20:00,6502.17,75.54,TRADE
VIC1,2026/07/20 06:25:00,6606.94,75.59,TRADE
VIC1,2026/07/20 06:30:00,6683.05,78.12,TRADE
VIC1,2026/07/20 06:35:00,6811.31,77.67,TRADE
VIC1,2026/07/20 06:40:00,6936.98,79.32,TRADE
VIC1,2026/07/20 06:45:00,6970.53,85.10,TRADE
VIC1,2026/07/20 06:50:00,7043.95,87.67,TRADE
VIC1,2026/07/20 06:55:00,7208.88,88.74,TRADE
VIC1,2026/07/20 07:00:00,7314.99,88.74,TRADE
VIC1,2026/07/20 07:05:00,7385.96,82.68,TRADE
VIC1,2026/07/20 07:10:00,7470.54,89,TRADE
VIC1,2026/07/20 07:15:00,7643.5,91.14,TRADE
VIC1,2026/07/20 07:20:00,7783.46,90.89,TRADE
VIC1,2026/07/20 07:25:00,7878.3,107.30,TRADE
VIC1,2026/07/20 07:30:00,7890.36,95.96,TRADE
VIC1,2026/07/20 07:35:00,7975.44,92.90,TRADE
VIC1,2026/07/20 07:40:00,8077.25,96.59,TRADE
VIC1,2026/07/20 07:45:00,8173.74,96.04,TRADE
VIC1,2026/07/20 07:50:00,8257.16,88.74,TRADE
VIC1,2026/07/20 07:55:00,8190.59,96.55,TRADE
VIC1,2026/07/20 08:00:00,8241.36,109.55,TRADE
VIC1,2026/07/20 08:05:00,8260.67,109.91,TRADE
VIC1,2026/07/20 08:10:00,8211.82,89.03,TRADE
VIC1,2026/07/20 08:15:00,8223.42,98.37,TRADE
VIC1,2026/07/20 08:20:00,8116.81,88.74,TRADE
VIC1,2026/07/20 08:25:00,8123.59,101.56,TRADE
VIC1,2026/07/20 08:30:00,7956.46,76.36,TRADE
VIC1,2026/07/20 08:35:00,7955.49,89,TRADE
VIC1,2026/07/20 08:40:00,7963.1,88.74,TRADE
VIC1,2026/07/20 08:45:00,7888.37,87.67,TRADE
VIC1,2026/07/20 08:50:00,7848.88,77.75,TRADE
VIC1,2026/07/20 08:55:00,7797.77,77.66,TRADE
VIC1,2026/07/20 09:00:00,7807.17,72.48,TRADE
VIC1,2026/07/20 09:05:00,7689.91,73.37,TRADE
VIC1,2026/07/20 09:10:00,7657.83,73.44,TRADE
VIC1,2026/07/20 09:15:00,7635.56,55.06,TRADE
VIC1,2026/07/20 09:20:00,7628.67,62.64,TRADE
VIC1,2026/07/20 09:25:00,7492.45,72.62,TRADE
VIC1,2026/07/20 09:30:00,7362.41,46.87,TRADE
VIC1,2026/07/20 09:35:00,7260.24,39.42,TRADE
VIC1,2026/07/20 09:40:00,7237.35,76.66,TRADE
VIC1,2026/07/20 09:45:00,7116.69,70.71,TRADE
VIC1,2026/07/20 09:50:00,7088.64,79.88,TRADE
VIC1,2026/07/20 09:55:00,7001.67,53.75,TRADE
VIC1,2026/07/20 10:00:00,6992.43,53.35,TRADE
VIC1,2026/07/20 10:05:00,6941.11,53.25,TRADE
VIC1,2026/07/20 10:10:00,6926.96,63.98,TRADE
VIC1,2026/07/20 10:15:00,6859.15,52.80,TRADE
VIC1,2026/07/20 10:20:00,6819.38,53.08,TRADE
VIC1,2026/07/20 10:25:00,6676.56,50.71,TRADE
VIC1,2026/07/20 10:30:00,6591.6,50.63,TRADE
VIC1,2026/07/20 10:35:00,6602.49,52.24,TRADE
VIC1,2026/07/20 10:40:00,6505.06,63.96,TRADE
VIC1,2026/07/20 10:45:00,6266.01,50.97,TRADE
VIC1,2026/07/20 10:50:00,6180.03,53.69,TRADE
VIC1,2026/07/20 10:55:00,6194.01,65.83,TRADE
VIC1,2026/07/20 11:00:00,6114.19,52.24,TRADE
VIC1,2026/07/20 11:05:00,6016.79,50.58,TRADE
VIC1,2026/07/20 11:10:00,6264.45,67.86,TRADE
VIC1,2026/07/20 11:15:00,6199.66,69.59,TRADE
VIC1,2026/07/20 11:20:00,6209.85,67.26,TRADE
VIC1,2026/07/20 11:25:00,6150,55.47,TRADE
VIC1,2026/07/20 11:30:00,6002.08,66.53,TRADE
VIC1,2026/07/20 11:35:00,5988.55,65.74,TRADE
VIC1,2026/07/20 11:40:00,5921,59.43,TRADE
VIC1,2026/07/20 11:45:00,5791.43,49.05,TRADE
VIC1,2026/07/20 11:50:00,5800.83,53.16,TRADE
VIC1,2026/07/20 11:55:00,5801.7,48.62,TRADE
VIC1,2026/07/20 12:00:00,5779.89,62.83,TRADE
VIC1,2026/07/20 12:05:00,5749.96,70.42,TRADE
VIC1,2026/07/20 12:10:00,5598.04,50.19,TRADE
VIC1,2026/07/20 12:15:00,5570.7,43.03,TRADE
VIC1,2026/07/20 12:20:00,5591.61,60.16,TRADE
VIC1,2026/07/20 12:25:00,5566.3,60.16,TRADE
VIC1,2026/07/20 12:30:00,5612.83,52.42,TRADE
VIC1,2026/07/20 12:35:00,5686.39,40.88,TRADE
VIC1,2026/07/20 12:40:00,5687.77,64.15,TRADE
VIC1,2026/07/20 12:45:00,5641.64,32.46,TRADE
VIC1,2026/07/20 12:50:00,5737.55,39.42,TRADE
VIC1,2026/07/20 12:55:00,5710.52,56.85,TRADE
VIC1,2026/07/20 13:00:00,5602.92,46.38,TRADE
VIC1,2026/07/20 13:05:00,5510.05,35.94,TRADE
VIC1,2026/07/20 13:10:00,5590.97,35.94,TRADE
VIC1,2026/07/20 13:15:00,5631.35,41.74,TRADE
VIC1,2026/07/20 13:20:00,5677.99,47.43,TRADE
VIC1,2026/07/20 13:25:00,5660.44,40.47,TRADE
VIC1,2026/07/20 13:30:00,5691.87,47.94,TRADE
VIC1,2026/07/20 13:35:00,5685.54,50.33,TRADE
VIC1,2026/07/20 13:40:00,5643.54,50.45,TRADE
VIC1,2026/07/20 13:45:00,5541.24,52.46,TRADE
VIC1,2026/07/20 13:50:00,5563.76,44.58,TRADE
VIC1,2026/07/20 13:55:00,5615.48,42.01,TRADE
VIC1,2026/07/20 14:00:00,5619.41,35.19,TRADE
VIC1,2026/07/20 14:05:00,5600.87,44.17,TRADE
VIC1,2026/07/20 14:10:00,5505.97,42,TRADE
VIC1,2026/07/20 14:15:00,5607.42,35.19,TRADE
VIC1,2026/07/20 14:20:00,5629.44,46.80,TRADE
VIC1,2026/07/20 14:25:00,5563.7,42.60,TRADE
VIC1,2026/07/20 14:30:00,5514.67,40.81,TRADE
VIC1,2026/07/20 14:35:00,5486.65,35.94,TRADE
VIC1,2026/07/20 14:40:00,5487.08,38.59,TRADE
VIC1,2026/07/20 14:45:00,5508.55,37.64,TRADE
VIC1,2026/07/20 14:50:00,5536.95,45.28,TRADE
VIC1,2026/07/20 14:55:00,5723.38,43.44,TRADE
VIC1,2026/07/20 15:00:00,5755.69,44.83,TRADE
VIC1,2026/07/20 15:05:00,5904.77,38.69,TRADE
VIC1,2026/07/20 15:10:00,5953.41,70.24,TRADE
VIC1,2026/07/20 15:15:00,6071.51,71.86,TRADE
VIC1,2026/07/20 15:20:00,6196.7,72.48,TRADE
VIC1,2026/07/20 15:25:00,6156.64,72.18,TRADE
VIC1,2026/07/20 15:30:00,6242.74,77.95,TRADE
VIC1,2026/07/20 15:35:00,6273.1,92.32,TRADE
VIC1,2026/07/20 15:40:00,6264.99,91.35,TRADE
VIC1,2026/07/20 15:45:00,6391.53,91.35,TRADE
VIC1,2026/07/20 15:50:00,6426.76,91.35,TRADE
VIC1,2026/07/20 15:55:00,6548.98,94.54,TRADE
VIC1,2026/07/20 16:00:00,6620.23,94.54,TRADE
VIC1,2026/07/20 16:05:00,6654.63,91.35,TRADE
VIC1,2026/07/20 16:10:00,6788.13,97.77,TRADE
VIC1,2026/07/20 16:15:00,6889.26,98.66,TRADE
VIC1,2026/07/20 16:20:00,6932.68,98.85,TRADE
VIC1,2026/07/20 16:25:00,6971.68,110.40,TRADE
VIC1,2026/07/20 16:30:00,7093.31,113.32,TRADE
VIC1,2026/07/20 16:35:00,7055.97,102.38,TRADE
VIC1,2026/07/20 16:40:00,7187.15,109.14,TRADE
VIC1,2026/07/20 16:45:00,7221.07,109.12,TRADE
VIC1,2026/07/20 16:50:00,7293,104.20,TRADE
VIC1,2026/07/20 16:55:00,7437.72,108.12,TRADE
VIC1,2026/07/20 17:00:00,7562.92,110.40,TRADE
VIC1,2026/07/20 17:05:00,7615.12,109.48,TRADE
VIC1,2026/07/20 17:10:00,7619.41,105.05,TRADE
VIC1,2026/07/20 17:15:00,7724.27,102.84,TRADE
VIC1,2026/07/20 17:20:00,7824.78,109.68,TRADE
VIC1,2026/07/20 17:25:00,7914.78,109.92,TRADE
VIC1,2026/07/20 17:30:00,7898.55,117.17,TRADE
VIC1,2026/07/20 17:35:00,7999.39,109.48,TRADE
VIC1,2026/07/20 17:40:00,8081.84,106.56,TRADE
VIC1,2026/07/20 17:45:00,8116.73,109.39,TRADE
VIC1,2026/07/20 17:50:00,8227.65,109.18,TRADE
VIC1,2026/07/20 17:55:00,8296.77,113.18,TRADE
VIC1,2026/07/20 18:00:00,8290.44,114.17,TRADE
VIC1,2026/07/20 18:05:00,8298.01,115,TRADE
VIC1,2026/07/20 18:10:00,8155.51,109.48,TRADE
VIC1,2026/07/20 18:15:00,8159.35,110.56,TRADE
VIC1,2026/07/20 18:20:00,8161.4,115,TRADE
VIC1,2026/07/20 18:25:00,8238.26,114.65,TRADE
VIC1,2026/07/20 18:30:00,8235.67,112.62,TRADE
VIC1,2026/07/20 18:35:00,8226.95,113.59,TRADE
VIC1,2026/07/20 18:40:00,8152.08,109.63,TRADE
VIC1,2026/07/20 18:45:00,8136.34,110.20,TRADE
VIC1,2026/07/20 18:50:00,8081.13,99.99,TRADE
VIC1,2026/07/20 18:55:00,8172.5,109.29,TRADE
VIC1,2026/07/20 19:00:00,8123.48,106.81,TRADE
VIC1,2026/07/20 19:05:00,8103.53,109.48,TRADE
VIC1,2026/07/20 19:10:00,8081.17,99.99,TRADE
VIC1,2026/07/20 19:15:00,7942.72,98,TRADE
VIC1,2026/07/20 19:20:00,8002.13,104.46,TRADE
VIC1,2026/07/20 19:25:00,7959.45,98.83,TRADE
VIC1,2026/07/20 19:30:00,7955.05,97.97,TRADE
VIC1,2026/07/20 19:35:00,7927.08,98.30,TRADE
VIC1,2026/07/20 19:40:00,7880.41,97.63,TRADE
VIC1,2026/07/20 19:45:00,7908.72,95.23,TRADE
VIC1,2026/07/20 19:50:00,7912.49,99.80,TRADE
VIC1,2026/07/20 19:55:00,7774.46,99.48,TRADE
VIC1,2026/07/20 20:00:00,7757.69,105.56,TRADE
VIC1,2026/07/20 20:05:00,7718.1,106.24,TRADE
VIC1,2026/07/20 20:10:00,7654.92,106.02,TRADE
VIC1,2026/07/20 20:15:00,7620.85,104.12,TRADE
VIC1,2026/07/20 20:20:00,7578.37,97.35,TRADE
VIC1,2026/07/20 20:25:00,7577.45,103.74,TRADE
VIC1,2026/07/20 20:30:00,7544.13,92.62,TRADE
VIC1,2026/07/20 20:35:00,7472.5,90.79,TRADE
VIC1,2026/07/20 20:40:00,7446.37,93.91,TRADE
VIC1,2026/07/20 20:45:00,7384.26,87.49,TRADE
VIC1,2026/07/20 20:50:00,7441.31,88.21,TRADE
VIC1,2026/07/20 20:55:00,7407.65,86.84,TRADE
VIC1,2026/07/20 21:00:00,7353.75,87.47,TRADE
VIC1,2026/07/20 21:05:00,7246.55,90.55,TRADE
VIC1,2026/07/20 21:10:00,7255.13,91.78,TRADE
VIC1,2026/07/20 21:15:00,7241.8,88.08,TRADE
VIC1,2026/07/20 21:20:00,7180.14,86.58,TRADE
VIC1,2026/07/20 21:25:00,7121.27,85.85,TRADE
VIC1,2026/07/20 21:30:00,7001.48,83.71,TRADE
VIC1,2026/07/20 21:35:00,6941.75,86.92,TRADE
VIC1,2026/07/20 21:40:00,6870.01,84.28,TRADE
VIC1,2026/07/20 21:45:00,6853.87,83.58,TRADE
VIC1,2026/07/20 21:50:00,6838.72,80.41,TRADE
VIC1,2026/07/20 21:55:00,6666.32,76.67,TRADE
VIC1,2026/07/20 22:00:00,6694.29,77.83,TRADE
VIC1,2026/07/20 22:05:00,6611.51,80.41,TRADE
VIC1,2026/07/20 22:10:00,6482.21,80.41,TRADE
VIC1,2026/07/20 22:15:00,6474.89,80.41,TRADE
VIC1,2026/07/20 22:20:00,6480.43,80.50,TRADE
VIC1,2026/07/20 22:25:00,6446.77,79.90,TRADE
VIC1,2026/07/20 22:30:00,6308.54,76.87,TRADE
VIC1,2026/07/20 22:35:00,6268.2,78.65,TRADE
VIC1,2026/07/20 22:40:00,6295.36,80.41,TRADE
VIC1,2026/07/20 22:45:00,6172.67,74.73,TRADE
VIC1,2026/07/20 22:50:00,6224.4,77.72,TRADE
VIC1,2026/07/20 22:55:00,6153.61,70.61,TRADE
VIC1,2026/07/20 23:00:00,6125.84,70.37,TRADE
VIC1,2026/07/20 23:05:00,6157.9,77.53,TRADE
VIC1,2026/07/20 23:10:00,6207.8,80.50,TRADE
VIC1,2026/07/20 23:15:00,6213.34,80.50,TRADE
VIC1,2026/07/20 23:20:00,6145.31,74.95,TRADE
VIC1,2026/07/20 23:25:00,6135.62,71.56,TRADE
VIC1,2026/07/20 23:30:00,6171.75,83.42,TRADE
VIC1,2026/07/20 23:35:00,6139.99,80.50,TRADE
VIC1,2026/07/20 23:40:00,6101.19,80.50,TRADE
VIC1,2026/07/20 23:45:00,6039.58,79.99,TRADE
VIC1,2026/07/20 23:50:00,5999.28,72.11,TRADE
VIC1,2026/07/20 23:55:00,5957.21,80.50,TRADE
VIC1,2026/07/21 00:00:00,5831.19,72.67,TRADE
VIC1,2026/07/21 00:05:00,5859.11,71.35,TRADE
VIC1,2026/07/21 00:10:00,5887.94,80.50,TRADE
VIC1,2026/07/21 00:15:00,5877.3,80.50,TRADE
VIC1,2026/07/21 00:20:00,5823.5,54.36,TRADE
VIC1,2026/07/21 00:25:00,5834.26,55.90,TRADE
VIC1,2026/07/21 00:30:00,5829.87,82.02,TRADE
VIC1,2026/07/21 00:35:00,5698.7,73.83,TRADE
VIC1,2026/07/21 00:40:00,5785.89,74.56,TRADE
VIC1,2026/07/21 00:45:00,5667.87,74.52,TRADE
VIC1,2026/07/21 00:50:00,5644.54,79.22,TRADE
VIC1,2026/07/21 00:55:00,5623.71,75.63,TRADE
VIC1,2026/07/21 01:00:00,5668.84,76.22,TRADE
VIC1,2026/07/21 01:05:00,5655,78.06,TRADE
VIC1,2026/07/21 01:10:00,5561.62,76.76,TRADE
VIC1,2026/07/21 01:15:00,5583.45,78.58,TRADE
VIC1,2026/07/21 01:20:00,5583.9,78.58,TRADE
VIC1,2026/07/21 01:25:00,5568.73,79.19,TRADE
VIC1,2026/07/21 01:30:00,5550.84,77.94,TRADE
VIC1,2026/07/21 01:35:00,5417.65,79.05,TRADE
VIC1,2026/07/21 01:40:00,5444.2,79.76,TRADE
VIC1,2026/07/21 01:45:00,5443.17,78.27,TRADE
VIC1,2026/07/21 01:50:00,5333.59,77.79,TRADE
VIC1,2026/07/21 01:55:00,5395.14,79.73,TRADE
VIC1,2026/07/21 02:00:00,5397.26,78.50,TRADE
VIC1,2026/07/21 02:05:00,5373.01,82.96,TRADE
VIC1,2026/07/21 02:10:00,5393.58,85.72,TRADE
VIC1,2026/07/21 02:15:00,5272.67,79.23,TRADE
VIC1,2026/07/21 02:20:00,5270.98,78.30,TRADE
VIC1,2026/07/21 02:25:00,5271.58,82.08,TRADE
VIC1,2026/07/21 02:30:00,5262.81,81.42,TRADE
VIC1,2026/07/21 02:35:00,5303.38,80.50,TRADE
VIC1,2026/07/21 02:40:00,5284.1,78.47,TRADE
VIC1,2026/07/21 02:45:00,5218.52,83.49,TRADE
VIC1,2026/07/21 02:50:00,5277.96,83.46,TRADE
VIC1,2026/07/21 02:55:00,5260.46,80.14,TRADE
VIC1,2026/07/21 03:00:00,5224.12,80.79,TRADE
VIC1,2026/07/21 03:05:00,5217.26,79.78,TRADE
VIC1,2026/07/21 03:10:00,5138.27,79.72,TRADE
VIC1,2026/07/21 03:15:00,5214.25,90.41,TRADE
VIC1,2026/07/21 03:20:00,5112.67,77.65,TRADE
VIC1,2026/07/21 03:25:00,5141.29,76.47,TRADE
VIC1,2026/07/21 03:30:00,5191.9,84.39,TRADE
VIC1,2026/07/21 03:35:00,5111.71,82.54,TRADE
VIC1,2026/07/21 03:40:00,5200.75,83.80,TRADE
VIC1,2026/07/21 03:45:00,5199.91,83.81,TRADE
VIC1,2026/07/21 03:50:00,5214.63,85.94,TRADE
VIC1,2026/07/21 03:55:00,5210.06,83.80,TRADE
VIC1,2026/07/21 04:00:00,5135.09,78.74,TRADE
VIC1,2026/07/21 04:05:00,5204.03,90.45,TRADE
VIC1,2026/07/21 04:10:00,5216.29,80.50,TRADE
VIC1,2026/07/21 04:15:00,5160.22,80.50,TRADE
VIC1,2026/07/21 04:20:00,5208.31,84.57,TRADE
VIC1,2026/07/21 04:25:00,5276.33,83.75,TRADE
VIC1,2026/07/21 04:30:00,5261.89,83.90,TRADE
VIC1,2026/07/21 04:35:00,5285.8,90.69,TRADE
VIC1,2026/07/21 04:40:00,5331.56,91.48,TRADE
VIC1,2026/07/21 04:45:00,5265.09,91.48,TRADE
VIC1,2026/07/21 04:50:00,5328.05,94.12,TRADE
VIC1,2026/07/21 04:55:00,5377.7,92.59,TRADE
VIC1,2026/07/21 05:00:00,5326.47,91.48,TRADE
VIC1,2026/07/21 05:05:00,5449.65,91.48,TRADE
VIC1,2026/07/21 05:10:00,5487.06,92.65,TRADE
VIC1,2026/07/21 05:15:00,5578.64,108.61,TRADE
VIC1,2026/07/21 05:20:00,5614.13,108.57,TRADE
VIC1,2026/07/21 05:25:00,5578.11,95.93,TRADE
VIC1,2026/07/21 05:30:00,5665.93,107.62,TRADE
VIC1,2026/07/21 05:35:00,5625.31,98.02,TRADE
VIC1,2026/07/21 05:40:00,5737.03,92.05,TRADE
VIC1,2026/07/21 05:45:00,5800.66,103.82,TRADE
VIC1,2026/07/21 05:50:00,5882.03,109.91,TRADE
VIC1,2026/07/21 05:55:00,5957.58,104.79,TRADE
VIC1,2026/07/21 06:00:00,6047.68,110.40,TRADE
VIC1,2026/07/21 06:05:00,6058.19,101.64,TRADE
VIC1,2026/07/21 06:10:00,6209.16,102.45,TRADE
VIC1,2026/07/21 06:15:00,6398.16,106.54,TRADE
VIC1,2026/07/21 06:20:00,6489.09,108.52,TRADE
VIC1,2026/07/21 06:25:00,6594.33,108.51,TRADE
VIC1,2026/07/21 06:30:00,6611.78,105.88,TRADE
VIC1,2026/07/21 06:35:00,6731.79,113.98,TRADE
VIC1,2026/07/21 06:40:00,6897.4,117.55,TRADE
VIC1,2026/07/21 06:45:00,6993.51,124,TRADE
VIC1,2026/07/21 06:50:00,7095.13,123.33,TRADE
VIC1,2026/07/21 06:55:00,7142.72,111.67,TRADE
VIC1,2026/07/21 07:00:00,7333.06,135.68,TRADE
VIC1,2026/07/21 07:05:00,7381.65,124,TRADE
VIC1,2026/07/21 07:10:00,7485.08,132.87,TRADE
VIC1,2026/07/21 07:15:00,7585.29,151.73,TRADE
VIC1,2026/07/21 07:20:00,7674.13,158.31,TRADE
VIC1,2026/07/21 07:25:00,7688.86,157.68,TRADE
VIC1,2026/07/21 07:30:00,7833.63,164.01,TRADE
VIC1,2026/07/21 07:35:00,7890.93,187.55,TRADE
VIC1,2026/07/21 07:40:00,7876.27,137.48,TRADE
VIC1,2026/07/21 07:45:00,8052.49,158.06,TRADE
VIC1,2026/07/21 07:50:00,8085.55,140.11,TRADE
VIC1,2026/07/21 07:55:00,8126.32,141.17,TRADE
VIC1,2026/07/21 08:00:00,8042.62,159.85,TRADE
VIC1,2026/07/21 08:05:00,8034.27,167.68,TRADE
VIC1,2026/07/21 08:10:00,8071.55,171.94,TRADE
VIC1,2026/07/21 08:15:00,8093.87,144.10,TRADE
VIC1,2026/07/21 08:20:00,8026.84,131.34,TRADE
VIC1,2026/07/21 08:25:00,8017.4,125.68,TRADE
VIC1,2026/07/21 08:30:00,7975.11,123.25,TRADE
VIC1,2026/07/21 08:35:00,7940.95,135.68,TRADE
VIC1,2026/07/21 08:40:00,7928.82,109.48,TRADE
VIC1,2026/07/21 08:45:00,7881.89,105.89,TRADE
VIC1,2026/07/21 08:50:00,7837.3,110.40,TRADE
VIC1,2026/07/21 08:55:00,7810.97,110.40,TRADE
VIC1,2026/07/21 09:00:00,7797.39,109.48,TRADE
VIC1,2026/07/21 09:05:00,7675.49,105.89,TRADE
VIC1,2026/07/21 09:10:00,7643.98,94.20,TRADE
VIC1,2026/07/21 09:15:00,7608,86.83,TRADE
VIC1,2026/07/21 09:20:00,7536.26,80.50,TRADE
VIC1,2026/07/21 09:25:00,7464.92,80.41,TRADE
VIC1,2026/07/21 09:30:00,7375.38,54.50,TRADE
VIC1,2026/07/21 09:35:00,7163.57,88.15,TRADE
VIC1,2026/07/21 09:40:00,7098,93.05,TRADE
VIC1,2026/07/21 09:45:00,6963.36,89.99,TRADE
VIC1,2026/07/21 09:50:00,6819.87,91.48,TRADE
VIC1,2026/07/21 09:55:00,6684.66,75.39,TRADE
VIC1,2026/07/21 10:00:00,6624.2,71.54,TRADE
VIC1,2026/07/21 10:05:00,6540.81,85.24,TRADE
VIC1,2026/07/21 10:10:00,6603.65,94.54,TRADE
VIC1,2026/07/21 10:15:00,6545.72,92.84,TRADE
VIC1,2026/07/21 10:20:00,6474.2,95.67,TRADE
VIC1,2026/07/21 10:25:00,6442.55,94.54,TRADE
VIC1,2026/07/21 10:30:00,6258.71,69.90,TRADE
VIC1,2026/07/21 10:35:00,6268.51,91.48,TRADE
VIC1,2026/07/21 10:40:00,6204.06,77.13,TRADE
VIC1,2026/07/21 10:45:00,6066.42,70.42,TRADE
VIC1,2026/07/21 10:50:00,6107.27,74.35,TRADE
VIC1,2026/07/21 10:55:00,6015.05,70.42,TRADE
VIC1,2026/07/21 11:00:00,5895.89,68.01,TRADE
VIC1,2026/07/21 11:05:00,5934.5,74.59,TRADE
VIC1,2026/07/21 11:10:00,6078.29,80.50,TRADE
VIC1,2026/07/21 11:15:00,6074.94,73.53,TRADE
VIC1,2026/07/21 11:20:00,6046.16,74.47,TRADE
VIC1,2026/07/21 11:25:00,5888.08,68,TRADE
VIC1,2026/07/21 11:30:00,5888.86,63.27,TRADE
VIC1,2026/07/21 11:35:00,5826.74,62.63,TRADE
VIC1,2026/07/21 11:40:00,5718.37,70.90,TRADE
VIC1,2026/07/21 11:45:00,5728.41,53.35,TRADE
VIC1,2026/07/21 11:50:00,5719.31,60.39,TRADE
VIC1,2026/07/21 11:55:00,5630.97,51.89,TRADE
VIC1,2026/07/21 12:00:00,5695.45,53.28,TRADE
VIC1,2026/07/21 12:05:00,5639.15,68.71,TRADE
VIC1,2026/07/21 12:10:00,5615.58,66.76,TRADE
VIC1,2026/07/21 12:15:00,5600.99,59.14,TRADE
VIC1,2026/07/21 12:20:00,5631.54,52.74,TRADE
VIC1,2026/07/21 12:25:00,5628.66,56.76,TRADE
VIC1,2026/07/21 12:30:00,5726.32,57.43,TRADE
VIC1,2026/07/21 12:35:00,5697.16,66.82,TRADE
VIC1,2026/07/21 12:40:00,5594.21,64.61,TRADE
VIC1,2026/07/21 12:45:00,5640.67,60.16,TRADE
VIC1,2026/07/21 12:50:00,5664.61,57.12,TRADE
VIC1,2026/07/21 12:55:00,5710.66,58.99,TRADE
VIC1,2026/07/21 13:00:00,5660.52,60.02,TRADE
VIC1,2026/07/21 13:05:00,5695.58,54.14,TRADE
VIC1,2026/07/21 13:10:00,5739.02,62.92,TRADE
VIC1,2026/07/21 13:15:00,5691.66,53.16,TRADE
VIC1,2026/07/21 13:20:00,5801.47,64,TRADE
VIC1,2026/07/21 13:25:00,5865.57,62.23,TRADE
VIC1,2026/07/21 13:30:00,5880.86,62.91,TRADE
VIC1,2026/07/21 13:35:00,6015.79,68.40,TRADE
VIC1,2026/07/21 13:40:00,6096.06,91.35,TRADE
VIC1,2026/07/21 13:45:00,6172.22,64,TRADE
VIC1,2026/07/21 13:50:00,6161.52,61.27,TRADE
VIC1,2026/07/21 13:55:00,6246.12,68.03,TRADE
VIC1,2026/07/21 14:00:00,6223.03,79.72,TRADE
VIC1,2026/07/21 14:05:00,6192.79,64.84,TRADE
VIC1,2026/07/21 14:10:00,6253.91,79.72,TRADE
VIC1,2026/07/21 14:15:00,6184.29,76.33,TRADE
VIC1,2026/07/21 14:20:00,6215.38,71.94,TRADE
VIC1,2026/07/21 14:25:00,6272.78,77.03,TRADE
VIC1,2026/07/21 14:30:00,6227.51,77.01,TRADE
VIC1,2026/07/21 14:35:00,6190.2,78.38,TRADE
VIC1,2026/07/21 14:40:00,6046.67,70.42,TRADE
VIC1,2026/07/21 14:45:00,6063.11,71.56,TRADE
VIC1,2026/07/21 14:50:00,6132.11,73.55,TRADE
VIC1,2026/07/21 14:55:00,6167.3,75.85,TRADE
VIC1,2026/07/21 15:00:00,6147.21,79.39,TRADE
VIC1,2026/07/21 15:05:00,6124.67,79.02,TRADE
VIC1,2026/07/21 15:10:00,6143.73,77.64,TRADE
VIC1,2026/07/21 15:15:00,6248.46,64,TRADE
VIC1,2026/07/21 15:20:00,6200.24,64,TRADE
VIC1,2026/07/21 15:25:00,6354.09,87.40,TRADE
VIC1,2026/07/21 15:30:00,6410.05,99.01,TRADE
VIC1,2026/07/21 15:35:00,6425.32,84.56,TRADE
VIC1,2026/07/21 15:40:00,6473.59,85.91,TRADE
VIC1,2026/07/21 15:45:00,6619.65,91.48,TRADE
VIC1,2026/07/21 15:50:00,6663.75,109.94,TRADE
VIC1,2026/07/21 15:55:00,6666.69,97.25,TRADE
VIC1,2026/07/21 16:00:00,6797.8,110.15,TRADE
VIC1,2026/07/21 16:05:00,6835.12,112.83,TRADE
VIC1,2026/07/21 16:10:00,6850.15,102.55,TRADE
VIC1,2026/07/21 16:15:00,6930.75,93.55,TRADE
VIC1,2026/07/21 16:20:00,6929.19,101.50,TRADE
VIC1,2026/07/21 16:25:00,6974.58,111.34,TRADE
VIC1,2026/07/21 16:30:00,7089.82,116.20,TRADE
VIC1,2026/07/21 16:35:00,7202.06,107.42,TRADE
VIC1,2026/07/21 16:40:00,7205.96,102.58,TRADE
VIC1,2026/07/21 16:45:00,7323.42,105.92,TRADE
VIC1,2026/07/21 16:50:00,7296.22,109.48,TRADE
VIC1,2026/07/21 16:55:00,7396.47,109.48,TRADE
VIC1,2026/07/21 17:00:00,7473.12,110.40,TRADE
VIC1,2026/07/21 17:05:00,7534.45,104.25,TRADE
VIC1,2026/07/21 17:10:00,7523.01,104.43,TRADE
VIC1,2026/07/21 17:15:00,7627.64,113.43,TRADE
VIC1,2026/07/21 17:20:00,7743.39,110.96,TRADE
VIC1,2026/07/21 17:25:00,7828.5,109.91,TRADE
VIC1,2026/07/21 17:30:00,7863.91,106.61,TRADE
VIC1,2026/07/21 17:35:00,7993.77,105.11,TRADE
VIC1,2026/07/21 17:40:00,8048.58,115,TRADE
VIC1,2026/07/21 17:45:00,8078.18,105.98,TRADE
VIC1,2026/07/21 17:50:00,8025.4,102.88,TRADE
VIC1,2026/07/21 17:55:00,8105.29,102.36,TRADE
VIC1,2026/07/21 18:00:00,8135.36,109.56,TRADE
VIC1,2026/07/21 18:05:00,8120.16,109.91,TRADE
VIC1,2026/07/21 18:10:00,8084.14,102.77,TRADE
VIC1,2026/07/21 18:15:00,8039.25,101.75,TRADE
VIC1,2026/07/21 18:20:00,8187.62,106.09,TRADE
VIC1,2026/07/21 18:25:00,8172.92,105.89,TRADE
VIC1,2026/07/21 18:30:00,8120.24,105.04,TRADE
VIC1,2026/07/21 18:35:00,8126.64,109.91,TRADE
VIC1,2026/07/21 18:40:00,8104.15,98.72,TRADE
VIC1,2026/07/21 18:45:00,8061.43,100.37,TRADE
VIC1,2026/07/21 18:50:00,8009.99,103.61,TRADE
VIC1,2026/07/21 18:55:00,8056.25,106.45,TRADE
VIC1,2026/07/21 19:00:00,8032.35,104.91,TRADE
VIC1,2026/07/21 19:05:00,7973,99.43,TRADE
VIC1,2026/07/21 19:10:00,7915.34,97.28,TRADE
VIC1,2026/07/21 19:15:00,7913.9,96.59,TRADE
VIC1,2026/07/21 19:20:00,7898.26,98.08,TRADE
VIC1,2026/07/21 19:25:00,7862.94,98.90,TRADE
VIC1,2026/07/21 19:30:00,7800.66,94.91,TRADE
VIC1,2026/07/21 19:35:00,7821.98,98,TRADE
VIC1,2026/07/21 19:40:00,7826.91,89.84,TRADE
VIC1,2026/07/21 19:45:00,7766.5,96.41,TRADE
VIC1,2026/07/21 19:50:00,7801.45,98.05,TRADE
VIC1,2026/07/21 19:55:00,7732.36,93.41,TRADE
VIC1,2026/07/21 20:00:00,7716.32,87.86,TRADE
VIC1,2026/07/21 20:05:00,7608.46,95.54,TRADE
VIC1,2026/07/21 20:10:00,7640.68,100.68,TRADE
VIC1,2026/07/21 20:15:00,7624.66,99.83,TRADE
VIC1,2026/07/21 20:20:00,7498.85,95.24,TRADE
VIC1,2026/07/21 20:25:00,7525.81,95.38,TRADE
VIC1,2026/07/21 20:30:00,7495.93,98.33,TRADE
VIC1,2026/07/21 20:35:00,7393.21,93.72,TRADE
VIC1,2026/07/21 20:40:00,7403.82,94.47,TRADE
VIC1,2026/07/21 20:45:00,7290.3,86.98,TRADE
VIC1,2026/07/21 20:50:00,7350.03,90.78,TRADE
VIC1,2026/07/21 20:55:00,7247.54,90.88,TRADE
VIC1,2026/07/21 21:00:00,7193.54,84.67,TRADE
VIC1,2026/07/21 21:05:00,7218.18,88.74,TRADE
VIC1,2026/07/21 21:10:00,7081.32,94.13,TRADE
VIC1,2026/07/21 21:15:00,7106.62,91.97,TRADE
VIC1,2026/07/21 21:20:00,7011.42,80.50,TRADE
VIC1,2026/07/21 21:25:00,7053.35,80.50,TRADE
VIC1,2026/07/21 21:30:00,6947.99,80.41,TRADE
VIC1,2026/07/21 21:35:00,6900.04,91.18,TRADE
VIC1,2026/07/21 21:40:00,6854.7,92.63,TRADE
VIC1,2026/07/21 21:45:00,6765.14,92.72,TRADE
VIC1,2026/07/21 21:50:00,6716.52,81.29,TRADE
VIC1,2026/07/21 21:55:00,6657.75,81.85,TRADE
VIC1,2026/07/21 22:00:00,6592.09,79.45,TRADE
VIC1,2026/07/21 22:05:00,6590.51,83.03,TRADE
VIC1,2026/07/21 22:10:00,6544.11,82.98,TRADE
VIC1,2026/07/21 22:15:00,6487.9,83.60,TRADE
VIC1,2026/07/21 22:20:00,6500.31,84.11,TRADE
VIC1,2026/07/21 22:25:00,6434.2,80.41,TRADE
VIC1,2026/07/21 22:30:00,6370.07,70.42,TRADE
VIC1,2026/07/21 22:35:00,6333.1,70.42,TRADE
VIC1,2026/07/21 22:40:00,6238.72,35.94,TRADE
VIC1,2026/07/21 22:45:00,6180.19,20.65,TRADE
VIC1,2026/07/21 22:50:00,6221.89,20.65,TRADE
VIC1,2026/07/21 22:55:00,6142.53,19.18,TRADE
VIC1,2026/07/21 23:00:00,6137.84,22.12,TRADE
VIC1,2026/07/21 23:05:00,6149.06,20.65,TRADE
VIC1,2026/07/21 23:10:00,6175.18,27.18,TRADE
VIC1,2026/07/21 23:15:00,6201,57.68,TRADE
VIC1,2026/07/21 23:20:00,6099.92,19.18,TRADE
VIC1,2026/07/21 23:25:00,6099.92,22.12,TRADE
VIC1,2026/07/21 23:30:00,6126.89,53.28,TRADE
VIC1,2026/07/21 23:35:00,6094.18,18.46,TRADE
VIC1,2026/07/21 23:40:00,5982.49,19.18,TRADE
VIC1,2026/07/21 23:45:00,5970.57,53.28,TRADE
VIC1,2026/07/21 23:50:00,5931.34,53.28,TRADE
VIC1,2026/07/21 23:55:00,5888.03,19.18,TRADE
VIC1,2026/07/22 00:00:00,5857.01,11.68,TRADE
VIC1,2026/07/22 00:05:00,5749.73,10.50,TRADE
VIC1,2026/07/22 00:10:00,5771.46,10.65,TRADE
VIC1,2026/07/22 00:15:00,5833.28,53.28,TRADE
VIC1,2026/07/22 00:20:00,5749.29,19.18,TRADE
VIC1,2026/07/22 00:25:00,5768.88,19.18,TRADE
VIC1,2026/07/22 00:30:00,5708.2,19.18,TRADE
VIC1,2026/07/22 00:35:00,5673.06,1.42,TRADE
VIC1,2026/07/22 00:40:00,5696.51,19.18,TRADE
VIC1,2026/07/22 00:45:00,5657.21,19.18,TRADE
VIC1,2026/07/22 00:50:00,5649.87,22.12,TRADE
VIC1,2026/07/22 00:55:00,5634.76,35.94,TRADE
VIC1,2026/07/22 01:00:00,5511.53,35.94,TRADE
VIC1,2026/07/22 01:05:00,5483.33,1.42,TRADE
VIC1,2026/07/22 01:10:00,5454.16,19.18,TRADE
VIC1,2026/07/22 01:15:00,5507.49,22.12,TRADE
VIC1,2026/07/22 01:20:00,5431.86,3.28,TRADE
VIC1,2026/07/22 01:25:00,5509.72,19.18,TRADE
VIC1,2026/07/22 01:30:00,5453.13,19.18,TRADE
VIC1,2026/07/22 01:35:00,5428.37,19.18,TRADE
VIC1,2026/07/22 01:40:00,5387.97,1.83,TRADE
VIC1,2026/07/22 01:45:00,5255.53,10.50,TRADE
VIC1,2026/07/22 01:50:00,5282.38,10.50,TRADE
VIC1,2026/07/22 01:55:00,5247.79,9.62,TRADE
VIC1,2026/07/22 02:00:00,5187.5,-1.10,TRADE
VIC1,2026/07/22 02:05:00,5218.18,10.50,TRADE
VIC1,2026/07/22 02:10:00,5183.45,10.40,TRADE
VIC1,2026/07/22 02:15:00,5183.46,4.61,TRADE
VIC1,2026/07/22 02:20:00,5174.73,10.50,TRADE
VIC1,2026/07/22 02:25:00,5070.86,-1.10,TRADE
VIC1,2026/07/22 02:30:00,5092.83,10.50,TRADE
VIC1,2026/07/22 02:35:00,5072.03,11.68,TRADE
VIC1,2026/07/22 02:40:00,5022.6,10.50,TRADE
VIC1,2026/07/22 02:45:00,5086.28,10.50,TRADE
VIC1,2026/07/22 02:50:00,5039.55,10.50,TRADE
VIC1,2026/07/22 02:55:00,5011.61,8.94,TRADE
VIC1,2026/07/22 03:00:00,4991.52,5.08,TRADE
VIC1,2026/07/22 03:05:00,4900.96,5.08,TRADE
VIC1,2026/07/22 03:10:00,4916.05,8.81,TRADE
VIC1,2026/07/22 03:15:00,4896.44,8.81,TRADE
VIC1,2026/07/22 03:20:00,4948.45,8.94,TRADE
VIC1,2026/07/22 03:25:00,4990.4,10.99,TRADE
VIC1,2026/07/22 03:30:00,4973.89,10.65,TRADE
VIC1,2026/07/22 03:35:00,4954.8,7.23,TRADE
VIC1,2026/07/22 03:40:00,4936.1,8.94,TRADE
VIC1,2026/07/22 03:45:00,4949.75,8.94,TRADE
VIC1,2026/07/22 03:50:00,4859.58,8.94,TRADE
VIC1,2026/07/22 03:55:00,4901.35,8.81,TRADE
VIC1,2026/07/22 04:00:00,5035.79,10.48,TRADE
VIC1,2026/07/22 04:05:00,5089.56,8.94,TRADE
VIC1,2026/07/22 04:10:00,5025.17,10.41,TRADE
VIC1,2026/07/22 04:15:00,5078.69,8.94,TRADE
VIC1,2026/07/22 04:20:00,5069.99,8.81,TRADE
VIC1,2026/07/22 04:25:00,5020.03,8.94,TRADE
VIC1,2026/07/22 04:30:00,5021.3,1.13,TRADE
VIC1,2026/07/22 04:35:00,5096.34,10.89,TRADE
VIC1,2026/07/22 04:40:00,5136.45,10.50,TRADE
VIC1,2026/07/22 04:45:00,5113.49,8.57,TRADE
VIC1,2026/07/22 04:50:00,5109.25,8.95,TRADE
VIC1,2026/07/22 04:55:00,5040.04,8.94,TRADE
VIC1,2026/07/22 05:00:00,5066.71,8.94,TRADE
VIC1,2026/07/22 05:05:00,5080.91,-1.10,TRADE
VIC1,2026/07/22 05:10:00,5134.38,0.13,TRADE
VIC1,2026/07/22 05:15:00,5214.21,0.15,TRADE
VIC1,2026/07/22 05:20:00,5250.96,0.13,TRADE
VIC1,2026/07/22 05:25:00,5275.86,0.10,TRADE
VIC1,2026/07/22 05:30:00,5330.28,0.13,TRADE
VIC1,2026/07/22 05:35:00,5368.23,0.01,TRADE
VIC1,2026/07/22 05:40:00,5480.79,-1.10,TRADE
VIC1,2026/07/22 05:45:00,5548.71,0.01,TRADE
VIC1,2026/07/22 05:50:00,5603.94,5.08,TRADE
VIC1,2026/07/22 05:55:00,5658.42,-1.10,TRADE
VIC1,2026/07/22 06:00:00,5729.67,-1.10,TRADE
VIC1,2026/07/22 06:05:00,5786.56,0.01,TRADE
VIC1,2026/07/22 06:10:00,5928.26,4.95,TRADE
VIC1,2026/07/22 06:15:00,6072.16,0.01,TRADE
VIC1,2026/07/22 06:20:00,6202.23,5.08,TRADE
VIC1,2026/07/22 06:25:00,6263.68,57.68,TRADE
VIC1,2026/07/22 06:30:00,6325.05,78.12,TRADE
VIC1,2026/07/22 06:35:00,6413.62,37.48,TRADE
VIC1,2026/07/22 06:40:00,6583.14,37.48,TRADE
VIC1,2026/07/22 06:45:00,6651.56,76.66,TRADE
VIC1,2026/07/22 06:50:00,6720.48,36.97,TRADE
VIC1,2026/07/22 06:55:00,6792.38,37.47,TRADE
VIC1,2026/07/22 07:00:00,6906.03,72.48,TRADE
VIC1,2026/07/22 07:05:00,6963.55,37.48,TRADE
VIC1,2026/07/22 07:10:00,7055.3,37.48,TRADE
VIC1,2026/07/22 07:15:00,7202.24,37.48,TRADE
VIC1,2026/07/22 07:20:00,7357.68,64.66,TRADE
VIC1,2026/07/22 07:25:00,7401.54,87.48,TRADE
VIC1,2026/07/22 07:30:00,7443,37.48,TRADE
VIC1,2026/07/22 07:35:00,7500.91,87.44,TRADE
VIC1,2026/07/22 07:40:00,7567.67,66.77,TRADE
VIC1,2026/07/22 07:45:00,7671.38,51.43,TRADE
VIC1,2026/07/22 07:50:00,7729.81,37.48,TRADE
VIC1,2026/07/22 07:55:00,7741.62,37.48,TRADE
VIC1,2026/07/22 08:00:00,7719.91,57.68,TRADE
VIC1,2026/07/22 08:05:00,7760.32,37.48,TRADE
VIC1,2026/07/22 08:10:00,7787.49,35.16,TRADE
VIC1,2026/07/22 08:15:00,7837.17,37.48,TRADE
VIC1,2026/07/22 08:20:00,7845.44,22.67,TRADE
VIC1,2026/07/22 08:25:00,7778.23,37.48,TRADE
VIC1,2026/07/22 08:30:00,7702.41,37.48,TRADE
VIC1,2026/07/22 08:35:00,7681.31,33.49,TRADE
VIC1,2026/07/22 08:40:00,7534.8,22.67,TRADE
VIC1,2026/07/22 08:45:00,7529.46,10.65,TRADE
VIC1,2026/07/22 08:50:00,7475.37,32.52,TRADE
VIC1,2026/07/22 08:55:00,7481.85,37.48,TRADE
VIC1,2026/07/22 09:00:00,7468.03,37.48,TRADE
VIC1,2026/07/22 09:05:00,7474.76,37.48,TRADE
VIC1,2026/07/22 09:10:00,7438,35.78,TRADE
VIC1,2026/07/22 09:15:00,7422.66,37.48,TRADE
VIC1,2026/07/22 09:20:00,7360.08,37.48,TRADE
VIC1,2026/07/22 09:25:00,7269.73,36.18,TRADE
VIC1,2026/07/22 09:30:00,7200.12,10.65,TRADE
VIC1,2026/07/22 09:35:00,7075.93,10.65,TRADE
VIC1,2026/07/22 09:40:00,6995.58,10.48,TRADE
VIC1,2026/07/22 09:45:00,6884.03,10.50,TRADE
VIC1,2026/07/22 09:50:00,6831.85,10.50,TRADE
VIC1,2026/07/22 09:55:00,6760.51,10.50,TRADE
VIC1,2026/07/22 10:00:00,6697.24,10.50,TRADE
VIC1,2026/07/22 10:05:00,6561.48,22.12,TRADE
VIC1,2026/07/22 10:10:00,6608.35,17.73,TRADE
VIC1,2026/07/22 10:15:00,6608.91,22.12,TRADE
VIC1,2026/07/22 10:20:00,6529.76,24.33,TRADE
VIC1,2026/07/22 10:25:00,6519.02,11.68,TRADE
VIC1,2026/07/22 10:30:00,6413.16,2.45,TRADE
VIC1,2026/07/22 10:35:00,6301.72,22.12,TRADE
VIC1,2026/07/22 10:40:00,6225.22,20.68,TRADE
VIC1,2026/07/22 10:45:00,6135.88,10.50,TRADE
VIC1,2026/07/22 10:50:00,6063.35,1.42,TRADE
VIC1,2026/07/22 10:55:00,5942.83,8.95,TRADE
VIC1,2026/07/22 11:00:00,5789.07,8.94,TRADE
VIC1,2026/07/22 11:05:00,5736.06,8.94,TRADE
VIC1,2026/07/22 11:10:00,5837.74,10.50,TRADE
VIC1,2026/07/22 11:15:00,5849.47,10.50,TRADE
VIC1,2026/07/22 11:20:00,5829.82,10.50,TRADE
VIC1,2026/07/22 11:25:00,5839.54,10.65,TRADE
VIC1,2026/07/22 11:30:00,5793.94,10.50,TRADE
VIC1,2026/07/22 11:35:00,5801.61,10.50,TRADE
VIC1,2026/07/22 11:40:00,5788.65,10.65,TRADE
VIC1,2026/07/22 11:45:00,5763.16,10.65,TRADE
VIC1,2026/07/22 11:50:00,5742.72,10.50,TRADE
VIC1,2026/07/22 11:55:00,5711.93,10.66,TRADE
VIC1,2026/07/22 12:00:00,5693.61,10.65,TRADE
VIC1,2026/07/22 12:05:00,5652.36,10.65,TRADE
VIC1,2026/07/22 12:10:00,5639.12,1.42,TRADE
VIC1,2026/07/22 12:15:00,5657.23,10.65,TRADE
VIC1,2026/07/22 12:20:00,5644.37,22.12,TRADE
VIC1,2026/07/22 12:25:00,5600.7,12.07,TRADE
VIC1,2026/07/22 12:30:00,5601.35,1.42,TRADE
VIC1,2026/07/22 12:35:00,5565.25,10.65,TRADE
VIC1,2026/07/22 12:40:00,5519.95,10.65,TRADE
VIC1,2026/07/22 12:45:00,5501.8,9.58,TRADE
VIC1,2026/07/22 12:50:00,5517.93,-1.10,TRADE
VIC1,2026/07/22 12:55:00,5483.61,-1.15,TRADE
VIC1,2026/07/22 13:00:00,5411.36,-1.15,TRADE
VIC1,2026/07/22 13:05:00,5381.27,-1.15,TRADE
VIC1,2026/07/22 13:10:00,5359.06,-1.10,TRADE
VIC1,2026/07/22 13:15:00,5277.33,-1.10,TRADE
VIC1,2026/07/22 13:20:00,5226.06,-1.10,TRADE
VIC1,2026/07/22 13:25:00,5198.11,-1.15,TRADE
VIC1,2026/07/22 13:30:00,5186.8,-1.15,TRADE
VIC1,2026/07/22 13:35:00,5113.14,-1.15,TRADE
VIC1,2026/07/22 13:40:00,5131.41,-1.15,TRADE
VIC1,2026/07/22 13:45:00,5099.46,-1.15,TRADE
VIC1,2026/07/22 13:50:00,5110.54,-1.10,TRADE
VIC1,2026/07/22 13:55:00,5103.52,-1.15,TRADE
VIC1,2026/07/22 14:00:00,5091.14,-1.15,TRADE
VIC1,2026/07/22 14:05:00,5076.19,-1.15,TRADE
VIC1,2026/07/22 14:10:00,5026.02,-1.15,TRADE
VIC1,2026/07/22 14:15:00,5088.61,-1.10,TRADE
VIC1,2026/07/22 14:20:00,5135.23,-1.15,TRADE
VIC1,2026/07/22 14:25:00,5242.94,-1.10,TRADE
VIC1,2026/07/22 14:30:00,5247.23,-1.15,TRADE
VIC1,2026/07/22 14:35:00,5322.78,0,TRADE
VIC1,2026/07/22 14:40:00,5342.06,-1.15,TRADE
VIC1,2026/07/22 14:45:00,5401.94,-1.15,TRADE
VIC1,2026/07/22 14:50:00,5434.51,-4.65,TRADE
VIC1,2026/07/22 14:55:00,5508.48,-1.15,TRADE
VIC1,2026/07/22 15:00:00,5526,-1.10,TRADE
VIC1,2026/07/22 15:05:00,5589.89,-1.15,TRADE
VIC1,2026/07/22 15:10:00,5582.36,-1.10,TRADE
VIC1,2026/07/22 15:15:00,5661.18,-1.10,TRADE
VIC1,2026/07/22 15:20:00,5735.53,10.50,TRADE
VIC1,2026/07/22 15:25:00,5812.12,3.34,TRADE
VIC1,2026/07/22 15:30:00,5861.45,0,TRADE
VIC1,2026/07/22 15:35:00,6005.32,11.03,TRADE
VIC1,2026/07/22 15:40:00,6076.89,0,TRADE
VIC1,2026/07/22 15:45:00,6247.78,40.05,TRADE
VIC1,2026/07/22 15:50:00,6334.33,52.91,TRADE
VIC1,2026/07/22 15:55:00,6453.73,65.79,TRADE
VIC1,2026/07/22 16:00:00,6493.11,64.96,TRADE
VIC1,2026/07/22 16:05:00,6556.7,57.98,TRADE
VIC1,2026/07/22 16:10:00,6600.94,58.32,TRADE
VIC1,2026/07/22 16:15:00,6674.56,70.16,TRADE
VIC1,2026/07/22 16:20:00,6764.08,89.86,TRADE
VIC1,2026/07/22 16:25:00,6809.18,103.33,TRADE
VIC1,2026/07/22 16:30:00,6818.93,88.74,TRADE
VIC1,2026/07/22 16:35:00,6932.25,80.14,TRADE
VIC1,2026/07/22 16:40:00,6964.03,80.13,TRADE
VIC1,2026/07/22 16:45:00,7002.21,87.09,TRADE
VIC1,2026/07/22 16:50:00,7070.3,87.75,TRADE
VIC1,2026/07/22 16:55:00,7178.64,104.58,TRADE
VIC1,2026/07/22 17:00:00,7232.09,102.68,TRADE
VIC1,2026/07/22 17:05:00,7276.33,88.78,TRADE
VIC1,2026/07/22 17:10:00,7377.31,90.56,TRADE
VIC1,2026/07/22 17:15:00,7382.35,89.52,TRADE
VIC1,2026/07/22 17:20:00,7480.85,91.17,TRADE
VIC1,2026/07/22 17:25:00,7549.1,102.12,TRADE
VIC1,2026/07/22 17:30:00,7621.38,105.89,TRADE
VIC1,2026/07/22 17:35:00,7671.56,101.33,TRADE
VIC1,2026/07/22 17:40:00,7788.56,107.45,TRADE
VIC1,2026/07/22 17:45:00,7885.9,97.81,TRADE
VIC1,2026/07/22 17:50:00,7921.84,97.04,TRADE
VIC1,2026/07/22 17:55:00,7975.45,107.98,TRADE
VIC1,2026/07/22 18:00:00,7954.69,110.40,TRADE
VIC1,2026/07/22 18:05:00,7917.88,93.15,TRADE
VIC1,2026/07/22 18:10:00,7990.83,96.67,TRADE
VIC1,2026/07/22 18:15:00,7975.54,96.89,TRADE
VIC1,2026/07/22 18:20:00,7944.81,96.42,TRADE
VIC1,2026/07/22 18:25:00,7863.83,92.85,TRADE
VIC1,2026/07/22 18:30:00,7889.56,96.35,TRADE
VIC1,2026/07/22 18:35:00,7849.85,96.31,TRADE
VIC1,2026/07/22 18:40:00,7792.32,90.56,TRADE
VIC1,2026/07/22 18:45:00,7800.81,92.84,TRADE
VIC1,2026/07/22 18:50:00,7806.29,96.13,TRADE
VIC1,2026/07/22 18:55:00,7839.15,97.20,TRADE
VIC1,2026/07/22 19:00:00,7794.55,93.68,TRADE
VIC1,2026/07/22 19:05:00,7799.34,97.21,TRADE
VIC1,2026/07/22 19:10:00,7790.4,95.93,TRADE
VIC1,2026/07/22 19:15:00,7746.15,91.39,TRADE
VIC1,2026/07/22 19:20:00,7754.47,93.05,TRADE
VIC1,2026/07/22 19:25:00,7737.49,96.16,TRADE
VIC1,2026/07/22 19:30:00,7695.51,93.69,TRADE
VIC1,2026/07/22 19:35:00,7602.49,94.44,TRADE
VIC1,2026/07/22 19:40:00,7582.54,94.35,TRADE
VIC1,2026/07/22 19:45:00,7557.14,109.48,TRADE
VIC1,2026/07/22 19:50:00,7497.61,96.42,TRADE
VIC1,2026/07/22 19:55:00,7499.67,90.66,TRADE
VIC1,2026/07/22 20:00:00,7539.24,99.72,TRADE
VIC1,2026/07/22 20:05:00,7493.56,112.17,TRADE
VIC1,2026/07/22 20:10:00,7464.67,110.43,TRADE
VIC1,2026/07/22 20:15:00,7441.79,117.09,TRADE
VIC1,2026/07/22 20:20:00,7385.6,103.72,TRADE
VIC1,2026/07/22 20:25:00,7387.59,114.76,TRADE
VIC1,2026/07/22 20:30:00,7375.85,113.50,TRADE
VIC1,2026/07/22 20:35:00,7357.02,110.40,TRADE
VIC1,2026/07/22 20:40:00,7305.5,117.09,TRADE
VIC1,2026/07/22 20:45:00,7210.7,111.79,TRADE
VIC1,2026/07/22 20:50:00,7268.94,111.03,TRADE
VIC1,2026/07/22 20:55:00,7247.6,117.77,TRADE
VIC1,2026/07/22 21:00:00,7205.16,118.11,TRADE
VIC1,2026/07/22 21:05:00,7153.76,127.60,TRADE
VIC1,2026/07/22 21:10:00,7092.31,119.26,TRADE
VIC1,2026/07/22 21:15:00,6993.51,118.93,TRADE
VIC1,2026/07/22 21:20:00,7003.7,115.17,TRADE
VIC1,2026/07/22 21:25:00,6941.34,110.11,TRADE
VIC1,2026/07/22 21:30:00,6937.19,110.40,TRADE
VIC1,2026/07/22 21:35:00,6852.65,110.40,TRADE
VIC1,2026/07/22 21:40:00,6819.66,127.53,TRADE
VIC1,2026/07/22 21:45:00,6791.37,119.20,TRADE
VIC1,2026/07/22 21:50:00,6729.46,111.52,TRADE
VIC1,2026/07/22 21:55:00,6625.68,121.24,TRADE
VIC1,2026/07/22 22:00:00,6505.55,110.40,TRADE
VIC1,2026/07/22 22:05:00,6392.14,106.10,TRADE
VIC1,2026/07/22 22:10:00,6474.85,97.87,TRADE
VIC1,2026/07/22 22:15:00,6423.46,110.40,TRADE
VIC1,2026/07/22 22:20:00,6304.43,99.90,TRADE
VIC1,2026/07/22 22:25:00,6305.52,110.40,TRADE
VIC1,2026/07/22 22:30:00,6208.27,89.21,TRADE
VIC1,2026/07/22 22:35:00,6177.35,109.27,TRADE
VIC1,2026/07/22 22:40:00,6124.47,108.57,TRADE
VIC1,2026/07/22 22:45:00,6160.6,110.40,TRADE
VIC1,2026/07/22 22:50:00,6139.33,96.82,TRADE
VIC1,2026/07/22 22:55:00,6057.08,92.86,TRADE
VIC1,2026/07/22 23:00:00,6067.54,93.46,TRADE
VIC1,2026/07/22 23:05:00,6068.83,99.04,TRADE
VIC1,2026/07/22 23:10:00,6131.05,99.57,TRADE
VIC1,2026/07/22 23:15:00,6062.39,89.25,TRADE
VIC1,2026/07/22 23:20:00,6088.96,81.04,TRADE
VIC1,2026/07/22 23:25:00,6041.27,80.50,TRADE
VIC1,2026/07/22 23:30:00,5967.22,80.32,TRADE
VIC1,2026/07/22 23:35:00,5969.48,81.80,TRADE
VIC1,2026/07/22 23:40:00,5915.3,94.96,TRADE
VIC1,2026/07/22 23:45:00,5822.72,76.38,TRADE
VIC1,2026/07/22 23:50:00,5833.3,69.87,TRADE
VIC1,2026/07/22 23:55:00,5825.57,71.80,TRADE
VIC1,2026/07/23 00:00:00,5828.28,68.19,TRADE
VIC1,2026/07/23 00:05:00,5727.15,68.20,TRADE
VIC1,2026/07/23 00:10:00,5791.11,88.80,TRADE
VIC1,2026/07/23 00:15:00,5719.83,76.37,TRADE
VIC1,2026/07/23 00:20:00,5667.44,65.97,TRADE
VIC1,2026/07/23 00:25:00,5702.87,69.07,TRADE
VIC1,2026/07/23 00:30:00,5682.69,66.03,TRADE
VIC1,2026/07/23 00:35:00,5595.4,71.64,TRADE
VIC1,2026/07/23 00:40:00,5592.5,70.15,TRADE
VIC1,2026/07/23 00:45:00,5588.92,64.56,TRADE
VIC1,2026/07/23 00:50:00,5579.98,61.28,TRADE
VIC1,2026/07/23 00:55:00,5515.41,56.99,TRADE
VIC1,2026/07/23 01:00:00,5495.35,62.36,TRADE
VIC1,2026/07/23 01:05:00,5435.48,63.61,TRADE
VIC1,2026/07/23 01:10:00,5478.16,69.06,TRADE
VIC1,2026/07/23 01:15:00,5482.67,35.94,TRADE
VIC1,2026/07/23 01:20:00,5449.2,53.28,TRADE
VIC1,2026/07/23 01:25:00,5394.86,57.64,TRADE
VIC1,2026/07/23 01:30:00,5355.68,53.28,TRADE
VIC1,2026/07/23 01:35:00,5338.71,53.28,TRADE
VIC1,2026/07/23 01:40:00,5378.39,59.80,TRADE
VIC1,2026/07/23 01:45:00,5303.52,61.48,TRADE
VIC1,2026/07/23 01:50:00,5163.7,61.37,TRADE
VIC1,2026/07/23 01:55:00,5139.03,53.28,TRADE
VIC1,2026/07/23 02:00:00,5123.61,53.28,TRADE
VIC1,2026/07/23 02:05:00,5120.15,58.68,TRADE
VIC1,2026/07/23 02:10:00,5236.14,63.06,TRADE
VIC1,2026/07/23 02:15:00,5170.14,63.38,TRADE
VIC1,2026/07/23 02:20:00,5161.91,62.60,TRADE
VIC1,2026/07/23 02:25:00,5047.14,53.09,TRADE
VIC1,2026/07/23 02:30:00,4985.8,53.28,TRADE
VIC1,2026/07/23 02:35:00,5050.84,32.62,TRADE
VIC1,2026/07/23 02:40:00,5041.92,35.94,TRADE
VIC1,2026/07/23 02:45:00,5021.77,53.28,TRADE
VIC1,2026/07/23 02:50:00,5026.2,53.28,TRADE
VIC1,2026/07/23 02:55:00,4941.84,57.28,TRADE
VIC1,2026/07/23 03:00:00,4971.47,35.94,TRADE
VIC1,2026/07/23 03:05:00,4967.42,35.94,TRADE
VIC1,2026/07/23 03:10:00,4935,35.94,TRADE
VIC1,2026/07/23 03:15:00,4978.82,52.68,TRADE
VIC1,2026/07/23 03:20:00,4980.15,52.68,TRADE
VIC1,2026/07/23 03:25:00,5007.49,52.80,TRADE
VIC1,2026/07/23 03:30:00,4950.53,51.71,TRADE
VIC1,2026/07/23 03:35:00,4895.39,52.68,TRADE
VIC1,2026/07/23 03:40:00,4886.3,53.28,TRADE
VIC1,2026/07/23 03:45:00,4944.68,35.94,TRADE
VIC1,2026/07/23 03:50:00,4941.41,52.68,TRADE
VIC1,2026/07/23 03:55:00,4863.64,12,TRADE
VIC1,2026/07/23 04:00:00,4954.55,11.96,TRADE
VIC1,2026/07/23 04:05:00,5024.47,49.70,TRADE
VIC1,2026/07/23 04:10:00,5025.95,68.46,TRADE
VIC1,2026/07/23 04:15:00,4959.58,56.71,TRADE
VIC1,2026/07/23 04:20:00,4956.56,53.28,TRADE
VIC1,2026/07/23 04:25:00,4974.48,53.28,TRADE
VIC1,2026/07/23 04:30:00,4956.45,52.66,TRADE
VIC1,2026/07/23 04:35:00,5036.39,53.28,TRADE
VIC1,2026/07/23 04:40:00,5132.12,53.28,TRADE
VIC1,2026/07/23 04:45:00,5140.94,53.28,TRADE
VIC1,2026/07/23 04:50:00,5161.74,53.28,TRADE
VIC1,2026/07/23 04:55:00,5205.53,53.28,TRADE
VIC1,2026/07/23 05:00:00,5197.74,69.15,TRADE
VIC1,2026/07/23 05:05:00,5148.19,52.68,TRADE
VIC1,2026/07/23 05:10:00,5223.82,34.24,TRADE
VIC1,2026/07/23 05:15:00,5354.34,35.94,TRADE
VIC1,2026/07/23 05:20:00,5392.83,20.68,TRADE
VIC1,2026/07/23 05:25:00,5400.1,19.18,TRADE
VIC1,2026/07/23 05:30:00,5478.7,22.12,TRADE
VIC1,2026/07/23 05:35:00,5539.9,57.73,TRADE
VIC1,2026/07/23 05:40:00,5586.1,70.38,TRADE
VIC1,2026/07/23 05:45:00,5539.27,71.05,TRADE
VIC1,2026/07/23 05:50:00,5641.89,70.41,TRADE
VIC1,2026/07/23 05:55:00,5741.92,69.02,TRADE
VIC1,2026/07/23 06:00:00,5818.28,69.02,TRADE
VIC1,2026/07/23 06:05:00,5780.34,33.51,TRADE
VIC1,2026/07/23 06:10:00,5971.91,34.69,TRADE
VIC1,2026/07/23 06:15:00,6063.89,33.51,TRADE
VIC1,2026/07/23 06:20:00,6060.88,33.81,TRADE
VIC1,2026/07/23 06:25:00,6156.77,37.48,TRADE
VIC1,2026/07/23 06:30:00,6245.7,37.48,TRADE
VIC1,2026/07/23 06:35:00,6391.14,52.68,TRADE
VIC1,2026/07/23 06:40:00,6499.14,55.20,TRADE
VIC1,2026/07/23 06:45:00,6537.35,45.71,TRADE
VIC1,2026/07/23 06:50:00,6661.74,58.50,TRADE
VIC1,2026/07/23 06:55:00,6803.14,59.07,TRADE
VIC1,2026/07/23 07:00:00,6892.43,61.89,TRADE
VIC1,2026/07/23 07:05:00,7003.62,58.05,TRADE
VIC1,2026/07/23 07:10:00,7091.95,55.66,TRADE
VIC1,2026/07/23 07:15:00,7142.01,58.03,TRADE
VIC1,2026/07/23 07:20:00,7271.29,59.07,TRADE
VIC1,2026/07/23 07:25:00,7454.15,68.99,TRADE
VIC1,2026/07/23 07:30:00,7524.52,63.61,TRADE
VIC1,2026/07/23 07:35:00,7519.83,69.44,TRADE
VIC1,2026/07/23 07:40:00,7597.9,69.02,TRADE
VIC1,2026/07/23 07:45:00,7762.73,72.69,TRADE
VIC1,2026/07/23 07:50:00,7824.34,77.16,TRADE
VIC1,2026/07/23 07:55:00,7792.5,78.12,TRADE
VIC1,2026/07/23 08:00:00,7834.65,69.02,TRADE
VIC1,2026/07/23 08:05:00,7850.36,69.02,TRADE
VIC1,2026/07/23 08:10:00,7839.82,59.07,TRADE
VIC1,2026/07/23 08:15:00,7832.13,55.66,TRADE
VIC1,2026/07/23 08:20:00,7864.83,59.07,TRADE
VIC1,2026/07/23 08:25:00,7765.26,59.07,TRADE
VIC1,2026/07/23 08:30:00,7810.72,44,TRADE
VIC1,2026/07/23 08:35:00,7687.74,46.50,TRADE
VIC1,2026/07/23 08:40:00,7609.93,42.27,TRADE
VIC1,2026/07/23 08:45:00,7563.61,41.53,TRADE
VIC1,2026/07/23 08:50:00,7536.52,38,TRADE
VIC1,2026/07/23 08:55:00,7464.26,42.11,TRADE
VIC1,2026/07/23 09:00:00,7413.33,42.13,TRADE
VIC1,2026/07/23 09:05:00,7394.63,46.69,TRADE
VIC1,2026/07/23 09:10:00,7317.11,54.06,TRADE
VIC1,2026/07/23 09:15:00,7240.25,57.81,TRADE
VIC1,2026/07/23 09:20:00,7210.21,55.11,TRADE
VIC1,2026/07/23 09:25:00,7132.08,44.34,TRADE
VIC1,2026/07/23 09:30:00,7026.8,43.65,TRADE
VIC1,2026/07/23 09:35:00,7002.8,40.44,TRADE
VIC1,2026/07/23 09:40:00,6877.28,37.24,TRADE
VIC1,2026/07/23 09:45:00,6805.83,40.80,TRADE
VIC1,2026/07/23 09:50:00,6706.83,36.40,TRADE
VIC1,2026/07/23 09:55:00,6516.48,20.68,TRADE
VIC1,2026/07/23 10:00:00,6426.41,20.68,TRADE
VIC1,2026/07/23 10:05:00,6393.97,24.72,TRADE
VIC1,2026/07/23 10:10:00,6354.18,18.85,TRADE
VIC1,2026/07/23 10:15:00,6306.58,6.59,TRADE
VIC1,2026/07/23 10:20:00,6219.84,18.94,TRADE
VIC1,2026/07/23 10:25:00,6157.02,32.73,TRADE
VIC1,2026/07/23 10:30:00,6069.07,37.40,TRADE
VIC1,2026/07/23 10:35:00,5863.01,28.66,TRADE
VIC1,2026/07/23 10:40:00,5831.36,17.60,TRADE
VIC1,2026/07/23 10:45:00,5788.17,10.65,TRADE
VIC1,2026/07/23 10:50:00,5716.24,8.66,TRADE
VIC1,2026/07/23 10:55:00,5653.82,1.42,TRADE
VIC1,2026/07/23 11:00:00,5686.67,22.12,TRADE
VIC1,2026/07/23 11:05:00,5636.22,29.58,TRADE
VIC1,2026/07/23 11:10:00,5698.68,27.75,TRADE
VIC1,2026/07/23 11:15:00,5797.64,33.51,TRADE
VIC1,2026/07/23 11:20:00,5749.06,26.31,TRADE
VIC1,2026/07/23 11:25:00,5741.39,22.12,TRADE
VIC1,2026/07/23 11:30:00,5657,10.50,TRADE
VIC1,2026/07/23 11:35:00,5603.67,0.01,TRADE
VIC1,2026/07/23 11:40:00,5629.63,0,TRADE
VIC1,2026/07/23 11:45:00,5614.83,1.42,TRADE
VIC1,2026/07/23 11:50:00,5530.98,11.13,TRADE
VIC1,2026/07/23 11:55:00,5584.78,-1.10,TRADE
VIC1,2026/07/23 12:00:00,5631.83,1.42,TRADE
VIC1,2026/07/23 12:05:00,5692.56,1.42,TRADE
VIC1,2026/07/23 12:10:00,5725.88,11.53,TRADE
VIC1,2026/07/23 12:15:00,5819.45,22.12,TRADE
VIC1,2026/07/23 12:20:00,5696.82,9.40,TRADE
VIC1,2026/07/23 12:25:00,5753.12,11.69,TRADE
VIC1,2026/07/23 12:30:00,5776.29,22.12,TRADE
VIC1,2026/07/23 12:35:00,5771.87,9.87,TRADE
VIC1,2026/07/23 12:40:00,5725.93,-1.05,TRADE
VIC1,2026/07/23 12:45:00,5725.2,-0.02,TRADE
VIC1,2026/07/23 12:50:00,5646.58,0.39,TRADE
VIC1,2026/07/23 12:55:00,5593.68,-0.02,TRADE
VIC1,2026/07/23 13:00:00,5511.28,-0.02,TRADE
VIC1,2026/07/23 13:05:00,5554.55,0,TRADE
VIC1,2026/07/23 13:10:00,5531.21,-0.02,TRADE
VIC1,2026/07/23 13:15:00,5612.36,-0.02,TRADE
VIC1,2026/07/23 13:20:00,5506.96,-1.06,TRADE
VIC1,2026/07/23 13:25:00,5645.3,8.81,TRADE
VIC1,2026/07/23 13:30:00,5642.8,9.25,TRADE
VIC1,2026/07/23 13:35:00,5620.2,-1.10,TRADE
VIC1,2026/07/23 13:40:00,5550.81,-0.02,TRADE
VIC1,2026/07/23 13:45:00,5579.06,-1.10,TRADE
VIC1,2026/07/23 13:50:00,5668.22,-1.10,TRADE
VIC1,2026/07/23 13:55:00,5640.26,0,TRADE
VIC1,2026/07/23 14:00:00,5625.23,2.34,TRADE
VIC1,2026/07/23 14:05:00,5597.99,21.38,TRADE
VIC1,2026/07/23 14:10:00,5535.74,6.13,TRADE
VIC1,2026/07/23 14:15:00,5472.36,1.42,TRADE
VIC1,2026/07/23 14:20:00,5372.82,1.31,TRADE
VIC1,2026/07/23 14:25:00,5394.61,13.46,TRADE
VIC1,2026/07/23 14:30:00,5432.89,1.03,TRADE
VIC1,2026/07/23 14:35:00,5510.44,0.18,TRADE
VIC1,2026/07/23 14:40:00,5610.7,10.31,TRADE
VIC1,2026/07/23 14:45:00,5670.33,1.42,TRADE
VIC1,2026/07/23 14:50:00,5710.58,1.15,TRADE
VIC1,2026/07/23 14:55:00,5824.83,9.03,TRADE
VIC1,2026/07/23 15:00:00,5787.75,-0.02,TRADE
VIC1,2026/07/23 15:05:00,5752.8,-1.10,TRADE
VIC1,2026/07/23 15:10:00,5680.37,-1.15,TRADE
VIC1,2026/07/23 15:15:00,5660.36,-1.14,TRADE
VIC1,2026/07/23 15:20:00,5729.2,0.04,TRADE
VIC1,2026/07/23 15:25:00,5808.36,10.50,TRADE
VIC1,2026/07/23 15:30:00,5896.07,0,TRADE
VIC1,2026/07/23 15:35:00,5936.85,16.12,TRADE
VIC1,2026/07/23 15:40:00,6010.22,0,TRADE
VIC1,2026/07/23 15:45:00,6113.84,0.16,TRADE
VIC1,2026/07/23 15:50:00,6225.77,33.51,TRADE
VIC1,2026/07/23 15:55:00,6329.88,42.02,TRADE
VIC1,2026/07/23 16:00:00,6322.84,39.72,TRADE
VIC1,2026/07/23 16:05:00,6386.81,5.08,TRADE
VIC1,2026/07/23 16:10:00,6416.08,9.13,TRADE
VIC1,2026/07/23 16:15:00,6470.03,10.15,TRADE
VIC1,2026/07/23 16:20:00,6645.3,59.07,TRADE
VIC1,2026/07/23 16:25:00,6658.16,22.41,TRADE
VIC1,2026/07/23 16:30:00,6830.84,35.87,TRADE
VIC1,2026/07/23 16:35:00,6951.58,49.61,TRADE
VIC1,2026/07/23 16:40:00,7055.66,71.32,TRADE
VIC1,2026/07/23 16:45:00,7190.25,80.50,TRADE
VIC1,2026/07/23 16:50:00,7325.56,80.50,TRADE
VIC1,2026/07/23 16:55:00,7267.77,73.96,TRADE
VIC1,2026/07/23 17:00:00,7284.09,75.68,TRADE
VIC1,2026/07/23 17:05:00,7487.81,71.48,TRADE
VIC1,2026/07/23 17:10:00,7501.62,71.66,TRADE
VIC1,2026/07/23 17:15:00,7600.7,72.48,TRADE
VIC1,2026/07/23 17:20:00,7728.29,74.95,TRADE
VIC1,2026/07/23 17:25:00,7788.32,78.12,TRADE
VIC1,2026/07/23 17:30:00,7929.48,75.01,TRADE
VIC1,2026/07/23 17:35:00,7919.64,72.07,TRADE
VIC1,2026/07/23 17:40:00,7993.28,68.35,TRADE
VIC1,2026/07/23 17:45:00,8104.76,73.17,TRADE
VIC1,2026/07/23 17:50:00,8180.3,72.48,TRADE
VIC1,2026/07/23 17:55:00,8296.41,74.95,TRADE
VIC1,2026/07/23 18:00:00,8271.13,70.22,TRADE
VIC1,2026/07/23 18:05:00,8311.48,70.53,TRADE
VIC1,2026/07/23 18:10:00,8388.98,74.48,TRADE
VIC1,2026/07/23 18:15:00,8394.01,68.89,TRADE
VIC1,2026/07/23 18:20:00,8394.5,72.48,TRADE
VIC1,2026/07/23 18:25:00,8334.53,72.48,TRADE
VIC1,2026/07/23 18:30:00,8356.28,72.48,TRADE
VIC1,2026/07/23 18:35:00,8304.27,69.26,TRADE
VIC1,2026/07/23 18:40:00,8332.38,71.86,TRADE
VIC1,2026/07/23 18:45:00,8398.48,65.88,TRADE
VIC1,2026/07/23 18:50:00,8438.44,71.46,TRADE
VIC1,2026/07/23 18:55:00,8377.61,70.58,TRADE
VIC1,2026/07/23 19:00:00,8393.2,65.91,TRADE
VIC1,2026/07/23 19:05:00,8420.46,69.02,TRADE
VIC1,2026/07/23 19:10:00,8390.61,72.48,TRADE
VIC1,2026/07/23 19:15:00,8278.13,68.54,TRADE
VIC1,2026/07/23 19:20:00,8287.74,69.02,TRADE
VIC1,2026/07/23 19:25:00,8348.85,76.53,TRADE
VIC1,2026/07/23 19:30:00,8296.81,72.48,TRADE
VIC1,2026/07/23 19:35:00,8204,67.90,TRADE
VIC1,2026/07/23 19:40:00,8217.37,72.34,TRADE
VIC1,2026/07/23 19:45:00,8191.61,72.48,TRADE
VIC1,2026/07/23 19:50:00,8214.14,69.02,TRADE
VIC1,2026/07/23 19:55:00,8160.1,73.06,TRADE
VIC1,2026/07/23 20:00:00,8017.91,68.69,TRADE
VIC1,2026/07/23 20:05:00,8008.89,69.02,TRADE
VIC1,2026/07/23 20:10:00,8051.93,67.93,TRADE
VIC1,2026/07/23 20:15:00,8030.85,63.44,TRADE
VIC1,2026/07/23 20:20:00,7918.37,60.79,TRADE
VIC1,2026/07/23 20:25:00,7926.89,60.19,TRADE
VIC1,2026/07/23 20:30:00,7900.27,58.40,TRADE
VIC1,2026/07/23 20:35:00,7886.18,62.45,TRADE
VIC1,2026/07/23 20:40:00,7799.39,66.36,TRADE
VIC1,2026/07/23 20:45:00,7732.99,61.39,TRADE
VIC1,2026/07/23 20:50:00,7782.22,62.40,TRADE
VIC1,2026/07/23 20:55:00,7753.67,61.95,TRADE
VIC1,2026/07/23 21:00:00,7628.55,56.32,TRADE
VIC1,2026/07/23 21:05:00,7630.99,57.65,TRADE
VIC1,2026/07/23 21:10:00,7616.26,60.95,TRADE
VIC1,2026/07/23 21:15:00,7578.02,61.44,TRADE
VIC1,2026/07/23 21:20:00,7496.92,37.48,TRADE
VIC1,2026/07/23 21:25:00,7388.09,60.66,TRADE
VIC1,2026/07/23 21:30:00,7367.68,56.25,TRADE
VIC1,2026/07/23 21:35:00,7301.56,59.07,TRADE
VIC1,2026/07/23 21:40:00,7317.96,73.47,TRADE
VIC1,2026/07/23 21:45:00,7219.09,11.68,TRADE
VIC1,2026/07/23 21:50:00,7204,11.68,TRADE
VIC1,2026/07/23 21:55:00,7174.65,37.48,TRADE
VIC1,2026/07/23 22:00:00,7066.54,52.68,TRADE
VIC1,2026/07/23 22:05:00,6902,57.68,TRADE
VIC1,2026/07/23 22:10:00,6892.22,20.65,TRADE
VIC1,2026/07/23 22:15:00,6814.18,7.91,TRADE
VIC1,2026/07/23 22:20:00,6720.57,10.50,TRADE
VIC1,2026/07/23 22:25:00,6711.94,11.69,TRADE
VIC1,2026/07/23 22:30:00,6683.98,10.65,TRADE
VIC1,2026/07/23 22:35:00,6511.5,10.50,TRADE
VIC1,2026/07/23 22:40:00,6546.5,11.64,TRADE
VIC1,2026/07/23 22:45:00,6510.95,9.45,TRADE
VIC1,2026/07/23 22:50:00,6419.09,10.50,TRADE
VIC1,2026/07/23 22:55:00,6388.69,10.50,TRADE
VIC1,2026/07/23 23:00:00,6384.93,11.65,TRADE
VIC1,2026/07/23 23:05:00,6331.89,20.68,TRADE
VIC1,2026/07/23 23:10:00,6390.21,20.68,TRADE
VIC1,2026/07/23 23:15:00,6432.39,22.12,TRADE
VIC1,2026/07/23 23:20:00,6374.81,22.42,TRADE
VIC1,2026/07/23 23:25:00,6311.93,11.65,TRADE
VIC1,2026/07/23 23:30:00,6351.13,22.42,TRADE
VIC1,2026/07/23 23:35:00,6303.52,22.12,TRADE
VIC1,2026/07/23 23:40:00,6274.09,11.62,TRADE
VIC1,2026/07/23 23:45:00,6219.35,22.12,TRADE
VIC1,2026/07/23 23:50:00,6109.88,22.12,TRADE
VIC1,2026/07/23 23:55:00,6140.05,10.65,TRADE
VIC1,2026/07/24 00:00:00,6099.04,17.91,TRADE
VIC1,2026/07/24 00:05:00,6012.59,20.68,TRADE
VIC1,2026/07/24 00:10:00,6069.79,8.94,TRADE
VIC1,2026/07/24 00:15:00,5992.01,11.68,TRADE
VIC1,2026/07/24 00:20:00,6005.4,20.68,TRADE
VIC1,2026/07/24 00:25:00,5985.72,19.18,TRADE
VIC1,2026/07/24 00:30:00,5873.81,19.18,TRADE
VIC1,2026/07/24 00:35:00,5812.9,20.68,TRADE
VIC1,2026/07/24 00:40:00,5870.53,22.12,TRADE
VIC1,2026/07/24 00:45:00,5817.79,11.68,TRADE
VIC1,2026/07/24 00:50:00,5781.03,11.65,TRADE
VIC1,2026/07/24 00:55:00,5767.08,18.38,TRADE
VIC1,2026/07/24 01:00:00,5747.04,22.12,TRADE
VIC1,2026/07/24 01:05:00,5744.49,20.68,TRADE
VIC1,2026/07/24 01:10:00,5761.16,22.12,TRADE
VIC1,2026/07/24 01:15:00,5687.06,22.12,TRADE
VIC1,2026/07/24 01:20:00,5685,19.18,TRADE
VIC1,2026/07/24 01:25:00,5723.68,22.12,TRADE
VIC1,2026/07/24 01:30:00,5687.94,22.12,TRADE
VIC1,2026/07/24 01:35:00,5654.39,22.12,TRADE
VIC1,2026/07/24 01:40:00,5609.08,11.68,TRADE
VIC1,2026/07/24 01:45:00,5577.96,22.12,TRADE
VIC1,2026/07/24 01:50:00,5541.09,19.18,TRADE
VIC1,2026/07/24 01:55:00,5440.67,11.65,TRADE
VIC1,2026/07/24 02:00:00,5400.23,-1.10,TRADE
VIC1,2026/07/24 02:05:00,5427.98,10.65,TRADE
VIC1,2026/07/24 02:10:00,5453.25,10.50,TRADE
VIC1,2026/07/24 02:15:00,5417.09,10.50,TRADE
VIC1,2026/07/24 02:20:00,5340.65,10.66,TRADE
VIC1,2026/07/24 02:25:00,5370.74,19.18,TRADE
VIC1,2026/07/24 02:30:00,5370.22,19.18,TRADE
VIC1,2026/07/24 02:35:00,5343.32,8.94,TRADE
VIC1,2026/07/24 02:40:00,5368.86,10.50,TRADE
VIC1,2026/07/24 02:45:00,5254.1,7.43,TRADE
VIC1,2026/07/24 02:50:00,5293.9,10.50,TRADE
VIC1,2026/07/24 02:55:00,5277.21,10.50,TRADE
VIC1,2026/07/24 03:00:00,5269.85,9.57,TRADE
VIC1,2026/07/24 03:05:00,5235.48,8.94,TRADE
VIC1,2026/07/24 03:10:00,5251.04,8.95,TRADE
VIC1,2026/07/24 03:15:00,5274.28,11.64,TRADE
VIC1,2026/07/24 03:20:00,5260.01,10.13,TRADE
VIC1,2026/07/24 03:25:00,5146.61,10.50,TRADE
VIC1,2026/07/24 03:30:00,5135.68,8.94,TRADE
VIC1,2026/07/24 03:35:00,5158.66,10.50,TRADE
VIC1,2026/07/24 03:40:00,5215.93,10.50,TRADE
VIC1,2026/07/24 03:45:00,5208.12,10.65,TRADE
VIC1,2026/07/24 03:50:00,5242.01,39.54,TRADE
VIC1,2026/07/24 03:55:00,5255.89,11.64,TRADE
VIC1,2026/07/24 04:00:00,5265.93,10.50,TRADE
VIC1,2026/07/24 04:05:00,5285.77,10.50,TRADE
VIC1,2026/07/24 04:10:00,5208.35,10.50,TRADE
VIC1,2026/07/24 04:15:00,5191.19,10.50,TRADE
VIC1,2026/07/24 04:20:00,5272.93,10.65,TRADE
VIC1,2026/07/24 04:25:00,5316.4,10.50,TRADE
VIC1,2026/07/24 04:30:00,5297.1,10.50,TRADE
VIC1,2026/07/24 04:35:00,5336.56,10.66,TRADE
VIC1,2026/07/24 04:40:00,5362.17,11.69,TRADE
VIC1,2026/07/24 04:45:00,5389.21,19.18,TRADE
VIC1,2026/07/24 04:50:00,5318.3,14.27,TRADE
VIC1,2026/07/24 04:55:00,5346.24,13.69,TRADE
VIC1,2026/07/24 05:00:00,5357.76,15.97,TRADE
VIC1,2026/07/24 05:05:00,5395.18,16.72,TRADE
VIC1,2026/07/24 05:10:00,5465.93,10.65,TRADE
VIC1,2026/07/24 05:15:00,5602.25,19.18,TRADE
VIC1,2026/07/24 05:20:00,5602.2,19.18,TRADE
VIC1,2026/07/24 05:25:00,5673.98,10.65,TRADE
VIC1,2026/07/24 05:30:00,5756.9,19.18,TRADE
VIC1,2026/07/24 05:35:00,5772.77,10.50,TRADE
VIC1,2026/07/24 05:40:00,5806.86,37.70,TRADE
VIC1,2026/07/24 05:45:00,5882.1,57.68,TRADE
VIC1,2026/07/24 05:50:00,5831.63,18.81,TRADE
VIC1,2026/07/24 05:55:00,5926.14,37.39,TRADE
VIC1,2026/07/24 06:00:00,5986.76,57.71,TRADE
VIC1,2026/07/24 06:05:00,6124,19.18,TRADE
VIC1,2026/07/24 06:10:00,6247.07,48.86,TRADE
VIC1,2026/07/24 06:15:00,6290.92,47.61,TRADE
VIC1,2026/07/24 06:20:00,6428.59,57.75,TRADE
VIC1,2026/07/24 06:25:00,6551.02,50.48,TRADE
VIC1,2026/07/24 06:30:00,6644.63,58.50,TRADE
VIC1,2026/07/24 06:35:00,6696.42,54.04,TRADE
VIC1,2026/07/24 06:40:00,6796.49,50.48,TRADE
VIC1,2026/07/24 06:45:00,6918.13,54.46,TRADE
VIC1,2026/07/24 06:50:00,7051.37,56.05,TRADE
VIC1,2026/07/24 06:55:00,7163.45,51.05,TRADE
VIC1,2026/07/24 07:00:00,7287.64,50.48,TRADE
VIC1,2026/07/24 07:05:00,7360.55,51.38,TRADE
VIC1,2026/07/24 07:10:00,7480.7,63.17,TRADE
VIC1,2026/07/24 07:15:00,7664.62,64.82,TRADE
VIC1,2026/07/24 07:20:00,7639.7,64.78,TRADE
VIC1,2026/07/24 07:25:00,7713.76,67.49,TRADE
VIC1,2026/07/24 07:30:00,7824.73,68.72,TRADE
VIC1,2026/07/24 07:35:00,7945.13,63,TRADE
VIC1,2026/07/24 07:40:00,7931.72,68.55,TRADE
VIC1,2026/07/24 07:45:00,8072.56,78.12,TRADE
VIC1,2026/07/24 07:50:00,8122.13,81.41,TRADE
VIC1,2026/07/24 07:55:00,8181.37,90.52,TRADE
VIC1,2026/07/24 08:00:00,8186.49,110.76,TRADE
VIC1,2026/07/24 08:05:00,8161.28,89.63,TRADE
VIC1,2026/07/24 08:10:00,8208.49,83.48,TRADE
VIC1,2026/07/24 08:15:00,8218.47,82.74,TRADE
VIC1,2026/07/24 08:20:00,8136.85,64.05,TRADE
VIC1,2026/07/24 08:25:00,8132.45,50.48,TRADE
VIC1,2026/07/24 08:30:00,8076.89,50.48,TRADE
VIC1,2026/07/24 08:35:00,7988.6,47.72,TRADE
VIC1,2026/07/24 08:40:00,7932.46,38,TRADE
VIC1,2026/07/24 08:45:00,7779.6,36.92,TRADE
VIC1,2026/07/24 08:50:00,7734.27,38,TRADE
VIC1,2026/07/24 08:55:00,7704.9,39.16,TRADE
VIC1,2026/07/24 09:00:00,7669.63,26.41,TRADE
VIC1,2026/07/24 09:05:00,7566.29,36.10,TRADE
VIC1,2026/07/24 09:10:00,7605.16,68.87,TRADE
VIC1,2026/07/24 09:15:00,7552.37,57.68,TRADE
VIC1,2026/07/24 09:20:00,7557.45,34,TRADE
VIC1,2026/07/24 09:25:00,7545.88,51.55,TRADE
VIC1,2026/07/24 09:30:00,7488.22,49.01,TRADE
VIC1,2026/07/24 09:35:00,7433.97,39.03,TRADE
VIC1,2026/07/24 09:40:00,7362.97,50.24,TRADE
VIC1,2026/07/24 09:45:00,7302.13,45.87,TRADE
VIC1,2026/07/24 09:50:00,7315.69,51.81,TRADE
VIC1,2026/07/24 09:55:00,7162.22,34,TRADE
VIC1,2026/07/24 10:00:00,7082.09,34,TRADE
VIC1,2026/07/24 10:05:00,6994.53,35.99,TRADE
VIC1,2026/07/24 10:10:00,7006.91,47.15,TRADE
VIC1,2026/07/24 10:15:00,6928.08,41.46,TRADE
VIC1,2026/07/24 10:20:00,6924.74,45.35,TRADE
VIC1,2026/07/24 10:25:00,6919.27,10.65,TRADE
VIC1,2026/07/24 10:30:00,6812.24,16.35,TRADE
VIC1,2026/07/24 10:35:00,6737.19,22.12,TRADE
VIC1,2026/07/24 10:40:00,6752.48,34,TRADE
VIC1,2026/07/24 10:45:00,6766.21,19.18,TRADE
VIC1,2026/07/24 10:50:00,6702.41,22.12,TRADE
VIC1,2026/07/24 10:55:00,6724.5,11.68,TRADE
VIC1,2026/07/24 11:00:00,6706.08,22.12,TRADE
VIC1,2026/07/24 11:05:00,6689.24,22.12,TRADE
VIC1,2026/07/24 11:10:00,6849.72,22.12,TRADE
VIC1,2026/07/24 11:15:00,6890.49,30.22,TRADE
VIC1,2026/07/24 11:20:00,6901.01,23.45,TRADE
VIC1,2026/07/24 11:25:00,6941.78,22.12,TRADE
VIC1,2026/07/24 11:30:00,6898.43,19.18,TRADE
VIC1,2026/07/24 11:35:00,6985.83,28.75,TRADE
VIC1,2026/07/24 11:40:00,6894.32,43.19,TRADE
VIC1,2026/07/24 11:45:00,6964.96,33.51,TRADE
VIC1,2026/07/24 11:50:00,6920.65,29.54,TRADE
VIC1,2026/07/24 11:55:00,6815.73,22.12,TRADE
VIC1,2026/07/24 12:00:00,6861.64,22.12,TRADE
VIC1,2026/07/24 12:05:00,6773.87,27.85,TRADE
VIC1,2026/07/24 12:10:00,6715.93,22.12,TRADE
VIC1,2026/07/24 12:15:00,6784.78,22.12,TRADE
VIC1,2026/07/24 12:20:00,6793.5,22.42,TRADE
VIC1,2026/07/24 12:25:00,6808.5,16.63,TRADE
VIC1,2026/07/24 12:30:00,6812.11,19.18,TRADE
VIC1,2026/07/24 12:35:00,6666.79,1.42,TRADE
VIC1,2026/07/24 12:40:00,6720.31,8.94,TRADE
VIC1,2026/07/24 12:45:00,6750.48,5.45,TRADE
VIC1,2026/07/24 12:50:00,6730.81,5.47,TRADE
VIC1,2026/07/24 12:55:00,6665.97,5.56,TRADE
VIC1,2026/07/24 13:00:00,6652.36,4.55,TRADE
VIC1,2026/07/24 13:05:00,6674.97,5.53,TRADE
VIC1,2026/07/24 13:10:00,6687.82,5.55,TRADE
VIC1,2026/07/24 13:15:00,6581.57,1.42,TRADE
VIC1,2026/07/24 13:20:00,6633.49,1.36,TRADE
VIC1,2026/07/24 13:25:00,6703.89,4.64,TRADE
VIC1,2026/07/24 13:30:00,6656.4,1.36,TRADE
VIC1,2026/07/24 13:35:00,6752.49,4.60,TRADE
VIC1,2026/07/24 13:40:00,6704.38,4.64,TRADE
VIC1,2026/07/24 13:45:00,6706.18,4.63,TRADE
VIC1,2026/07/24 13:50:00,6738.3,10.50,TRADE
VIC1,2026/07/24 13:55:00,6749.77,22.12,TRADE
VIC1,2026/07/24 14:00:00,6826.06,10.50,TRADE
VIC1,2026/07/24 14:05:00,6704.18,10.50,TRADE
VIC1,2026/07/24 14:10:00,6628.25,0.01,TRADE
VIC1,2026/07/24 14:15:00,6657.07,1.42,TRADE
VIC1,2026/07/24 14:20:00,6660.08,10.50,TRADE
VIC1,2026/07/24 14:25:00,6612.77,10.50,TRADE
VIC1,2026/07/24 14:30:00,6637.44,1.42,TRADE
VIC1,2026/07/24 14:35:00,6603.56,4.60,TRADE
VIC1,2026/07/24 14:40:00,6542.1,1.05,TRADE
VIC1,2026/07/24 14:45:00,6441.72,1.42,TRADE
VIC1,2026/07/24 14:50:00,6414.29,0,TRADE
VIC1,2026/07/24 14:55:00,6439.93,0,TRADE
VIC1,2026/07/24 15:00:00,6391.08,-1.10,TRADE
VIC1,2026/07/24 15:05:00,6412.78,-0.02,TRADE
VIC1,2026/07/24 15:10:00,6460.89,-0.02,TRADE
VIC1,2026/07/24 15:15:00,6547.68,0,TRADE
VIC1,2026/07/24 15:20:00,6653.42,0,TRADE
VIC1,2026/07/24 15:25:00,6631.65,10.50,TRADE
VIC1,2026/07/24 15:30:00,6728.38,10.50,TRADE
VIC1,2026/07/24 15:35:00,6889.88,15.14,TRADE
VIC1,2026/07/24 15:40:00,6963.78,10.50,TRADE
VIC1,2026/07/24 15:45:00,7027.19,10.65,TRADE
VIC1,2026/07/24 15:50:00,7103.7,16.28,TRADE
VIC1,2026/07/24 15:55:00,7204.37,44.10,TRADE
VIC1,2026/07/24 16:00:00,7305.54,57.68,TRADE
VIC1,2026/07/24 16:05:00,7340.97,66,TRADE
VIC1,2026/07/24 16:10:00,7294.37,77.71,TRADE
VIC1,2026/07/24 16:15:00,7319.09,78.26,TRADE
VIC1,2026/07/24 16:20:00,7406.06,78.15,TRADE
VIC1,2026/07/24 16:25:00,7504.6,77.31,TRADE
VIC1,2026/07/24 16:30:00,7486.57,77.20,TRADE
VIC1,2026/07/24 16:35:00,7528.63,68.01,TRADE
VIC1,2026/07/24 16:40:00,7608.63,57.68,TRADE
VIC1,2026/07/24 16:45:00,7632.04,68.93,TRADE
VIC1,2026/07/24 16:50:00,7665.3,66.12,TRADE
VIC1,2026/07/24 16:55:00,7852.67,74.96,TRADE
VIC1,2026/07/24 17:00:00,7784.77,78.55,TRADE
VIC1,2026/07/24 17:05:00,7851.81,56.05,TRADE
VIC1,2026/07/24 17:10:00,7944.03,61.65,TRADE
VIC1,2026/07/24 17:15:00,7978.47,56.05,TRADE
VIC1,2026/07/24 17:20:00,8007.78,56.05,TRADE
VIC1,2026/07/24 17:25:00,8043.49,56.05,TRADE
VIC1,2026/07/24 17:30:00,8067.92,61.77,TRADE
VIC1,2026/07/24 17:35:00,8130.41,57.59,TRADE
VIC1,2026/07/24 17:40:00,7995.17,52.18,TRADE
VIC1,2026/07/24 17:45:00,8117.85,25.43,TRADE
VIC1,2026/07/24 17:50:00,8205.7,60.67,TRADE
VIC1,2026/07/24 17:55:00,8172.98,30.59,TRADE
VIC1,2026/07/24 18:00:00,8200.17,50.30,TRADE
VIC1,2026/07/24 18:05:00,8142.7,58.51,TRADE
VIC1,2026/07/24 18:10:00,8152.2,26.80,TRADE
VIC1,2026/07/24 18:15:00,8169.18,52.97,TRADE
VIC1,2026/07/24 18:20:00,7992.72,22.67,TRADE
VIC1,2026/07/24 18:25:00,8009.07,18.48,TRADE
VIC1,2026/07/24 18:30:00,8058.55,20.31,TRADE
VIC1,2026/07/24 18:35:00,8051.94,26.90,TRADE
VIC1,2026/07/24 18:40:00,8073.3,53.36,TRADE
VIC1,2026/07/24 18:45:00,8006.5,25.43,TRADE
VIC1,2026/07/24 18:50:00,8030.97,25.43,TRADE
VIC1,2026/07/24 18:55:00,7953.53,16.99,TRADE
VIC1,2026/07/24 19:00:00,7984.2,12.72,TRADE
VIC1,2026/07/24 19:05:00,7879.04,10.50,TRADE
VIC1,2026/07/24 19:10:00,7868.13,10.65,TRADE
VIC1,2026/07/24 19:15:00,7863.28,18.48,TRADE
VIC1,2026/07/24 19:20:00,7817.54,25.43,TRADE
VIC1,2026/07/24 19:25:00,7857.24,22.67,TRADE
VIC1,2026/07/24 19:30:00,7784.66,10.50,TRADE
VIC1,2026/07/24 19:35:00,7798.45,10.50,TRADE
VIC1,2026/07/24 19:40:00,7767.48,10.50,TRADE
VIC1,2026/07/24 19:45:00,7785.12,10.50,TRADE
VIC1,2026/07/24 19:50:00,7713.26,10.50,TRADE
VIC1,2026/07/24 19:55:00,7728.68,10.50,TRADE
VIC1,2026/07/24 20:00:00,7714.14,10.50,TRADE
VIC1,2026/07/24 20:05:00,7700.93,10.50,TRADE
VIC1,2026/07/24 20:10:00,7579.08,10.50,TRADE
VIC1,2026/07/24 20:15:00,7613.59,10.50,TRADE
VIC1,2026/07/24 20:20:00,7621.53,28.52,TRADE
VIC1,2026/07/24 20:25:00,7498.77,-2.01,TRADE
VIC1,2026/07/24 20:30:00,7510.06,12.96,TRADE
VIC1,2026/07/24 20:35:00,7517.89,9.70,TRADE
VIC1,2026/07/24 20:40:00,7392.06,-33.58,TRADE
VIC1,2026/07/24 20:45:00,7472.23,22.67,TRADE
VIC1,2026/07/24 20:50:00,7422.93,57.68,TRADE
VIC1,2026/07/24 20:55:00,7464.34,22.76,TRADE
VIC1,2026/07/24 21:00:00,7438.77,12.95,TRADE
VIC1,2026/07/24 21:05:00,7317.16,-12.75,TRADE
VIC1,2026/07/24 21:10:00,7337.22,-1.10,TRADE
VIC1,2026/07/24 21:15:00,7259.49,12.84,TRADE
VIC1,2026/07/24 21:20:00,7182,8.94,TRADE
VIC1,2026/07/24 21:25:00,7215.22,10.50,TRADE
VIC1,2026/07/24 21:30:00,7164.71,10.50,TRADE
VIC1,2026/07/24 21:35:00,7141.39,10.50,TRADE
VIC1,2026/07/24 21:40:00,7118.93,10.50,TRADE
VIC1,2026/07/24 21:45:00,6977.75,8.94,TRADE
VIC1,2026/07/24 21:50:00,6889.73,10.50,TRADE
VIC1,2026/07/24 21:55:00,6800.92,8.94,TRADE
VIC1,2026/07/24 22:00:00,6826.95,10.50,TRADE
VIC1,2026/07/24 22:05:00,6699.37,10.50,TRADE
VIC1,2026/07/24 22:10:00,6711.03,10.50,TRADE
VIC1,2026/07/24 22:15:00,6661.62,8.94,TRADE
VIC1,2026/07/24 22:20:00,6621.84,8.94,TRADE
VIC1,2026/07/24 22:25:00,6608.02,10.50,TRADE
VIC1,2026/07/24 22:30:00,6544.38,10.50,TRADE
VIC1,2026/07/24 22:35:00,6422.59,10.50,TRADE
VIC1,2026/07/24 22:40:00,6383.13,10.50,TRADE
VIC1,2026/07/24 22:45:00,6357.78,10.50,TRADE
VIC1,2026/07/24 22:50:00,6335.66,9,TRADE
VIC1,2026/07/24 22:55:00,6232.21,8.94,TRADE
VIC1,2026/07/24 23:00:00,6266.33,10.65,TRADE
VIC1,2026/07/24 23:05:00,6227.07,10.50,TRADE
VIC1,2026/07/24 23:10:00,6302.06,22.67,TRADE
VIC1,2026/07/24 23:15:00,6287,10.50,TRADE
VIC1,2026/07/24 23:20:00,6217.79,22.67,TRADE
VIC1,2026/07/24 23:25:00,6285.89,22.12,TRADE
VIC1,2026/07/24 23:30:00,6252.14,10.50,TRADE
VIC1,2026/07/24 23:35:00,6260.96,8.94,TRADE
VIC1,2026/07/24 23:40:00,6157.16,8.94,TRADE
VIC1,2026/07/24 23:45:00,6131.7,10.50,TRADE
VIC1,2026/07/24 23:50:00,6086.81,8.94,TRADE
VIC1,2026/07/24 23:55:00,5925.13,5.79,TRADE
VIC1,2026/07/25 00:00:00,5926.02,6.92,TRADE
VIC1,2026/07/25 00:05:00,5904.47,8.94,TRADE
VIC1,2026/07/25 00:10:00,5892.09,8.94,TRADE
VIC1,2026/07/25 00:15:00,5878.17,6.89,TRADE
VIC1,2026/07/25 00:20:00,5849.86,8.94,TRADE
VIC1,2026/07/25 00:25:00,5811.4,5.75,TRADE
VIC1,2026/07/25 00:30:00,5789.78,8.94,TRADE
VIC1,2026/07/25 00:35:00,5680.37,10.65,TRADE
VIC1,2026/07/25 00:40:00,5705.92,10.65,TRADE
VIC1,2026/07/25 00:45:00,5670.59,10.50,TRADE
VIC1,2026/07/25 00:50:00,5568.6,5.71,TRADE
VIC1,2026/07/25 00:55:00,5303.77,5.51,TRADE
VIC1,2026/07/25 01:00:00,5277.74,5.46,TRADE
VIC1,2026/07/25 01:05:00,5267.75,5.45,TRADE
VIC1,2026/07/25 01:10:00,5252.35,5.08,TRADE
VIC1,2026/07/25 01:15:00,5103.25,5.08,TRADE
VIC1,2026/07/25 01:20:00,5313.31,8.94,TRADE
VIC1,2026/07/25 01:25:00,5377.9,5.08,TRADE
VIC1,2026/07/25 01:30:00,5293.71,5.47,TRADE
VIC1,2026/07/25 01:35:00,5319.82,5.08,TRADE
VIC1,2026/07/25 01:40:00,5284.51,5.08,TRADE
VIC1,2026/07/25 01:45:00,5281.76,5.64,TRADE
VIC1,2026/07/25 01:50:00,5247.4,5.57,TRADE
VIC1,2026/07/25 01:55:00,5130.21,5.67,TRADE
VIC1,2026/07/25 02:00:00,5099.32,5.71,TRADE
VIC1,2026/07/25 02:05:00,5064.48,8.81,TRADE
VIC1,2026/07/25 02:10:00,5116.67,8.81,TRADE
VIC1,2026/07/25 02:15:00,5121.41,6.75,TRADE
VIC1,2026/07/25 02:20:00,5017.41,0.62,TRADE
VIC1,2026/07/25 02:25:00,5084,0.62,TRADE
VIC1,2026/07/25 02:30:00,5087.49,5.55,TRADE
VIC1,2026/07/25 02:35:00,5057.32,5.50,TRADE
VIC1,2026/07/25 02:40:00,5031.83,5.08,TRADE
VIC1,2026/07/25 02:45:00,4991.31,0.01,TRADE
VIC1,2026/07/25 02:50:00,4912.14,0,TRADE
VIC1,2026/07/25 02:55:00,4911.68,0.01,TRADE
VIC1,2026/07/25 03:00:00,4838.22,0,TRADE
VIC1,2026/07/25 03:05:00,4818.22,0.01,TRADE
VIC1,2026/07/25 03:10:00,4791.14,0.01,TRADE
VIC1,2026/07/25 03:15:00,4808.9,0.01,TRADE
VIC1,2026/07/25 03:20:00,4853.51,0.15,TRADE
VIC1,2026/07/25 03:25:00,4800.22,0.15,TRADE
VIC1,2026/07/25 03:30:00,4818.52,0.64,TRADE
VIC1,2026/07/25 03:35:00,4807.45,0.09,TRADE
VIC1,2026/07/25 03:40:00,4822.49,0.01,TRADE
VIC1,2026/07/25 03:45:00,4802.62,0.15,TRADE
VIC1,2026/07/25 03:50:00,4734.98,0.11,TRADE
VIC1,2026/07/25 03:55:00,4687.36,0,TRADE
VIC1,2026/07/25 04:00:00,4673.48,-0.02,TRADE
VIC1,2026/07/25 04:05:00,4673.82,0,TRADE
VIC1,2026/07/25 04:10:00,4721.91,0,TRADE
VIC1,2026/07/25 04:15:00,4673.2,0,TRADE
VIC1,2026/07/25 04:20:00,4662.07,0,TRADE
VIC1,2026/07/25 04:25:00,4741.4,0.01,TRADE
VIC1,2026/07/25 04:30:00,4764.28,0.01,TRADE
VIC1,2026/07/25 04:35:00,4739.37,0,TRADE
VIC1,2026/07/25 04:40:00,4778.59,0,TRADE
VIC1,2026/07/25 04:45:00,4724.77,0.01,TRADE
VIC1,2026/07/25 04:50:00,4734.12,0.01,TRADE
VIC1,2026/07/25 04:55:00,4763.23,0.13,TRADE
VIC1,2026/07/25 05:00:00,4713.12,0,TRADE
VIC1,2026/07/25 05:05:00,4813.08,0.01,TRADE
VIC1,2026/07/25 05:10:00,4847.42,5.08,TRADE
VIC1,2026/07/25 05:15:00,4882.68,0.13,TRADE
VIC1,2026/07/25 05:20:00,4896.6,0.12,TRADE
VIC1,2026/07/25 05:25:00,4817.63,0.13,TRADE
VIC1,2026/07/25 05:30:00,4819.11,-1.10,TRADE
VIC1,2026/07/25 05:35:00,4828.03,-1.10,TRADE
VIC1,2026/07/25 05:40:00,4881.73,-1.10,TRADE
VIC1,2026/07/25 05:45:00,4942.4,-1.10,TRADE
VIC1,2026/07/25 05:50:00,4893.22,-1.10,TRADE
VIC1,2026/07/25 05:55:00,4981.7,-1.10,TRADE
VIC1,2026/07/25 06:00:00,5014.43,-1.10,TRADE
VIC1,2026/07/25 06:05:00,5033.57,-1.10,TRADE
VIC1,2026/07/25 06:10:00,5111.13,0.01,TRADE
VIC1,2026/07/25 06:15:00,5154.17,0.01,TRADE
VIC1,2026/07/25 06:20:00,5181.4,5.08,TRADE
VIC1,2026/07/25 06:25:00,5159.5,8.94,TRADE
VIC1,2026/07/25 06:30:00,5195.8,6.81,TRADE
VIC1,2026/07/25 06:35:00,5254.25,7.64,TRADE
VIC1,2026/07/25 06:40:00,5373.23,8.94,TRADE
VIC1,2026/07/25 06:45:00,5419.4,8.94,TRADE
VIC1,2026/07/25 06:50:00,5416.4,8.94,TRADE
VIC1,2026/07/25 06:55:00,5443.92,8.94,TRADE
VIC1,2026/07/25 07:00:00,5499.03,9.93,TRADE
VIC1,2026/07/25 07:05:00,5574.4,10.50,TRADE
VIC1,2026/07/25 07:10:00,5514.05,10.50,TRADE
VIC1,2026/07/25 07:15:00,5605.7,10.50,TRADE
VIC1,2026/07/25 07:20:00,5718.5,10.50,TRADE
VIC1,2026/07/25 07:25:00,5835.48,10.50,TRADE
VIC1,2026/07/25 07:30:00,5850.65,22.67,TRADE
VIC1,2026/07/25 07:35:00,5894.5,22.67,TRADE
VIC1,2026/07/25 07:40:00,5981.94,10.65,TRADE
VIC1,2026/07/25 07:45:00,6013.75,37.67,TRADE
VIC1,2026/07/25 07:50:00,5981.15,10.65,TRADE
VIC1,2026/07/25 07:55:00,6085.26,10.50,TRADE
VIC1,2026/07/25 08:00:00,6099.36,8.94,TRADE
VIC1,2026/07/25 08:05:00,6037.24,8.94,TRADE
VIC1,2026/07/25 08:10:00,6126.37,10.65,TRADE
VIC1,2026/07/25 08:15:00,6053.84,8.94,TRADE
VIC1,2026/07/25 08:20:00,6057.85,8.94,TRADE
VIC1,2026/07/25 08:25:00,6042.7,8.94,TRADE
VIC1,2026/07/25 08:30:00,5987.77,8.94,TRADE
VIC1,2026/07/25 08:35:00,5928.81,8.94,TRADE
VIC1,2026/07/25 08:40:00,6010.62,8.94,TRADE
VIC1,2026/07/25 08:45:00,6001.95,10.50,TRADE
VIC1,2026/07/25 08:50:00,5930.34,10.50,TRADE
VIC1,2026/07/25 08:55:00,5978.65,10.50,TRADE
VIC1,2026/07/25 09:00:00,5980.81,22.67,TRADE
VIC1,2026/07/25 09:05:00,6049.97,22.12,TRADE
VIC1,2026/07/25 09:10:00,6092.28,22.67,TRADE
VIC1,2026/07/25 09:15:00,6048.08,22.12,TRADE
VIC1,2026/07/25 09:20:00,6089.57,12.71,TRADE
VIC1,2026/07/25 09:25:00,6138.89,10.50,TRADE
VIC1,2026/07/25 09:30:00,6137.96,10.50,TRADE
VIC1,2026/07/25 09:35:00,6110.62,10.50,TRADE
VIC1,2026/07/25 09:40:00,6108.48,10.50,TRADE
VIC1,2026/07/25 09:45:00,6072.35,10.50,TRADE
VIC1,2026/07/25 09:50:00,6045.71,10.50,TRADE
VIC1,2026/07/25 09:55:00,5986.47,1.42,TRADE
VIC1,2026/07/25 10:00:00,5899.67,10.29,TRADE
VIC1,2026/07/25 10:05:00,5959.51,10.50,TRADE
VIC1,2026/07/25 10:10:00,6066.02,15.65,TRADE
VIC1,2026/07/25 10:15:00,6051.02,10.50,TRADE
VIC1,2026/07/25 10:20:00,6055.48,10.50,TRADE
VIC1,2026/07/25 10:25:00,6040.98,10.50,TRADE
VIC1,2026/07/25 10:30:00,5887.83,8.94,TRADE
VIC1,2026/07/25 10:35:00,5887.72,3.39,TRADE
VIC1,2026/07/25 10:40:00,5853.85,5.08,TRADE
VIC1,2026/07/25 10:45:00,5799.8,5.08,TRADE
VIC1,2026/07/25 10:50:00,5747.48,0.01,TRADE
VIC1,2026/07/25 10:55:00,5702.91,1.42,TRADE
VIC1,2026/07/25 11:00:00,5698.42,-1.10,TRADE
VIC1,2026/07/25 11:05:00,5714.52,2.45,TRADE
VIC1,2026/07/25 11:10:00,5924.82,13.51,TRADE
VIC1,2026/07/25 11:15:00,5852.67,2.40,TRADE
VIC1,2026/07/25 11:20:00,5879.93,1.86,TRADE
VIC1,2026/07/25 11:25:00,5860.28,10.50,TRADE
VIC1,2026/07/25 11:30:00,5796.11,-1.10,TRADE
VIC1,2026/07/25 11:35:00,5743.04,5.08,TRADE
VIC1,2026/07/25 11:40:00,5638.24,3.71,TRADE
VIC1,2026/07/25 11:45:00,5700.8,10.50,TRADE
VIC1,2026/07/25 11:50:00,5652.7,8.94,TRADE
VIC1,2026/07/25 11:55:00,5586.86,5.08,TRADE
VIC1,2026/07/25 12:00:00,5561.86,0.01,TRADE
VIC1,2026/07/25 12:05:00,5487.13,-1.15,TRADE
VIC1,2026/07/25 12:10:00,5461.69,0.01,TRADE
VIC1,2026/07/25 12:15:00,5463.99,1.59,TRADE
VIC1,2026/07/25 12:20:00,5309.67,-1.10,TRADE
VIC1,2026/07/25 12:25:00,5290.21,8.68,TRADE
VIC1,2026/07/25 12:30:00,5231.08,0.28,TRADE
VIC1,2026/07/25 12:35:00,5156.16,0.15,TRADE
VIC1,2026/07/25 12:40:00,5175.22,0.13,TRADE
VIC1,2026/07/25 12:45:00,5165.91,0.17,TRADE
VIC1,2026/07/25 12:50:00,5166.38,0.01,TRADE
VIC1,2026/07/25 12:55:00,5122.3,0.01,TRADE
VIC1,2026/07/25 13:00:00,5089.31,0,TRADE
VIC1,2026/07/25 13:05:00,5100.93,0,TRADE
VIC1,2026/07/25 13:10:00,5059.81,0,TRADE
VIC1,2026/07/25 13:15:00,5113.42,0,TRADE
VIC1,2026/07/25 13:20:00,5151.96,-1.10,TRADE
VIC1,2026/07/25 13:25:00,5103.26,-1.97,TRADE
VIC1,2026/07/25 13:30:00,5192.38,-1.55,TRADE
VIC1,2026/07/25 13:35:00,5227.88,-1.97,TRADE
VIC1,2026/07/25 13:40:00,5215.06,-1.15,TRADE
VIC1,2026/07/25 13:45:00,5235.64,-1.15,TRADE
VIC1,2026/07/25 13:50:00,5198.35,-1.15,TRADE
VIC1,2026/07/25 13:55:00,5219.42,-1.15,TRADE
VIC1,2026/07/25 14:00:00,5289.59,-1.94,TRADE
VIC1,2026/07/25 14:05:00,5287.84,-4.95,TRADE
VIC1,2026/07/25 14:10:00,5180.85,-5,TRADE
VIC1,2026/07/25 14:15:00,5126.99,-6.51,TRADE
VIC1,2026/07/25 14:20:00,5178.24,-6.50,TRADE
VIC1,2026/07/25 14:25:00,5177.59,-5,TRADE
VIC1,2026/07/25 14:30:00,5117.58,-5,TRADE
VIC1,2026/07/25 14:35:00,5070.04,-1.97,TRADE
VIC1,2026/07/25 14:40:00,5136.96,-1.15,TRADE
VIC1,2026/07/25 14:45:00,5074.01,-1.15,TRADE
VIC1,2026/07/25 14:50:00,5096.71,-1.10,TRADE
VIC1,2026/07/25 14:55:00,5103.6,0,TRADE
VIC1,2026/07/25 15:00:00,5184.6,0.06,TRADE
VIC1,2026/07/25 15:05:00,5178.59,-1.15,TRADE
VIC1,2026/07/25 15:10:00,5129.76,-2.54,TRADE
VIC1,2026/07/25 15:15:00,5195.08,-2.06,TRADE
VIC1,2026/07/25 15:20:00,5186.21,-2.54,TRADE
VIC1,2026/07/25 15:25:00,5248.53,0,TRADE
VIC1,2026/07/25 15:30:00,5315.71,0,TRADE
VIC1,2026/07/25 15:35:00,5396.46,0,TRADE
VIC1,2026/07/25 15:40:00,5438.26,42.47,TRADE
VIC1,2026/07/25 15:45:00,5514.06,0.74,TRADE
VIC1,2026/07/25 15:50:00,5574.71,10.48,TRADE
VIC1,2026/07/25 15:55:00,5633.46,10.50,TRADE
VIC1,2026/07/25 16:00:00,5680.66,13.30,TRADE
VIC1,2026/07/25 16:05:00,5747.54,10.50,TRADE
VIC1,2026/07/25 16:10:00,5669.96,8.94,TRADE
VIC1,2026/07/25 16:15:00,5750.45,16.99,TRADE
VIC1,2026/07/25 16:20:00,5863.71,12.64,TRADE
VIC1,2026/07/25 16:25:00,5945.39,55.75,TRADE
VIC1,2026/07/25 16:30:00,6033.32,55.75,TRADE
VIC1,2026/07/25 16:35:00,6068.66,56.05,TRADE
VIC1,2026/07/25 16:40:00,6145.98,56.05,TRADE
VIC1,2026/07/25 16:45:00,6215.41,52.26,TRADE
VIC1,2026/07/25 16:50:00,6202.22,27.65,TRADE
VIC1,2026/07/25 16:55:00,6306.75,25.43,TRADE
VIC1,2026/07/25 17:00:00,6409.39,73.01,TRADE
VIC1,2026/07/25 17:05:00,6475.79,68.48,TRADE
VIC1,2026/07/25 17:10:00,6489.71,66,TRADE
VIC1,2026/07/25 17:15:00,6597.94,66,TRADE
VIC1,2026/07/25 17:20:00,6702.95,66,TRADE
VIC1,2026/07/25 17:25:00,6771.36,66,TRADE
VIC1,2026/07/25 17:30:00,6791.66,58.30,TRADE
VIC1,2026/07/25 17:35:00,6799.45,33.48,TRADE
VIC1,2026/07/25 17:40:00,6848.35,33.48,TRADE
VIC1,2026/07/25 17:45:00,6963.31,33.48,TRADE
VIC1,2026/07/25 17:50:00,7023.42,68.48,TRADE
VIC1,2026/07/25 17:55:00,7068.72,68.48,TRADE
VIC1,2026/07/25 18:00:00,7110.06,68.48,TRADE
VIC1,2026/07/25 18:05:00,7080.18,68.48,TRADE
VIC1,2026/07/25 18:10:00,7054.91,56.05,TRADE
VIC1,2026/07/25 18:15:00,6966.94,32.97,TRADE
VIC1,2026/07/25 18:20:00,7005.52,25.43,TRADE
VIC1,2026/07/25 18:25:00,7054.34,25.51,TRADE
VIC1,2026/07/25 18:30:00,7052.94,33.48,TRADE
VIC1,2026/07/25 18:35:00,7034.27,33.48,TRADE
VIC1,2026/07/25 18:40:00,6978,33.48,TRADE
VIC1,2026/07/25 18:45:00,7017.97,33.47,TRADE
VIC1,2026/07/25 18:50:00,6952.87,32.97,TRADE
VIC1,2026/07/25 18:55:00,6939.8,32.97,TRADE
VIC1,2026/07/25 19:00:00,6928.46,33.48,TRADE
VIC1,2026/07/25 19:05:00,6843.62,34.20,TRADE
VIC1,2026/07/25 19:10:00,6859.97,68.48,TRADE
VIC1,2026/07/25 19:15:00,6892.17,72.30,TRADE
VIC1,2026/07/25 19:20:00,6858.52,68.48,TRADE
VIC1,2026/07/25 19:25:00,6799.26,68.48,TRADE
VIC1,2026/07/25 19:30:00,6839.27,69.57,TRADE
VIC1,2026/07/25 19:35:00,6784.59,72.26,TRADE
VIC1,2026/07/25 19:40:00,6780.92,73.75,TRADE
VIC1,2026/07/25 19:45:00,6690.62,73.10,TRADE
VIC1,2026/07/25 19:50:00,6678.04,73.17,TRADE
VIC1,2026/07/25 19:55:00,6716.57,72.90,TRADE
VIC1,2026/07/25 20:00:00,6717.69,68.48,TRADE
VIC1,2026/07/25 20:05:00,6637.86,71.52,TRADE
VIC1,2026/07/25 20:10:00,6682.56,73.62,TRADE
VIC1,2026/07/25 20:15:00,6623.69,72.15,TRADE
VIC1,2026/07/25 20:20:00,6669.48,75.77,TRADE
VIC1,2026/07/25 20:25:00,6601.32,72.16,TRADE
VIC1,2026/07/25 20:30:00,6475.22,68.48,TRADE
VIC1,2026/07/25 20:35:00,6506.22,68.48,TRADE
VIC1,2026/07/25 20:40:00,6578.16,75.77,TRADE
VIC1,2026/07/25 20:45:00,6571.85,75.68,TRADE
VIC1,2026/07/25 20:50:00,6553.36,72.20,TRADE
VIC1,2026/07/25 20:55:00,6519.28,78.12,TRADE
VIC1,2026/07/25 21:00:00,6487.96,78.12,TRADE
VIC1,2026/07/25 21:05:00,6485.84,74.95,TRADE
VIC1,2026/07/25 21:10:00,6416.16,72.32,TRADE
VIC1,2026/07/25 21:15:00,6378.58,68.48,TRADE
VIC1,2026/07/25 21:20:00,6368.27,72.22,TRADE
VIC1,2026/07/25 21:25:00,6423.89,72.72,TRADE
VIC1,2026/07/25 21:30:00,6420.06,68.93,TRADE
VIC1,2026/07/25 21:35:00,6372.13,69.78,TRADE
VIC1,2026/07/25 21:40:00,6342.19,80.66,TRADE
VIC1,2026/07/25 21:45:00,6331.61,86.80,TRADE
VIC1,2026/07/25 21:50:00,6219.41,76.01,TRADE
VIC1,2026/07/25 21:55:00,6227.98,69.56,TRADE
VIC1,2026/07/25 22:00:00,6202.22,78.12,TRADE
VIC1,2026/07/25 22:05:00,6069.23,79.75,TRADE
VIC1,2026/07/25 22:10:00,6119,75.42,TRADE
VIC1,2026/07/25 22:15:00,6159.58,78.12,TRADE
VIC1,2026/07/25 22:20:00,6078.4,78.12,TRADE
VIC1,2026/07/25 22:25:00,6076.71,80.22,TRADE
VIC1,2026/07/25 22:30:00,5980.39,69.25,TRADE
VIC1,2026/07/25 22:35:00,6013.19,74.24,TRADE
VIC1,2026/07/25 22:40:00,5950.64,81.47,TRADE
VIC1,2026/07/25 22:45:00,5918.79,78.19,TRADE
VIC1,2026/07/25 22:50:00,5913.16,67.01,TRADE
VIC1,2026/07/25 22:55:00,5834.39,66.39,TRADE
VIC1,2026/07/25 23:00:00,5894.4,74.10,TRADE
VIC1,2026/07/25 23:05:00,5802.97,72.01,TRADE
VIC1,2026/07/25 23:10:00,5963.11,78.59,TRADE
VIC1,2026/07/25 23:15:00,5953.14,83.93,TRADE
VIC1,2026/07/25 23:20:00,5918.8,75.57,TRADE
VIC1,2026/07/25 23:25:00,5935.88,67.45,TRADE
VIC1,2026/07/25 23:30:00,5897.81,75.08,TRADE
VIC1,2026/07/25 23:35:00,5918.02,75.37,TRADE
VIC1,2026/07/25 23:40:00,5856.34,74.61,TRADE
VIC1,2026/07/25 23:45:00,5747.94,69.15,TRADE
VIC1,2026/07/25 23:50:00,5770.43,69.72,TRADE
VIC1,2026/07/25 23:55:00,5704.16,67.16,TRADE
VIC1,2026/07/26 00:00:00,5668.07,59.55,TRADE
VIC1,2026/07/26 00:05:00,5686.11,59.58,TRADE
VIC1,2026/07/26 00:10:00,5676.31,63.56,TRADE
VIC1,2026/07/26 00:15:00,5680.73,68.19,TRADE
VIC1,2026/07/26 00:20:00,5568.66,58.62,TRADE
VIC1,2026/07/26 00:25:00,5535.04,68.35,TRADE
VIC1,2026/07/26 00:30:00,5498.75,55.39,TRADE
VIC1,2026/07/26 00:35:00,5441.95,63.04,TRADE
VIC1,2026/07/26 00:40:00,5411.62,62.09,TRADE
VIC1,2026/07/26 00:45:00,5450.54,63.11,TRADE
VIC1,2026/07/26 00:50:00,5436.94,58.04,TRADE
VIC1,2026/07/26 00:55:00,5339.87,53.42,TRADE
VIC1,2026/07/26 01:00:00,5356.17,53.42,TRADE
VIC1,2026/07/26 01:05:00,5348.83,20.68,TRADE
VIC1,2026/07/26 01:10:00,5379.72,68.44,TRADE
VIC1,2026/07/26 01:15:00,5336.64,69.96,TRADE
VIC1,2026/07/26 01:20:00,5322.33,58.52,TRADE
VIC1,2026/07/26 01:25:00,5215.7,62.47,TRADE
VIC1,2026/07/26 01:30:00,5217.07,58.43,TRADE
VIC1,2026/07/26 01:35:00,5126.57,35.94,TRADE
VIC1,2026/07/26 01:40:00,5107.79,75.20,TRADE
VIC1,2026/07/26 01:45:00,5129.22,75.88,TRADE
VIC1,2026/07/26 01:50:00,5104.29,76.71,TRADE
VIC1,2026/07/26 01:55:00,5060.11,71.16,TRADE
VIC1,2026/07/26 02:00:00,5043.97,71.62,TRADE
VIC1,2026/07/26 02:05:00,5060.68,78.62,TRADE
VIC1,2026/07/26 02:10:00,5050.6,71.39,TRADE
VIC1,2026/07/26 02:15:00,4969.11,64.11,TRADE
VIC1,2026/07/26 02:20:00,4936.34,65.63,TRADE
VIC1,2026/07/26 02:25:00,4926.68,77.28,TRADE
VIC1,2026/07/26 02:30:00,4900.54,73.79,TRADE
VIC1,2026/07/26 02:35:00,4875.04,71.69,TRADE
VIC1,2026/07/26 02:40:00,4849.66,65.54,TRADE
VIC1,2026/07/26 02:45:00,4914.31,81.56,TRADE
VIC1,2026/07/26 02:50:00,4817.78,74.96,TRADE
VIC1,2026/07/26 02:55:00,4851.72,65.99,TRADE
VIC1,2026/07/26 03:00:00,4845.14,66,TRADE
VIC1,2026/07/26 03:05:00,4838.5,82.43,TRADE
VIC1,2026/07/26 03:10:00,4827.6,75.50,TRADE
VIC1,2026/07/26 03:15:00,4845.69,75.17,TRADE
VIC1,2026/07/26 03:20:00,4812.93,68.38,TRADE
VIC1,2026/07/26 03:25:00,4735.61,68.24,TRADE
VIC1,2026/07/26 03:30:00,4711.44,73.92,TRADE
VIC1,2026/07/26 03:35:00,4712.93,68.42,TRADE
VIC1,2026/07/26 03:40:00,4685.54,60.17,TRADE
VIC1,2026/07/26 03:45:00,4689.55,53.42,TRADE
VIC1,2026/07/26 03:50:00,4690.74,61.10,TRADE
VIC1,2026/07/26 03:55:00,4755.14,66.98,TRADE
VIC1,2026/07/26 04:00:00,4726.25,53.42,TRADE
VIC1,2026/07/26 04:05:00,4719.56,53.28,TRADE
VIC1,2026/07/26 04:10:00,4750.35,53.42,TRADE
VIC1,2026/07/26 04:15:00,4727.13,53.28,TRADE
VIC1,2026/07/26 04:20:00,4766.05,57.17,TRADE
VIC1,2026/07/26 04:25:00,4664.7,53.28,TRADE
VIC1,2026/07/26 04:30:00,4673.81,53.28,TRADE
VIC1,2026/07/26 04:35:00,4695.19,53.28,TRADE
VIC1,2026/07/26 04:40:00,4658.04,53.28,TRADE
VIC1,2026/07/26 04:45:00,4643.01,35.94,TRADE
VIC1,2026/07/26 04:50:00,4639.85,61.08,TRADE
VIC1,2026/07/26 04:55:00,4624.63,61.06,TRADE
VIC1,2026/07/26 05:00:00,4707.78,61.54,TRADE
VIC1,2026/07/26 05:05:00,4711.38,61.98,TRADE
VIC1,2026/07/26 05:10:00,4688.05,70.89,TRADE
VIC1,2026/07/26 05:15:00,4771.41,79.01,TRADE
VIC1,2026/07/26 05:20:00,4784.5,75.57,TRADE
VIC1,2026/07/26 05:25:00,4744.42,75.18,TRADE
VIC1,2026/07/26 05:30:00,4797.82,53.42,TRADE
VIC1,2026/07/26 05:35:00,4817.47,20.68,TRADE
VIC1,2026/07/26 05:40:00,4868.48,20.68,TRADE
VIC1,2026/07/26 05:45:00,4830.55,19.18,TRADE
VIC1,2026/07/26 05:50:00,4836.02,11.68,TRADE
VIC1,2026/07/26 05:55:00,4884.87,22.12,TRADE
VIC1,2026/07/26 06:00:00,4859.97,53.42,TRADE
VIC1,2026/07/26 06:05:00,4880.5,22.12,TRADE
VIC1,2026/07/26 06:10:00,5003.81,53.28,TRADE
VIC1,2026/07/26 06:15:00,4991.41,11.68,TRADE
VIC1,2026/07/26 06:20:00,5067.9,24.42,TRADE
VIC1,2026/07/26 06:25:00,5097.22,26.99,TRADE
VIC1,2026/07/26 06:30:00,5104.73,20.68,TRADE
VIC1,2026/07/26 06:35:00,5126.15,19.18,TRADE
VIC1,2026/07/26 06:40:00,5092.84,22.12,TRADE
VIC1,2026/07/26 06:45:00,5147.32,22.12,TRADE
VIC1,2026/07/26 06:50:00,5224.43,20.68,TRADE
VIC1,2026/07/26 06:55:00,5291.29,20.68,TRADE
VIC1,2026/07/26 07:00:00,5234.02,20.63,TRADE
VIC1,2026/07/26 07:05:00,5359.11,26.82,TRADE
VIC1,2026/07/26 07:10:00,5384.94,22.12,TRADE
VIC1,2026/07/26 07:15:00,5488.26,26.28,TRADE
VIC1,2026/07/26 07:20:00,5478.43,48.67,TRADE
VIC1,2026/07/26 07:25:00,5492.25,17.19,TRADE
VIC1,2026/07/26 07:30:00,5561.38,19.18,TRADE
VIC1,2026/07/26 07:35:00,5647.82,55.67,TRADE
VIC1,2026/07/26 07:40:00,5608.11,11.63,TRADE
VIC1,2026/07/26 07:45:00,5743.39,24.42,TRADE
VIC1,2026/07/26 07:50:00,5782.38,55.67,TRADE
VIC1,2026/07/26 07:55:00,5801.41,55.67,TRADE
VIC1,2026/07/26 08:00:00,5736.49,24.42,TRADE
VIC1,2026/07/26 08:05:00,5827.95,24.42,TRADE
VIC1,2026/07/26 08:10:00,5815.36,26.33,TRADE
VIC1,2026/07/26 08:15:00,5858.72,28.45,TRADE
VIC1,2026/07/26 08:20:00,5815.51,98.48,TRADE
VIC1,2026/07/26 08:25:00,5828.04,88.36,TRADE
VIC1,2026/07/26 08:30:00,5814.73,85.57,TRADE
VIC1,2026/07/26 08:35:00,5878.03,19.18,TRADE
VIC1,2026/07/26 08:40:00,5881.32,84.88,TRADE
VIC1,2026/07/26 08:45:00,5784.53,28.52,TRADE
VIC1,2026/07/26 08:50:00,5770.09,10.65,TRADE
VIC1,2026/07/26 08:55:00,5750.47,24.42,TRADE
VIC1,2026/07/26 09:00:00,5754.11,25.45,TRADE
VIC1,2026/07/26 09:05:00,5619.54,22.12,TRADE
VIC1,2026/07/26 09:10:00,5617.88,22.12,TRADE
VIC1,2026/07/26 09:15:00,5613.95,22.12,TRADE
VIC1,2026/07/26 09:20:00,5656.31,22.12,TRADE
VIC1,2026/07/26 09:25:00,5598.91,22.12,TRADE
VIC1,2026/07/26 09:30:00,5539.34,22.12,TRADE
VIC1,2026/07/26 09:35:00,5609.83,24.42,TRADE
VIC1,2026/07/26 09:40:00,5610.77,24.42,TRADE
VIC1,2026/07/26 09:45:00,5592.19,22.12,TRADE
VIC1,2026/07/26 09:50:00,5468.68,22.12,TRADE
VIC1,2026/07/26 09:55:00,5429.96,22.12,TRADE
VIC1,2026/07/26 10:00:00,5429.54,22.12,TRADE
VIC1,2026/07/26 10:05:00,5397.52,22.12,TRADE
VIC1,2026/07/26 10:10:00,5376.71,22.12,TRADE
VIC1,2026/07/26 10:15:00,5359.26,22.12,TRADE
VIC1,2026/07/26 10:20:00,5287.4,10.65,TRADE
VIC1,2026/07/26 10:25:00,5329.84,22.12,TRADE
VIC1,2026/07/26 10:30:00,5249.42,19.18,TRADE
VIC1,2026/07/26 10:35:00,5160.53,22.12,TRADE
VIC1,2026/07/26 10:40:00,5119.19,1.61,TRADE
VIC1,2026/07/26 10:45:00,5086.6,8.94,TRADE
VIC1,2026/07/26 10:50:00,4891.68,5.08,TRADE
VIC1,2026/07/26 10:55:00,4913.98,10.50,TRADE
VIC1,2026/07/26 11:00:00,4897.13,10.50,TRADE
VIC1,2026/07/26 11:05:00,4878.81,27.64,TRADE
VIC1,2026/07/26 11:10:00,4949.71,25.45,TRADE
VIC1,2026/07/26 11:15:00,5020.28,10.50,TRADE
VIC1,2026/07/26 11:20:00,4988.21,24.42,TRADE
VIC1,2026/07/26 11:25:00,4971.38,19.18,TRADE
VIC1,2026/07/26 11:30:00,5015.06,2.06,TRADE
VIC1,2026/07/26 11:35:00,5049.52,10.50,TRADE
VIC1,2026/07/26 11:40:00,4991.97,10.50,TRADE
VIC1,2026/07/26 11:45:00,5092.01,19.18,TRADE
VIC1,2026/07/26 11:50:00,5098.24,19.18,TRADE
VIC1,2026/07/26 11:55:00,5143.38,10.65,TRADE
VIC1,2026/07/26 12:00:00,5088.47,10.50,TRADE
VIC1,2026/07/26 12:05:00,5050.41,10.50,TRADE
VIC1,2026/07/26 12:10:00,5091.18,10.65,TRADE
VIC1,2026/07/26 12:15:00,5153.13,10.66,TRADE
VIC1,2026/07/26 12:20:00,5099.68,10.50,TRADE
VIC1,2026/07/26 12:25:00,5141.23,10.65,TRADE
VIC1,2026/07/26 12:30:00,5116.79,10.50,TRADE
VIC1,2026/07/26 12:35:00,5121.04,10.65,TRADE
VIC1,2026/07/26 12:40:00,5172,19.18,TRADE
VIC1,2026/07/26 12:45:00,5087.45,19.18,TRADE
VIC1,2026/07/26 12:50:00,5059.54,10.65,TRADE
VIC1,2026/07/26 12:55:00,5046.96,24.42,TRADE
VIC1,2026/07/26 13:00:00,5136.53,24.42,TRADE
VIC1,2026/07/26 13:05:00,5051.05,8.94,TRADE
VIC1,2026/07/26 13:10:00,5099.26,10.66,TRADE
VIC1,2026/07/26 13:15:00,5112.72,19.18,TRADE
VIC1,2026/07/26 13:20:00,5087.68,10.50,TRADE
VIC1,2026/07/26 13:25:00,5087.07,10.50,TRADE
VIC1,2026/07/26 13:30:00,4933.32,10.50,TRADE
VIC1,2026/07/26 13:35:00,4988.51,10.65,TRADE
VIC1,2026/07/26 13:40:00,4978.49,24.42,TRADE
VIC1,2026/07/26 13:45:00,4896.51,19.18,TRADE
VIC1,2026/07/26 13:50:00,4958.7,19.18,TRADE
VIC1,2026/07/26 13:55:00,4924.85,24.42,TRADE
VIC1,2026/07/26 14:00:00,4903.72,24.42,TRADE
VIC1,2026/07/26 14:05:00,4907.41,26.63,TRADE
VIC1,2026/07/26 14:10:00,4721.49,10.50,TRADE
VIC1,2026/07/26 14:15:00,4754.36,10.65,TRADE
VIC1,2026/07/26 14:20:00,4802.03,10.50,TRADE
VIC1,2026/07/26 14:25:00,4708.37,14.19,TRADE
VIC1,2026/07/26 14:30:00,4828.09,10.65,TRADE
VIC1,2026/07/26 14:35:00,4809.92,10.50,TRADE
VIC1,2026/07/26 14:40:00,4862.83,76.89,TRADE
VIC1,2026/07/26 14:45:00,4880.3,77.56,TRADE
VIC1,2026/07/26 14:50:00,4806.17,52.68,TRADE
VIC1,2026/07/26 14:55:00,4881.1,20.68,TRADE
VIC1,2026/07/26 15:00:00,4955.84,10.50,TRADE
VIC1,2026/07/26 15:05:00,4985.91,8.94,TRADE
VIC1,2026/07/26 15:10:00,4974.46,10.50,TRADE
VIC1,2026/07/26 15:15:00,5020.51,10.50,TRADE
VIC1,2026/07/26 15:20:00,5066,10.50,TRADE
VIC1,2026/07/26 15:25:00,5113.99,8.95,TRADE
VIC1,2026/07/26 15:30:00,5057.54,10.50,TRADE
VIC1,2026/07/26 15:35:00,5102.87,10.50,TRADE
VIC1,2026/07/26 15:40:00,5215.23,10.50,TRADE
VIC1,2026/07/26 15:45:00,5237.79,10.50,TRADE
VIC1,2026/07/26 15:50:00,5276.07,12.71,TRADE
VIC1,2026/07/26 15:55:00,5404.3,22.67,TRADE
VIC1,2026/07/26 16:00:00,5487.52,78.87,TRADE
VIC1,2026/07/26 16:05:00,5575.04,50.86,TRADE
VIC1,2026/07/26 16:10:00,5658.2,58.90,TRADE
VIC1,2026/07/26 16:15:00,5689.13,65.86,TRADE
VIC1,2026/07/26 16:20:00,5687.36,66,TRADE
VIC1,2026/07/26 16:25:00,5787.01,80.50,TRADE
VIC1,2026/07/26 16:30:00,5935.67,87.18,TRADE
VIC1,2026/07/26 16:35:00,6040.84,81.60,TRADE
VIC1,2026/07/26 16:40:00,6071.12,92.60,TRADE
VIC1,2026/07/26 16:45:00,6194.33,104.33,TRADE
VIC1,2026/07/26 16:50:00,6310.62,111.52,TRADE
VIC1,2026/07/26 16:55:00,6408.3,102.13,TRADE
VIC1,2026/07/26 17:00:00,6403.08,111.79,TRADE
VIC1,2026/07/26 17:05:00,6457.55,99.62,TRADE
VIC1,2026/07/26 17:10:00,6569.65,97.93,TRADE
VIC1,2026/07/26 17:15:00,6681.48,102.82,TRADE
VIC1,2026/07/26 17:20:00,6661.47,107.32,TRADE
VIC1,2026/07/26 17:25:00,6789.97,116.35,TRADE
VIC1,2026/07/26 17:30:00,6845.78,116.35,TRADE
VIC1,2026/07/26 17:35:00,6922.31,110.76,TRADE
VIC1,2026/07/26 17:40:00,7008.21,100.23,TRADE
VIC1,2026/07/26 17:45:00,7056.34,105.28,TRADE
VIC1,2026/07/26 17:50:00,7024.49,114,TRADE
VIC1,2026/07/26 17:55:00,7118.27,117.47,TRADE
VIC1,2026/07/26 18:00:00,7101.42,115.05,TRADE
VIC1,2026/07/26 18:05:00,7121.87,115,TRADE
VIC1,2026/07/26 18:10:00,7196.52,115,TRADE
VIC1,2026/07/26 18:15:00,7198.1,118.29,TRADE
VIC1,2026/07/26 18:20:00,7184.55,118.42,TRADE
VIC1,2026/07/26 18:25:00,7237.16,114.07,TRADE
VIC1,2026/07/26 18:30:00,7214.64,116.35,TRADE
VIC1,2026/07/26 18:35:00,7094.55,116.58,TRADE
VIC1,2026/07/26 18:40:00,7160.42,119.54,TRADE
VIC1,2026/07/26 18:45:00,7177.75,113.99,TRADE
VIC1,2026/07/26 18:50:00,7166.84,109.70,TRADE
VIC1,2026/07/26 18:55:00,7201.87,110.55,TRADE
VIC1,2026/07/26 19:00:00,7146.85,115.05,TRADE
VIC1,2026/07/26 19:05:00,7154.3,119,TRADE
VIC1,2026/07/26 19:10:00,7071.27,115,TRADE
VIC1,2026/07/26 19:15:00,7097.75,126.01,TRADE
VIC1,2026/07/26 19:20:00,6963.07,115,TRADE
VIC1,2026/07/26 19:25:00,6984.9,110.34,TRADE
VIC1,2026/07/26 19:30:00,6980.92,116.35,TRADE
VIC1,2026/07/26 19:35:00,6942.15,122.49,TRADE
VIC1,2026/07/26 19:40:00,6945.42,116.35,TRADE
VIC1,2026/07/26 19:45:00,6963.12,115,TRADE
VIC1,2026/07/26 19:50:00,6927.06,119.05,TRADE
VIC1,2026/07/26 19:55:00,6926.78,116.35,TRADE
VIC1,2026/07/26 20:00:00,6944.31,121.10,TRADE
VIC1,2026/07/26 20:05:00,6928.65,120.93,TRADE
VIC1,2026/07/26 20:10:00,6877.4,115.75,TRADE
VIC1,2026/07/26 20:15:00,6813.9,130.10,TRADE
VIC1,2026/07/26 20:20:00,6808.73,116.55,TRADE
VIC1,2026/07/26 20:25:00,6786.16,120.88,TRADE
VIC1,2026/07/26 20:30:00,6797.05,118.02,TRADE
VIC1,2026/07/26 20:35:00,6740.26,116.35,TRADE
VIC1,2026/07/26 20:40:00,6647.18,118.03,TRADE
VIC1,2026/07/26 20:45:00,6678.55,119.65,TRADE
VIC1,2026/07/26 20:50:00,6652.78,121.88,TRADE
VIC1,2026/07/26 20:55:00,6604.52,131.79,TRADE
VIC1,2026/07/26 21:00:00,6622.72,115,TRADE
VIC1,2026/07/26 21:05:00,6453.53,119.05,TRADE
VIC1,2026/07/26 21:10:00,6425.52,112.67,TRADE
VIC1,2026/07/26 21:15:00,6429.16,119.05,TRADE
VIC1,2026/07/26 21:20:00,6440.38,115.82,TRADE
VIC1,2026/07/26 21:25:00,6342.01,115,TRADE
VIC1,2026/07/26 21:30:00,6378.91,115,TRADE
VIC1,2026/07/26 21:35:00,6345.76,116.79,TRADE
VIC1,2026/07/26 21:40:00,6329.27,102.91,TRADE
VIC1,2026/07/26 21:45:00,6276.73,107.30,TRADE
VIC1,2026/07/26 21:50:00,6121.02,114.61,TRADE
VIC1,2026/07/26 21:55:00,6068.88,105.22,TRADE
VIC1,2026/07/26 22:00:00,6013.67,102.74,TRADE
VIC1,2026/07/26 22:05:00,5910.86,101.66,TRADE
VIC1,2026/07/26 22:10:00,6021.91,106.55,TRADE
VIC1,2026/07/26 22:15:00,6005.87,115,TRADE
VIC1,2026/07/26 22:20:00,5892.34,105.79,TRADE
VIC1,2026/07/26 22:25:00,5939.23,109,TRADE
VIC1,2026/07/26 22:30:00,5888.8,97.10,TRADE
VIC1,2026/07/26 22:35:00,5852.84,98.54,TRADE
VIC1,2026/07/26 22:40:00,5775.53,96.12,TRADE
VIC1,2026/07/26 22:45:00,5704.61,105.77,TRADE
VIC1,2026/07/26 22:50:00,5700.72,96.76,TRADE
VIC1,2026/07/26 22:55:00,5735.5,96.84,TRADE
VIC1,2026/07/26 23:00:00,5625.63,95.84,TRADE
VIC1,2026/07/26 23:05:00,5637.61,98.09,TRADE
VIC1,2026/07/26 23:10:00,5761.44,103.12,TRADE
VIC1,2026/07/26 23:15:00,5770.23,101.22,TRADE
VIC1,2026/07/26 23:20:00,5764.77,100.35,TRADE
VIC1,2026/07/26 23:25:00,5749.67,103.51,TRADE
VIC1,2026/07/26 23:30:00,5777.11,99,TRADE
VIC1,2026/07/26 23:35:00,5669.71,100.46,TRADE
VIC1,2026/07/26 23:40:00,5627.75,100.56,TRADE
VIC1,2026/07/26 23:45:00,5655.59,101.37,TRADE
VIC1,2026/07/26 23:50:00,5617.26,101.25,TRADE
VIC1,2026/07/26 23:55:00,5570.32,101.20,TRADE
VIC1,2026/07/27 00:00:00,5546.4,86.56,TRADE
VIC1,2026/07/27 00:05:00,5566.23,102.10,TRADE
VIC1,2026/07/27 00:10:00,5562.15,127.88,TRADE
VIC1,2026/07/27 00:15:00,5475.74,117.74,TRADE
VIC1,2026/07/27 00:20:00,5461.43,120.22,TRADE
VIC1,2026/07/27 00:25:00,5490.6,110.59,TRADE
VIC1,2026/07/27 00:30:00,5457.38,110.59,TRADE
VIC1,2026/07/27 00:35:00,5434.66,106.09,TRADE
VIC1,2026/07/27 00:40:00,5419.45,97.73,TRADE
VIC1,2026/07/27 00:45:00,5397.86,97.80,TRADE
VIC1,2026/07/27 00:50:00,5362.94,86.50,TRADE
VIC1,2026/07/27 00:55:00,5293.27,94.41,TRADE
VIC1,2026/07/27 01:00:00,5328.15,98.65,TRADE
VIC1,2026/07/27 01:05:00,5280.76,102.98,TRADE
VIC1,2026/07/27 01:10:00,5237.21,91.48,TRADE
VIC1,2026/07/27 01:15:00,5259.72,101.42,TRADE
VIC1,2026/07/27 01:20:00,5212.45,102.93,TRADE
VIC1,2026/07/27 01:25:00,5204.74,91.48,TRADE
VIC1,2026/07/27 01:30:00,5175.4,91.20,TRADE
VIC1,2026/07/27 01:35:00,5073.14,90.33,TRADE
VIC1,2026/07/27 01:40:00,5067.6,87.58,TRADE
VIC1,2026/07/27 01:45:00,5051.33,90.41,TRADE
VIC1,2026/07/27 01:50:00,5083.98,89.09,TRADE
VIC1,2026/07/27 01:55:00,4992.14,87.51,TRADE
VIC1,2026/07/27 02:00:00,5009.02,91.48,TRADE
VIC1,2026/07/27 02:05:00,5002.45,94.54,TRADE
VIC1,2026/07/27 02:10:00,5014.34,91.48,TRADE
VIC1,2026/07/27 02:15:00,4919.69,91.48,TRADE
VIC1,2026/07/27 02:20:00,4953.99,91.48,TRADE
VIC1,2026/07/27 02:25:00,4859.6,90.22,TRADE
VIC1,2026/07/27 02:30:00,4860.41,85.61,TRADE
VIC1,2026/07/27 02:35:00,4887.84,87.39,TRADE
VIC1,2026/07/27 02:40:00,4905.98,91.35,TRADE
VIC1,2026/07/27 02:45:00,4825.45,90.14,TRADE
VIC1,2026/07/27 02:50:00,4879.38,89.46,TRADE
VIC1,2026/07/27 02:55:00,4871.02,90.12,TRADE
VIC1,2026/07/27 03:00:00,4868.26,89.37,TRADE
VIC1,2026/07/27 03:05:00,4876.76,86.60,TRADE
VIC1,2026/07/27 03:10:00,4773.27,89.40,TRADE
VIC1,2026/07/27 03:15:00,4765.19,90.18,TRADE
VIC1,2026/07/27 03:20:00,4751.94,85.29,TRADE
VIC1,2026/07/27 03:25:00,4750.61,89.39,TRADE
VIC1,2026/07/27 03:30:00,4757.67,90.84,TRADE
VIC1,2026/07/27 03:35:00,4744.35,89.22,TRADE
VIC1,2026/07/27 03:40:00,4745.96,89.42,TRADE
VIC1,2026/07/27 03:45:00,4736.41,82.16,TRADE
VIC1,2026/07/27 03:50:00,4741.37,86.59,TRADE
VIC1,2026/07/27 03:55:00,4727.04,88.47,TRADE
VIC1,2026/07/27 04:00:00,4748.94,89.16,TRADE
VIC1,2026/07/27 04:05:00,4757.05,79.47,TRADE
VIC1,2026/07/27 04:10:00,4766.23,87.94,TRADE
VIC1,2026/07/27 04:15:00,4788.91,91.48,TRADE
VIC1,2026/07/27 04:20:00,4792.91,90.93,TRADE
VIC1,2026/07/27 04:25:00,4808.76,91.48,TRADE
VIC1,2026/07/27 04:30:00,4811.6,86.60,TRADE
VIC1,2026/07/27 04:35:00,4809.98,94.61,TRADE
VIC1,2026/07/27 04:40:00,4934.69,99,TRADE
VIC1,2026/07/27 04:45:00,4933.54,86.60,TRADE
VIC1,2026/07/27 04:50:00,4951.91,97.51,TRADE
VIC1,2026/07/27 04:55:00,4995.96,101.55,TRADE
VIC1,2026/07/27 05:00:00,5015.13,100.83,TRADE
VIC1,2026/07/27 05:05:00,5071.4,88.69,TRADE
VIC1,2026/07/27 05:10:00,5108.47,91.48,TRADE
VIC1,2026/07/27 05:15:00,5078.26,92.89,TRADE
VIC1,2026/07/27 05:20:00,5106.85,98.35,TRADE
VIC1,2026/07/27 05:25:00,5225.83,98.31,TRADE
VIC1,2026/07/27 05:30:00,5269.08,91.48,TRADE
VIC1,2026/07/27 05:35:00,5331.93,53.28,TRADE
VIC1,2026/07/27 05:40:00,5382.63,53.28,TRADE
VIC1,2026/07/27 05:45:00,5478.87,53.28,TRADE
VIC1,2026/07/27 05:50:00,5538.23,52.65,TRADE
VIC1,2026/07/27 05:55:00,5569.89,52.68,TRADE
VIC1,2026/07/27 06:00:00,5573.93,73.27,TRADE
VIC1,2026/07/27 06:05:00,5725.93,54.45,TRADE
VIC1,2026/07/27 06:10:00,5865.22,81.15,TRADE
VIC1,2026/07/27 06:15:00,5902.26,91.25,TRADE
VIC1,2026/07/27 06:20:00,6057.64,81.48,TRADE
VIC1,2026/07/27 06:25:00,6146.17,105.46,TRADE
VIC1,2026/07/27 06:30:00,6246.2,86.60,TRADE
VIC1,2026/07/27 06:35:00,6243.87,70.42,TRADE
VIC1,2026/07/27 06:40:00,6399.33,162.48,TRADE
VIC1,2026/07/27 06:45:00,6445.54,162.48,TRADE
VIC1,2026/07/27 06:50:00,6496.29,162.48,TRADE
VIC1,2026/07/27 06:55:00,6667.64,241.48,TRADE
VIC1,2026/07/27 07:00:00,6751.55,167.68,TRADE
VIC1,2026/07/27 07:05:00,6817.16,200.02,TRADE
VIC1,2026/07/27 07:10:00,6959.53,224.41,TRADE
VIC1,2026/07/27 07:15:00,7051.65,246.67,TRADE
VIC1,2026/07/27 07:20:00,7175.36,176.48,TRADE
VIC1,2026/07/27 07:25:00,7261.41,176.48,TRADE
VIC1,2026/07/27 07:30:00,7282.58,176.48,TRADE
VIC1,2026/07/27 07:35:00,7396.2,176.48,TRADE
VIC1,2026/07/27 07:40:00,7432.62,162.48,TRADE
VIC1,2026/07/27 07:45:00,7410.17,141,TRADE
VIC1,2026/07/27 07:50:00,7492.03,115.27,TRADE
VIC1,2026/07/27 07:55:00,7507.81,134.96,TRADE
VIC1,2026/07/27 08:00:00,7513.61,110.40,TRADE
VIC1,2026/07/27 08:05:00,7506.41,98.48,TRADE
VIC1,2026/07/27 08:10:00,7457.44,98.48,TRADE
VIC1,2026/07/27 08:15:00,7475.16,103.93,TRADE
VIC1,2026/07/27 08:20:00,7448.34,86.60,TRADE
VIC1,2026/07/27 08:25:00,7434.09,92.80,TRADE
VIC1,2026/07/27 08:30:00,7371.78,75.68,TRADE
VIC1,2026/07/27 08:35:00,7332.63,24.42,TRADE
VIC1,2026/07/27 08:40:00,7296.12,24.42,TRADE
VIC1,2026/07/27 08:45:00,7175.36,11.64,TRADE
VIC1,2026/07/27 08:50:00,7158,10.65,TRADE
VIC1,2026/07/27 08:55:00,7067.8,10.65,TRADE
VIC1,2026/07/27 09:00:00,7072.05,8.94,TRADE
VIC1,2026/07/27 09:05:00,7093.04,10.50,TRADE
VIC1,2026/07/27 09:10:00,6958.72,10.50,TRADE
VIC1,2026/07/27 09:15:00,6976.06,1.42,TRADE
VIC1,2026/07/27 09:20:00,6898.52,22.12,TRADE
VIC1,2026/07/27 09:25:00,6839.96,20.68,TRADE
VIC1,2026/07/27 09:30:00,6801.42,10.50,TRADE
VIC1,2026/07/27 09:35:00,6644.83,10.65,TRADE
VIC1,2026/07/27 09:40:00,6609.73,10.65,TRADE
VIC1,2026/07/27 09:45:00,6574.48,10.50,TRADE
VIC1,2026/07/27 09:50:00,6544.22,10.50,TRADE
VIC1,2026/07/27 09:55:00,6439.27,8.84,TRADE
VIC1,2026/07/27 10:00:00,6380.28,8.95,TRADE
VIC1,2026/07/27 10:05:00,6316.6,10.50,TRADE
VIC1,2026/07/27 10:10:00,6363.93,10.50,TRADE
VIC1,2026/07/27 10:15:00,6222.77,8.94,TRADE
VIC1,2026/07/27 10:20:00,6250.71,8.96,TRADE
VIC1,2026/07/27 10:25:00,6160.38,10.50,TRADE
VIC1,2026/07/27 10:30:00,6173.09,1.42,TRADE
VIC1,2026/07/27 10:35:00,6074.66,20.68,TRADE
VIC1,2026/07/27 10:40:00,6119.02,10.50,TRADE
VIC1,2026/07/27 10:45:00,6069.11,10.50,TRADE
VIC1,2026/07/27 10:50:00,5981.03,10.50,TRADE
VIC1,2026/07/27 10:55:00,5910.35,10.50,TRADE
VIC1,2026/07/27 11:00:00,5850.82,10.50,TRADE
VIC1,2026/07/27 11:05:00,5891.31,10.50,TRADE
VIC1,2026/07/27 11:10:00,5987.85,8.61,TRADE
VIC1,2026/07/27 11:15:00,5976.13,8.95,TRADE
VIC1,2026/07/27 11:20:00,5997.16,8.94,TRADE
VIC1,2026/07/27 11:25:00,5979.83,10.50,TRADE
VIC1,2026/07/27 11:30:00,5918.32,10.50,TRADE
VIC1,2026/07/27 11:35:00,5931.14,10.50,TRADE
VIC1,2026/07/27 11:40:00,5949.82,10.50,TRADE
VIC1,2026/07/27 11:45:00,5924.81,10.50,TRADE
VIC1,2026/07/27 11:50:00,5805.59,8.95,TRADE
VIC1,2026/07/27 11:55:00,5812.1,10.50,TRADE
VIC1,2026/07/27 12:00:00,5777.5,10.50,TRADE
VIC1,2026/07/27 12:05:00,5747.62,10.50,TRADE
VIC1,2026/07/27 12:10:00,5724.99,10.50,TRADE
VIC1,2026/07/27 12:15:00,5730.45,10.50,TRADE
VIC1,2026/07/27 12:20:00,5752.65,10.50,TRADE
VIC1,2026/07/27 12:25:00,5760.75,10.50,TRADE
VIC1,2026/07/27 12:30:00,5749.48,10.53,TRADE
VIC1,2026/07/27 12:35:00,5708.6,10.50,TRADE
VIC1,2026/07/27 12:40:00,5800.47,10.50,TRADE
VIC1,2026/07/27 12:45:00,5775.14,10.50,TRADE
VIC1,2026/07/27 12:50:00,5713.02,10.50,TRADE
VIC1,2026/07/27 12:55:00,5787.81,10.65,TRADE
VIC1,2026/07/27 13:00:00,5813.42,10.50,TRADE
VIC1,2026/07/27 13:05:00,5815.82,8.94,TRADE
VIC1,2026/07/27 13:10:00,5731.74,8.95,TRADE
VIC1,2026/07/27 13:15:00,5754.58,8.41,TRADE
VIC1,2026/07/27 13:20:00,5757.35,10.50,TRADE
VIC1,2026/07/27 13:25:00,5816.68,10.50,TRADE
VIC1,2026/07/27 13:30:00,5820.62,8.24,TRADE
VIC1,2026/07/27 13:35:00,5779.24,10.50,TRADE
VIC1,2026/07/27 13:40:00,5800.48,10.50,TRADE
VIC1,2026/07/27 13:45:00,5824.31,10.50,TRADE
VIC1,2026/07/27 13:50:00,5861.68,10.50,TRADE
VIC1,2026/07/27 13:55:00,5781.37,10.50,TRADE
VIC1,2026/07/27 14:00:00,5799.58,10.50,TRADE
VIC1,2026/07/27 14:05:00,5768.89,10.50,TRADE
VIC1,2026/07/27 14:10:00,5733.54,10.50,TRADE
VIC1,2026/07/27 14:15:00,5705.43,6.82,TRADE
VIC1,2026/07/27 14:20:00,5784.8,12.56,TRADE
VIC1,2026/07/27 14:25:00,5865.52,10.50,TRADE
VIC1,2026/07/27 14:30:00,5829.45,1.42,TRADE
VIC1,2026/07/27 14:35:00,5916.21,10.50,TRADE
VIC1,2026/07/27 14:40:00,5976.81,10.50,TRADE
VIC1,2026/07/27 14:45:00,6006.2,35.88,TRADE
VIC1,2026/07/27 14:50:00,6052.84,19.97,TRADE
VIC1,2026/07/27 14:55:00,6123.38,10.50,TRADE
VIC1,2026/07/27 15:00:00,6080.83,10.50,TRADE
VIC1,2026/07/27 15:05:00,6134.63,5.09,TRADE
VIC1,2026/07/27 15:10:00,6180.68,10.50,TRADE
VIC1,2026/07/27 15:15:00,6250.93,10.50,TRADE
VIC1,2026/07/27 15:20:00,6307.58,17.31,TRADE
VIC1,2026/07/27 15:25:00,6356.43,25.45,TRADE
VIC1,2026/07/27 15:30:00,6428.13,25.45,TRADE
VIC1,2026/07/27 15:35:00,6478.3,10.50,TRADE
VIC1,2026/07/27 15:40:00,6473.06,10.50,TRADE
VIC1,2026/07/27 15:45:00,6577.03,35.87,TRADE
VIC1,2026/07/27 15:50:00,6660.56,27.95,TRADE
VIC1,2026/07/27 15:55:00,6748.81,10.50,TRADE
VIC1,2026/07/27 16:00:00,6769.85,0.66,TRADE
VIC1,2026/07/27 16:05:00,6897.5,10.50,TRADE
VIC1,2026/07/27 16:10:00,6964.1,35.87,TRADE
VIC1,2026/07/27 16:15:00,7018.87,10.50,TRADE
VIC1,2026/07/27 16:20:00,7078.47,0.01,TRADE
VIC1,2026/07/27 16:25:00,7048.26,35.87,TRADE
VIC1,2026/07/27 16:30:00,7134.52,10.50,TRADE
VIC1,2026/07/27 16:35:00,7241.31,14.57,TRADE
VIC1,2026/07/27 16:40:00,7241.63,10.50,TRADE
VIC1,2026/07/27 16:45:00,7356.06,35.87,TRADE
VIC1,2026/07/27 16:50:00,7403.73,0.01,TRADE
VIC1,2026/07/27 16:55:00,7426.79,10.50,TRADE
VIC1,2026/07/27 17:00:00,7400.34,30.77,TRADE
VIC1,2026/07/27 17:05:00,7484.87,25.43,TRADE
VIC1,2026/07/27 17:10:00,7469.44,25.43,TRADE
VIC1,2026/07/27 17:15:00,7612.52,25.43,TRADE
VIC1,2026/07/27 17:20:00,7705.44,35.91,TRADE
VIC1,2026/07/27 17:25:00,7739.3,40.44,TRADE
VIC1,2026/07/27 17:30:00,7846.31,22.67,TRADE
VIC1,2026/07/27 17:35:00,7864.8,-1.10,TRADE
VIC1,2026/07/27 17:40:00,7924.05,20.68,TRADE
VIC1,2026/07/27 17:45:00,7916.12,-1.10,TRADE
VIC1,2026/07/27 17:50:00,7960.17,8.94,TRADE
VIC1,2026/07/27 17:55:00,8037.98,8.94,TRADE
VIC1,2026/07/27 18:00:00,8101.63,-105.90,TRADE
VIC1,2026/07/27 18:05:00,8020.05,53.97,TRADE
VIC1,2026/07/27 18:10:00,8178.37,22.58,TRADE
VIC1,2026/07/27 18:15:00,8178.31,66.22,TRADE
VIC1,2026/07/27 18:20:00,8127.34,-1.15,TRADE
VIC1,2026/07/27 18:25:00,8103.36,-4.69,TRADE
VIC1,2026/07/27 18:30:00,8080.48,45,TRADE
VIC1,2026/07/27 18:35:00,8093.31,-278.40,TRADE
VIC1,2026/07/27 18:40:00,7925.92,38.15,TRADE
VIC1,2026/07/27 18:45:00,8029.28,37.91,TRADE
VIC1,2026/07/27 18:50:00,8034.4,73.71,TRADE
VIC1,2026/07/27 18:55:00,8003.35,84.95,TRADE
VIC1,2026/07/27 19:00:00,7947.54,91.57,TRADE
VIC1,2026/07/27 19:05:00,7886.68,91.72,TRADE
VIC1,2026/07/27 19:10:00,7826.1,13.29,TRADE
VIC1,2026/07/27 19:15:00,7834.37,10.71,TRADE
VIC1,2026/07/27 19:20:00,7824.17,22.67,TRADE
VIC1,2026/07/27 19:25:00,7821.31,46.59,TRADE
VIC1,2026/07/27 19:30:00,7795.32,60.18,TRADE
VIC1,2026/07/27 19:35:00,7726.54,52.49,TRADE
VIC1,2026/07/27 19:40:00,7715.46,-3.66,TRADE
VIC1,2026/07/27 19:45:00,7688.95,55.38,TRADE
VIC1,2026/07/27 19:50:00,7683.08,9.60,TRADE
VIC1,2026/07/27 19:55:00,7650.39,-7.34,TRADE
VIC1,2026/07/27 20:00:00,7569.05,58.87,TRADE
VIC1,2026/07/27 20:05:00,7578.29,66.28,TRADE
VIC1,2026/07/27 20:10:00,7583.21,55.47,TRADE
VIC1,2026/07/27 20:15:00,7532.4,55.52,TRADE
VIC1,2026/07/27 20:20:00,7513.48,43.02,TRADE
VIC1,2026/07/27 20:25:00,7458.44,33.27,TRADE
VIC1,2026/07/27 20:30:00,7418.97,33.28,TRADE
VIC1,2026/07/27 20:35:00,7400.41,7.92,TRADE
VIC1,2026/07/27 20:40:00,7380.05,7.20,TRADE
VIC1,2026/07/27 20:45:00,7332.47,0.82,TRADE
VIC1,2026/07/27 20:50:00,7279.09,5.35,TRADE
VIC1,2026/07/27 20:55:00,7227.42,6.43,TRADE
VIC1,2026/07/27 21:00:00,7169.48,5.14,TRADE
VIC1,2026/07/27 21:05:00,7128.54,9.85,TRADE
VIC1,2026/07/27 21:10:00,7116.66,-27.23,TRADE
VIC1,2026/07/27 21:15:00,7152.49,31.38,TRADE
VIC1,2026/07/27 21:20:00,7111.03,56.41,TRADE
VIC1,2026/07/27 21:25:00,7065.89,14.11,TRADE
VIC1,2026/07/27 21:30:00,6999.76,-41.54,TRADE
VIC1,2026/07/27 21:35:00,6912.01,-0.86,TRADE
VIC1,2026/07/27 21:40:00,6917.69,-1.15,TRADE
VIC1,2026/07/27 21:45:00,6810.91,-4.10,TRADE
VIC1,2026/07/27 21:50:00,6744.03,-2.54,TRADE
VIC1,2026/07/27 21:55:00,6731.12,-1.15,TRADE
VIC1,2026/07/27 22:00:00,6673.02,-1.15,TRADE
VIC1,2026/07/27 22:05:00,6582.15,-2.54,TRADE
VIC1,2026/07/27 22:10:00,6529.72,-2.54,TRADE
VIC1,2026/07/27 22:15:00,6377.35,-2.91,TRADE
VIC1,2026/07/27 22:20:00,6381.34,-2.54,TRADE
VIC1,2026/07/27 22:25:00,6350.36,-2.54,TRADE
VIC1,2026/07/27 22:30:00,6196.56,-4.75,TRADE
VIC1,2026/07/27 22:35:00,6254.94,-2.54,TRADE
VIC1,2026/07/27 22:40:00,6213.99,-2.54,TRADE
VIC1,2026/07/27 22:45:00,6138.13,-4.67,TRADE
VIC1,2026/07/27 22:50:00,6098.93,-2.54,TRADE
VIC1,2026/07/27 22:55:00,5961.59,-4.70,TRADE
VIC1,2026/07/27 23:00:00,5974.18,-5,TRADE
VIC1,2026/07/27 23:05:00,5959.75,-2.99,TRADE
VIC1,2026/07/27 23:10:00,5996.07,-2.57,TRADE
VIC1,2026/07/27 23:15:00,6047.93,-2.54,TRADE
VIC1,2026/07/27 23:20:00,5989.8,-2.99,TRADE
VIC1,2026/07/27 23:25:00,5977.21,-2.99,TRADE
VIC1,2026/07/27 23:30:00,5907.82,-2.99,TRADE
VIC1,2026/07/27 23:35:00,5878.63,-2.99,TRADE
VIC1,2026/07/27 23:40:00,5876.28,-4.67,TRADE
VIC1,2026/07/27 23:45:00,5770.59,-4.67,TRADE
VIC1,2026/07/27 23:50:00,5754.9,-4.70,TRADE
VIC1,2026/07/27 23:55:00,5804.39,-1.15,TRADE
VIC1,2026/07/28 00:00:00,5764.6,-2.54,TRADE
VIC1,2026/07/28 00:05:00,5690.1,-4.72,TRADE
VIC1,2026/07/28 00:10:00,5774.71,-4.02,TRADE
VIC1,2026/07/28 00:15:00,5747.68,-4.67,TRADE
VIC1,2026/07/28 00:20:00,5719.52,-4.72,TRADE
VIC1,2026/07/28 00:25:00,5624.92,-4.72,TRADE
VIC1,2026/07/28 00:30:00,5645.65,-4.85,TRADE
VIC1,2026/07/28 00:35:00,5560.12,-4.78,TRADE
VIC1,2026/07/28 00:40:00,5546.24,-4.74,TRADE
VIC1,2026/07/28 00:45:00,5561.95,-4.84,TRADE
VIC1,2026/07/28 00:50:00,5472.91,-5,TRADE
VIC1,2026/07/28 00:55:00,5450.11,-5,TRADE
VIC1,2026/07/28 01:00:00,5496.36,-5,TRADE
VIC1,2026/07/28 01:05:00,5399.29,-5,TRADE
VIC1,2026/07/28 01:10:00,5426.78,-5,TRADE
VIC1,2026/07/28 01:15:00,5435.03,-5,TRADE
VIC1,2026/07/28 01:20:00,5397.53,-5.32,TRADE
VIC1,2026/07/28 01:25:00,5371.5,-5,TRADE
VIC1,2026/07/28 01:30:00,5276.84,-5,TRADE
VIC1,2026/07/28 01:35:00,5295.74,-5.22,TRADE
VIC1,2026/07/28 01:40:00,5286.61,-5.20,TRADE
VIC1,2026/07/28 01:45:00,5200.45,-5.11,TRADE
VIC1,2026/07/28 01:50:00,5227.1,-5.11,TRADE
VIC1,2026/07/28 01:55:00,5212.26,-5.13,TRADE
VIC1,2026/07/28 02:00:00,5195.83,-6.50,TRADE
VIC1,2026/07/28 02:05:00,5193.24,-4.02,TRADE
VIC1,2026/07/28 02:10:00,5096.69,-5,TRADE
VIC1,2026/07/28 02:15:00,5126.67,-5,TRADE
VIC1,2026/07/28 02:20:00,5062.49,-5.29,TRADE
VIC1,2026/07/28 02:25:00,5053.77,-5.19,TRADE
VIC1,2026/07/28 02:30:00,5071.3,-5,TRADE
VIC1,2026/07/28 02:35:00,4967.84,-6.50,TRADE
VIC1,2026/07/28 02:40:00,5019.83,-6.50,TRADE
VIC1,2026/07/28 02:45:00,5064.58,-6.50,TRADE
VIC1,2026/07/28 02:50:00,5036.98,-6.50,TRADE
VIC1,2026/07/28 02:55:00,4920.56,-6.51,TRADE
VIC1,2026/07/28 03:00:00,4926.74,-6.56,TRADE
VIC1,2026/07/28 03:05:00,4991,-6.60,TRADE
VIC1,2026/07/28 03:10:00,4986.22,-6.51,TRADE
VIC1,2026/07/28 03:15:00,4999.51,-6.50,TRADE
VIC1,2026/07/28 03:20:00,4970.91,-6.51,TRADE
VIC1,2026/07/28 03:25:00,4983.23,-6.51,TRADE
VIC1,2026/07/28 03:30:00,4966.9,-6.50,TRADE
VIC1,2026/07/28 03:35:00,4923.14,-6.60,TRADE
VIC1,2026/07/28 03:40:00,4890.86,-6.60,TRADE
VIC1,2026/07/28 03:45:00,4991.8,-6.50,TRADE
VIC1,2026/07/28 03:50:00,4977.57,-6.29,TRADE
VIC1,2026/07/28 03:55:00,4870.13,-6.51,TRADE
VIC1,2026/07/28 04:00:00,4853.8,-6.51,TRADE
VIC1,2026/07/28 04:05:00,4890.98,-6.60,TRADE
VIC1,2026/07/28 04:10:00,4830.95,-6.60,TRADE
VIC1,2026/07/28 04:15:00,4829.08,-6.60,TRADE
VIC1,2026/07/28 04:20:00,4910.53,-6.51,TRADE
VIC1,2026/07/28 04:25:00,4850.55,-6.60,TRADE
VIC1,2026/07/28 04:30:00,4845.47,-6.60,TRADE
VIC1,2026/07/28 04:35:00,4846.44,-6.60,TRADE
VIC1,2026/07/28 04:40:00,4967.9,-6.51,TRADE
VIC1,2026/07/28 04:45:00,4973.77,-6.50,TRADE
VIC1,2026/07/28 04:50:00,4998.73,-6.50,TRADE
VIC1,2026/07/28 04:55:00,4999.88,-6.37,TRADE
VIC1,2026/07/28 05:00:00,5061.72,-5,TRADE
VIC1,2026/07/28 05:05:00,5093.22,-5.04,TRADE
VIC1,2026/07/28 05:10:00,5095.83,-5.10,TRADE
VIC1,2026/07/28 05:15:00,5118.54,-5.12,TRADE
VIC1,2026/07/28 05:20:00,5244.57,-5.29,TRADE
VIC1,2026/07/28 05:25:00,5265.16,-5.27,TRADE
VIC1,2026/07/28 05:30:00,5210.36,-5.25,TRADE
VIC1,2026/07/28 05:35:00,5325.88,-5,TRADE
VIC1,2026/07/28 05:40:00,5399.42,-1.15,TRADE
VIC1,2026/07/28 05:45:00,5475.78,-1.15,TRADE
VIC1,2026/07/28 05:50:00,5545.65,-1.15,TRADE
VIC1,2026/07/28 05:55:00,5522.18,-1.15,TRADE
VIC1,2026/07/28 06:00:00,5640.92,-1.15,TRADE
VIC1,2026/07/28 06:05:00,5680.51,-1.15,TRADE
VIC1,2026/07/28 06:10:00,5784.77,-1.15,TRADE
VIC1,2026/07/28 06:15:00,5917.66,-1.15,TRADE
VIC1,2026/07/28 06:20:00,6047.72,-1.15,TRADE
VIC1,2026/07/28 06:25:00,6156.91,-1.15,TRADE
VIC1,2026/07/28 06:30:00,6235.26,-1.15,TRADE
VIC1,2026/07/28 06:35:00,6403.81,6.05,TRADE
VIC1,2026/07/28 06:40:00,6490.02,45.65,TRADE
VIC1,2026/07/28 06:45:00,6565.65,31.23,TRADE
VIC1,2026/07/28 06:50:00,6736.2,43.97,TRADE
VIC1,2026/07/28 06:55:00,6840.07,62.43,TRADE
VIC1,2026/07/28 07:00:00,6903.21,74.25,TRADE
VIC1,2026/07/28 07:05:00,7027.75,82.21,TRADE
VIC1,2026/07/28 07:10:00,6862.94,79.85,TRADE
VIC1,2026/07/28 07:15:00,7137.2,79.16,TRADE
VIC1,2026/07/28 07:20:00,7191.47,78.41,TRADE
VIC1,2026/07/28 07:25:00,7300.52,88.02,TRADE
VIC1,2026/07/28 07:30:00,7379.79,112.66,TRADE
VIC1,2026/07/28 07:35:00,7414.96,134.82,TRADE
VIC1,2026/07/28 07:40:00,7531.56,129.64,TRADE
VIC1,2026/07/28 07:45:00,7604.78,122.44,TRADE
VIC1,2026/07/28 07:50:00,7618.99,113.54,TRADE
VIC1,2026/07/28 07:55:00,7621.49,-56.09,TRADE
VIC1,2026/07/28 08:00:00,7653.98,69.12,TRADE
VIC1,2026/07/28 08:05:00,7633.94,21.59,TRADE
VIC1,2026/07/28 08:10:00,7605.88,10.65,TRADE
VIC1,2026/07/28 08:15:00,7534.77,58.28,TRADE
VIC1,2026/07/28 08:20:00,7316.81,-172.88,TRADE
VIC1,2026/07/28 08:25:00,7502.63,74.03,TRADE
VIC1,2026/07/28 08:30:00,7453.4,-57.40,TRADE
VIC1,2026/07/28 08:35:00,7426.84,40.67,TRADE
VIC1,2026/07/28 08:40:00,7310.11,-10.66,TRADE
VIC1,2026/07/28 08:45:00,7335.87,1.06,TRADE
VIC1,2026/07/28 08:50:00,7150.4,-63.35,TRADE
VIC1,2026/07/28 08:55:00,7139.45,-1.15,TRADE
VIC1,2026/07/28 09:00:00,7001,4.20,TRADE
VIC1,2026/07/28 09:05:00,7101.32,-10.43,TRADE
VIC1,2026/07/28 09:10:00,6998.46,10.65,TRADE
VIC1,2026/07/28 09:15:00,6912.34,-33.31,TRADE
VIC1,2026/07/28 09:20:00,6830.44,-1.15,TRADE
VIC1,2026/07/28 09:25:00,6807.7,-4.02,TRADE
VIC1,2026/07/28 09:30:00,6781.7,-1.10,TRADE
VIC1,2026/07/28 09:35:00,6577.01,-1.10,TRADE
VIC1,2026/07/28 09:40:00,6585.51,0,TRADE
VIC1,2026/07/28 09:45:00,6335.4,-0.98,TRADE
VIC1,2026/07/28 09:50:00,6181.18,-0.99,TRADE
VIC1,2026/07/28 09:55:00,6239.07,0,TRADE
VIC1,2026/07/28 10:00:00,6144.01,-1.10,TRADE
VIC1,2026/07/28 10:05:00,6016.9,-1.10,TRADE
VIC1,2026/07/28 10:10:00,6088.3,-1.10,TRADE
VIC1,2026/07/28 10:15:00,5983.14,-1.10,TRADE
VIC1,2026/07/28 10:20:00,5931.84,-4.02,TRADE
VIC1,2026/07/28 10:25:00,5822.1,-4.02,TRADE
VIC1,2026/07/28 10:30:00,5746.38,-4.67,TRADE
VIC1,2026/07/28 10:35:00,5690.85,-4.02,TRADE
VIC1,2026/07/28 10:40:00,5639.67,0,TRADE
VIC1,2026/07/28 10:45:00,5546.49,-1.10,TRADE
VIC1,2026/07/28 10:50:00,5400.48,-1.10,TRADE
VIC1,2026/07/28 10:55:00,5356.07,-2.99,TRADE
VIC1,2026/07/28 11:00:00,5354.55,-2.99,TRADE
VIC1,2026/07/28 11:05:00,5313.91,-4.67,TRADE
VIC1,2026/07/28 11:10:00,5400.61,-1.15,TRADE
VIC1,2026/07/28 11:15:00,5393.11,-1.15,TRADE
VIC1,2026/07/28 11:20:00,5367.73,-1.10,TRADE
VIC1,2026/07/28 11:25:00,5226.63,-1.15,TRADE
VIC1,2026/07/28 11:30:00,5280.33,-1.15,TRADE
VIC1,2026/07/28 11:35:00,5225.43,-1.10,TRADE
VIC1,2026/07/28 11:40:00,5175.96,-1.15,TRADE
VIC1,2026/07/28 11:45:00,5181.77,-1.10,TRADE
VIC1,2026/07/28 11:50:00,5006.27,-1.15,TRADE
VIC1,2026/07/28 11:55:00,4959.06,-1.10,TRADE
VIC1,2026/07/28 12:00:00,4915.97,-1.10,TRADE
VIC1,2026/07/28 12:05:00,4909.54,-1.10,TRADE
VIC1,2026/07/28 12:10:00,4905.63,-1.10,TRADE
VIC1,2026/07/28 12:15:00,4917.2,-1.15,TRADE
VIC1,2026/07/28 12:20:00,4893.57,-1.15,TRADE
VIC1,2026/07/28 12:25:00,4903.02,-1.15,TRADE
VIC1,2026/07/28 12:30:00,4862.22,-4.02,TRADE
VIC1,2026/07/28 12:35:00,4830.43,-1.15,TRADE
VIC1,2026/07/28 12:40:00,4702.93,-4.02,TRADE
VIC1,2026/07/28 12:45:00,4856.37,-4.02,TRADE
VIC1,2026/07/28 12:50:00,4871.31,-5,TRADE
VIC1,2026/07/28 12:55:00,4821.69,-12.75,TRADE
VIC1,2026/07/28 13:00:00,4847.05,-4.95,TRADE
VIC1,2026/07/28 13:05:00,4797.18,-4.02,TRADE
VIC1,2026/07/28 13:10:00,4798.16,-1.15,TRADE
VIC1,2026/07/28 13:15:00,4694.92,-6.53,TRADE
VIC1,2026/07/28 13:20:00,4784.02,-1.15,TRADE
VIC1,2026/07/28 13:25:00,4837.71,-1.15,TRADE
VIC1,2026/07/28 13:30:00,4837.13,-1.15,TRADE
VIC1,2026/07/28 13:35:00,4762.16,-1.15,TRADE
VIC1,2026/07/28 13:40:00,4865.67,-1.15,TRADE
VIC1,2026/07/28 13:45:00,4867.36,-1.15,TRADE
VIC1,2026/07/28 13:50:00,4863.55,-1.15,TRADE
VIC1,2026/07/28 13:55:00,4803.41,-1.15,TRADE
VIC1,2026/07/28 14:00:00,4857.99,-3.98,TRADE
VIC1,2026/07/28 14:05:00,4939.39,-1.10,TRADE
VIC1,2026/07/28 14:10:00,4899.24,-1.15,TRADE
VIC1,2026/07/28 14:15:00,4860.4,-1.15,TRADE
VIC1,2026/07/28 14:20:00,4918.23,-1.15,TRADE
VIC1,2026/07/28 14:25:00,4944.2,-1.15,TRADE
VIC1,2026/07/28 14:30:00,4995.26,-12.42,TRADE
VIC1,2026/07/28 14:35:00,4985.05,-1.15,TRADE
VIC1,2026/07/28 14:40:00,4953.83,-1.15,TRADE
VIC1,2026/07/28 14:45:00,4956.6,-1.15,TRADE
VIC1,2026/07/28 14:50:00,4997.43,-1.15,TRADE
VIC1,2026/07/28 14:55:00,5085.7,-1.15,TRADE
VIC1,2026/07/28 15:00:00,5125.71,-5,TRADE
VIC1,2026/07/28 15:05:00,5188.63,-1.15,TRADE
VIC1,2026/07/28 15:10:00,5227.13,-1.15,TRADE
VIC1,2026/07/28 15:15:00,5295.8,-1.10,TRADE
VIC1,2026/07/28 15:20:00,5291.89,-1.15,TRADE
VIC1,2026/07/28 15:25:00,5378.2,-1.10,TRADE
VIC1,2026/07/28 15:30:00,5600.38,0.01,TRADE
VIC1,2026/07/28 15:35:00,5721.22,11,TRADE
VIC1,2026/07/28 15:40:00,5832.47,10.50,TRADE
VIC1,2026/07/28 15:45:00,5886.27,8.94,TRADE
VIC1,2026/07/28 15:50:00,5982.87,0.01,TRADE
VIC1,2026/07/28 15:55:00,5989.35,1.07,TRADE
VIC1,2026/07/28 16:00:00,6042.94,0.01,TRADE
VIC1,2026/07/28 16:05:00,6173.97,0.01,TRADE
VIC1,2026/07/28 16:10:00,6318.99,33.07,TRADE
VIC1,2026/07/28 16:15:00,6399.98,84.21,TRADE
VIC1,2026/07/28 16:20:00,6444.74,5.08,TRADE
VIC1,2026/07/28 16:25:00,6753.6,8.94,TRADE
VIC1,2026/07/28 16:30:00,6485.62,-139.01,TRADE
VIC1,2026/07/28 16:35:00,6774.94,99.75,TRADE
VIC1,2026/07/28 16:40:00,6848.4,89.79,TRADE
VIC1,2026/07/28 16:45:00,6891.21,52.68,TRADE
VIC1,2026/07/28 16:50:00,6973.3,126.65,TRADE
VIC1,2026/07/28 16:55:00,7091.76,125.55,TRADE
VIC1,2026/07/28 17:00:00,7065.07,114.91,TRADE
VIC1,2026/07/28 17:05:00,7265.35,91.45,TRADE
VIC1,2026/07/28 17:10:00,7192.34,-210.04,TRADE
VIC1,2026/07/28 17:15:00,7210.67,101.70,TRADE
VIC1,2026/07/28 17:20:00,7388.83,62.91,TRADE
VIC1,2026/07/28 17:25:00,7261.46,103.42,TRADE
VIC1,2026/07/28 17:30:00,7402.22,236.81,TRADE
VIC1,2026/07/28 17:35:00,6999.07,-1.42,TRADE
VIC1,2026/07/28 17:40:00,7115.57,32.99,TRADE
VIC1,2026/07/28 17:45:00,7391.91,-11.95,TRADE
VIC1,2026/07/28 17:50:00,7561.72,75.46,TRADE
VIC1,2026/07/28 17:55:00,7610.76,195.98,TRADE
VIC1,2026/07/28 18:00:00,7711.58,22.67,TRADE
VIC1,2026/07/28 18:05:00,7551.63,-109.46,TRADE
VIC1,2026/07/28 18:10:00,7370.89,21.82,TRADE
VIC1,2026/07/28 18:15:00,7339.37,-26.70,TRADE
VIC1,2026/07/28 18:20:00,7534.59,46.12,TRADE
VIC1,2026/07/28 18:25:00,7783.38,32.17,TRADE
VIC1,2026/07/28 18:30:00,7725.09,-4.67,TRADE
VIC1,2026/07/28 18:35:00,7701.17,38.62,TRADE
VIC1,2026/07/28 18:40:00,7596.02,-11.95,TRADE
VIC1,2026/07/28 18:45:00,7621.56,46.37,TRADE
VIC1,2026/07/28 18:50:00,7561.33,-18.36,TRADE
VIC1,2026/07/28 18:55:00,7536.91,44.59,TRADE
VIC1,2026/07/28 19:00:00,7535.4,23.12,TRADE
VIC1,2026/07/28 19:05:00,7589.54,-11.95,TRADE
VIC1,2026/07/28 19:10:00,7604.15,51.80,TRADE
VIC1,2026/07/28 19:15:00,7373.67,-10.10,TRADE
VIC1,2026/07/28 19:20:00,7642.28,33.69,TRADE
VIC1,2026/07/28 19:25:00,7505.93,-4.67,TRADE
VIC1,2026/07/28 19:30:00,7544.62,45.50,TRADE
VIC1,2026/07/28 19:35:00,7357.46,-194.37,TRADE
VIC1,2026/07/28 19:40:00,7472.38,26.62,TRADE
VIC1,2026/07/28 19:45:00,7555.09,8.05,TRADE
VIC1,2026/07/28 19:50:00,7554.57,32.82,TRADE
VIC1,2026/07/28 19:55:00,7594.84,46.81,TRADE
VIC1,2026/07/28 20:00:00,7556.27,20.94,TRADE
VIC1,2026/07/28 20:05:00,7507.66,37.10,TRADE
VIC1,2026/07/28 20:10:00,7458.96,36.96,TRADE
VIC1,2026/07/28 20:15:00,7418.86,43.90,TRADE
VIC1,2026/07/28 20:20:00,7433.24,36.44,TRADE
VIC1,2026/07/28 20:25:00,7371.85,34.93,TRADE
VIC1,2026/07/28 20:30:00,7281.83,33.88,TRADE
VIC1,2026/07/28 20:35:00,7279.08,33.63,TRADE
VIC1,2026/07/28 20:40:00,7306.52,37.71,TRADE
VIC1,2026/07/28 20:45:00,7277.94,34.42,TRADE
VIC1,2026/07/28 20:50:00,7323.65,29.13,TRADE
VIC1,2026/07/28 20:55:00,7278.14,22.41,TRADE
VIC1,2026/07/28 21:00:00,7232.6,29.01,TRADE
VIC1,2026/07/28 21:05:00,7210.32,30.11,TRADE
VIC1,2026/07/28 21:10:00,7203.62,25.19,TRADE
VIC1,2026/07/28 21:15:00,7161.19,14.77,TRADE
VIC1,2026/07/28 21:20:00,7052.43,-504.65,TRADE
VIC1,2026/07/28 21:25:00,7241.51,-1.15,TRADE
VIC1,2026/07/28 21:30:00,7170.02,13.59,TRADE
VIC1,2026/07/28 21:35:00,7105.4,-1.15,TRADE
VIC1,2026/07/28 21:40:00,6968.6,12.74,TRADE
VIC1,2026/07/28 21:45:00,6833.44,12.66,TRADE
VIC1,2026/07/28 21:50:00,6792.28,8.65,TRADE
VIC1,2026/07/28 21:55:00,6698.02,-8.72,TRADE
VIC1,2026/07/28 22:00:00,6560.33,-45.58,TRADE
VIC1,2026/07/28 22:05:00,6489.99,-12.75,TRADE
VIC1,2026/07/28 22:10:00,6576.46,-1.15,TRADE
VIC1,2026/07/28 22:15:00,6584.65,-1.15,TRADE
VIC1,2026/07/28 22:20:00,6503.48,-1.15,TRADE
VIC1,2026/07/28 22:25:00,6329.2,-1.15,TRADE
VIC1,2026/07/28 22:30:00,6335.65,-1.15,TRADE
VIC1,2026/07/28 22:35:00,6271.86,-1.15,TRADE
VIC1,2026/07/28 22:40:00,6172.56,-1.15,TRADE
VIC1,2026/07/28 22:45:00,6174.17,-1.15,TRADE
VIC1,2026/07/28 22:50:00,6063.65,-5,TRADE
VIC1,2026/07/28 22:55:00,6016.48,-5,TRADE
VIC1,2026/07/28 23:00:00,6057.27,-1.15,TRADE
VIC1,2026/07/28 23:05:00,6010.21,-1.15,TRADE
VIC1,2026/07/28 23:10:00,6069.44,-1.15,TRADE
VIC1,2026/07/28 23:15:00,6076,-1.15,TRADE
VIC1,2026/07/28 23:20:00,6037.75,-1.15,TRADE
VIC1,2026/07/28 23:25:00,5929.09,-1.15,TRADE
VIC1,2026/07/28 23:30:00,5925.22,-1.15,TRADE
VIC1,2026/07/28 23:35:00,5963.15,-1.15,TRADE
VIC1,2026/07/28 23:40:00,5921.17,-2.99,TRADE
VIC1,2026/07/28 23:45:00,5866.78,-12.75,TRADE
VIC1,2026/07/28 23:50:00,5853.92,-11.95,TRADE
VIC1,2026/07/28 23:55:00,5803.7,-2.47,TRADE
VIC1,2026/07/29 00:00:00,5768.58,-11.95,TRADE
VIC1,2026/07/29 00:05:00,5757.68,-1.15,TRADE
VIC1,2026/07/29 00:10:00,5671.68,-1.15,TRADE
VIC1,2026/07/29 00:15:00,5708.2,-1.15,TRADE
VIC1,2026/07/29 00:20:00,5677.68,-1.15,TRADE
VIC1,2026/07/29 00:25:00,5634.92,-1.15,TRADE
VIC1,2026/07/29 00:30:00,5609.67,-1.15,TRADE
VIC1,2026/07/29 00:35:00,5582.31,-1.15,TRADE
VIC1,2026/07/29 00:40:00,5550.73,-1.15,TRADE
VIC1,2026/07/29 00:45:00,5533.19,-1.15,TRADE
VIC1,2026/07/29 00:50:00,5446.5,-1.15,TRADE
VIC1,2026/07/29 00:55:00,5384.34,-1.15,TRADE
VIC1,2026/07/29 01:00:00,5465.29,-1.15,TRADE
VIC1,2026/07/29 01:05:00,5438.74,-1.15,TRADE
VIC1,2026/07/29 01:10:00,5368.98,-1.15,TRADE
VIC1,2026/07/29 01:15:00,5388.89,-1.15,TRADE
VIC1,2026/07/29 01:20:00,5354.48,-1.15,TRADE
VIC1,2026/07/29 01:25:00,5293.96,-1.15,TRADE
VIC1,2026/07/29 01:30:00,5181.98,-1.15,TRADE
VIC1,2026/07/29 01:35:00,5177.81,-1.15,TRADE
VIC1,2026/07/29 01:40:00,5221.37,-1.10,TRADE
VIC1,2026/07/29 01:45:00,5193.74,-1.15,TRADE
VIC1,2026/07/29 01:50:00,5125.44,-1.15,TRADE
VIC1,2026/07/29 01:55:00,5174.96,-1.15,TRADE
VIC1,2026/07/29 02:00:00,5140.39,-1.15,TRADE
VIC1,2026/07/29 02:05:00,5136.82,-1.10,TRADE
VIC1,2026/07/29 02:10:00,5052.82,-1.10,TRADE
VIC1,2026/07/29 02:15:00,5070.85,-1.10,TRADE
VIC1,2026/07/29 02:20:00,5059.95,-1.10,TRADE
VIC1,2026/07/29 02:25:00,5048.11,-1.10,TRADE
VIC1,2026/07/29 02:30:00,5015.44,-1.10,TRADE
VIC1,2026/07/29 02:35:00,5002.98,-1.10,TRADE
VIC1,2026/07/29 02:40:00,5032.2,-1.10,TRADE
VIC1,2026/07/29 02:45:00,5031.7,-1.10,TRADE
VIC1,2026/07/29 02:50:00,4934.96,-1.10,TRADE
VIC1,2026/07/29 02:55:00,4867.53,-1.15,TRADE
VIC1,2026/07/29 03:00:00,4982.35,-1.10,TRADE
VIC1,2026/07/29 03:05:00,4969.79,-1.10,TRADE
VIC1,2026/07/29 03:10:00,4952.97,-1.10,TRADE
VIC1,2026/07/29 03:15:00,4910.49,-1.10,TRADE
VIC1,2026/07/29 03:20:00,4932.26,-1.10,TRADE
VIC1,2026/07/29 03:25:00,4916.2,-1.10,TRADE
VIC1,2026/07/29 03:30:00,4845.69,-1.15,TRADE
VIC1,2026/07/29 03:35:00,4867.25,-1.10,TRADE
VIC1,2026/07/29 03:40:00,4901.68,-1.10,TRADE
VIC1,2026/07/29 03:45:00,4927.49,-1.10,TRADE
VIC1,2026/07/29 03:50:00,4854.12,-1.15,TRADE
VIC1,2026/07/29 03:55:00,4917.02,-1.10,TRADE
VIC1,2026/07/29 04:00:00,4887.22,-1.15,TRADE
VIC1,2026/07/29 04:05:00,4899.65,-1.10,TRADE
VIC1,2026/07/29 04:10:00,4848.18,-1.15,TRADE
VIC1,2026/07/29 04:15:00,4879.13,-1.10,TRADE
VIC1,2026/07/29 04:20:00,4898.57,-1.10,TRADE
VIC1,2026/07/29 04:25:00,4897.46,-1.10,TRADE
VIC1,2026/07/29 04:30:00,4907.09,-1.10,TRADE
VIC1,2026/07/29 04:35:00,4927.25,-1.10,TRADE
VIC1,2026/07/29 04:40:00,4949.98,-1.10,TRADE
VIC1,2026/07/29 04:45:00,4989.66,-1.10,TRADE
VIC1,2026/07/29 04:50:00,4970.18,-1.10,TRADE
VIC1,2026/07/29 04:55:00,5011.33,-1.10,TRADE
VIC1,2026/07/29 05:00:00,5036.39,-1.10,TRADE
VIC1,2026/07/29 05:05:00,5084.76,-1.10,TRADE
VIC1,2026/07/29 05:10:00,5157.15,-1.10,TRADE
VIC1,2026/07/29 05:15:00,5229.11,-1.10,TRADE
VIC1,2026/07/29 05:20:00,5193.3,-1.10,TRADE
VIC1,2026/07/29 05:25:00,5267.1,-1.10,TRADE
VIC1,2026/07/29 05:30:00,5282.06,-1.10,TRADE
VIC1,2026/07/29 05:35:00,5299.07,-1.10,TRADE
VIC1,2026/07/29 05:40:00,5398.03,-1.10,TRADE
VIC1,2026/07/29 05:45:00,5433.26,-1.15,TRADE
VIC1,2026/07/29 05:50:00,5513.79,-1.15,TRADE
VIC1,2026/07/29 05:55:00,5560.07,-1.15,TRADE
VIC1,2026/07/29 06:00:00,5677.56,-1.15,TRADE
VIC1,2026/07/29 06:05:00,5726.98,-1.15,TRADE
VIC1,2026/07/29 06:10:00,5887.61,-1.10,TRADE
VIC1,2026/07/29 06:15:00,5992.77,-1.10,TRADE
VIC1,2026/07/29 06:20:00,6073.53,14.25,TRADE
VIC1,2026/07/29 06:25:00,6194.05,14.55,TRADE
VIC1,2026/07/29 06:30:00,6282.93,-1.10,TRADE
VIC1,2026/07/29 06:35:00,6385.49,-1.10,TRADE
VIC1,2026/07/29 06:40:00,6489.08,-1.10,TRADE
VIC1,2026/07/29 06:45:00,6650.08,-1.10,TRADE
VIC1,2026/07/29 06:50:00,6729.96,-1.10,TRADE
VIC1,2026/07/29 06:55:00,6841.26,-1.10,TRADE
VIC1,2026/07/29 07:00:00,6941.38,10.50,TRADE
VIC1,2026/07/29 07:05:00,7029.32,10.50,TRADE
VIC1,2026/07/29 07:10:00,7131.65,22.67,TRADE
VIC1,2026/07/29 07:15:00,7323.6,10.50,TRADE
VIC1,2026/07/29 07:20:00,7436.99,10.50,TRADE
VIC1,2026/07/29 07:25:00,7507.28,11.67,TRADE
VIC1,2026/07/29 07:30:00,7605.87,22.67,TRADE
VIC1,2026/07/29 07:35:00,7642.46,22.67,TRADE
VIC1,2026/07/29 07:40:00,7702.52,10.65,TRADE
VIC1,2026/07/29 07:45:00,7757.92,10.50,TRADE
VIC1,2026/07/29 07:50:00,7779.84,10.50,TRADE
VIC1,2026/07/29 07:55:00,7782.54,10.50,TRADE
VIC1,2026/07/29 08:00:00,7833.53,10.65,TRADE
VIC1,2026/07/29 08:05:00,7835.99,10.72,TRADE
VIC1,2026/07/29 08:10:00,7867.57,10.50,TRADE
VIC1,2026/07/29 08:15:00,7835.98,8.94,TRADE
VIC1,2026/07/29 08:20:00,7811.81,10.50,TRADE
VIC1,2026/07/29 08:25:00,7770.22,10.50,TRADE
VIC1,2026/07/29 08:30:00,7724.72,8.95,TRADE
VIC1,2026/07/29 08:35:00,7678.85,10.50,TRADE
VIC1,2026/07/29 08:40:00,7555.67,10.48,TRADE
VIC1,2026/07/29 08:45:00,7526.67,10.65,TRADE
VIC1,2026/07/29 08:50:00,7500.7,10.50,TRADE
VIC1,2026/07/29 08:55:00,7465.86,8.94,TRADE
VIC1,2026/07/29 09:00:00,7463.85,-1.10,TRADE
VIC1,2026/07/29 09:05:00,7445.51,4.05,TRADE
VIC1,2026/07/29 09:10:00,7399.89,10.50,TRADE
VIC1,2026/07/29 09:15:00,7388.23,10.50,TRADE
VIC1,2026/07/29 09:20:00,7315.91,10.50,TRADE
VIC1,2026/07/29 09:25:00,7304.06,11.45,TRADE
VIC1,2026/07/29 09:30:00,7245.12,10.50,TRADE
VIC1,2026/07/29 09:35:00,7140.16,18.04,TRADE
VIC1,2026/07/29 09:40:00,7106.17,22.12,TRADE
VIC1,2026/07/29 09:45:00,7018.45,10.65,TRADE
VIC1,2026/07/29 09:50:00,6978.43,10.50,TRADE
VIC1,2026/07/29 09:55:00,6929.48,8.94,TRADE
VIC1,2026/07/29 10:00:00,6916.58,1.25,TRADE
VIC1,2026/07/29 10:05:00,6951.38,8.84,TRADE
VIC1,2026/07/29 10:10:00,6883.73,10.50,TRADE
VIC1,2026/07/29 10:15:00,6857.77,8.83,TRADE
VIC1,2026/07/29 10:20:00,6774.68,8.94,TRADE
VIC1,2026/07/29 10:25:00,6748.74,1.25,TRADE
VIC1,2026/07/29 10:30:00,6710.47,8.94,TRADE
VIC1,2026/07/29 10:35:00,6635.52,8.94,TRADE
VIC1,2026/07/29 10:40:00,6645.81,10.68,TRADE
VIC1,2026/07/29 10:45:00,6628.43,1.25,TRADE
VIC1,2026/07/29 10:50:00,6618.22,8.94,TRADE
VIC1,2026/07/29 10:55:00,6583.34,10.50,TRADE
VIC1,2026/07/29 11:00:00,6522.97,10.50,TRADE
VIC1,2026/07/29 11:05:00,6471.26,0.11,TRADE
VIC1,2026/07/29 11:10:00,6639.74,22.12,TRADE
VIC1,2026/07/29 11:15:00,6610.85,11.67,TRADE
VIC1,2026/07/29 11:20:00,6631.03,22.12,TRADE
VIC1,2026/07/29 11:25:00,6664.22,10.50,TRADE
VIC1,2026/07/29 11:30:00,6623.52,8.96,TRADE
VIC1,2026/07/29 11:35:00,6630.96,11.64,TRADE
VIC1,2026/07/29 11:40:00,6711.57,10.50,TRADE
VIC1,2026/07/29 11:45:00,6685,11.64,TRADE
VIC1,2026/07/29 11:50:00,6641.85,-1.10,TRADE
VIC1,2026/07/29 11:55:00,6669.63,0.17,TRADE
VIC1,2026/07/29 12:00:00,6573.09,10.50,TRADE
VIC1,2026/07/29 12:05:00,6536.6,13.51,TRADE
VIC1,2026/07/29 12:10:00,6547.48,10.65,TRADE
VIC1,2026/07/29 12:15:00,6482.72,1.42,TRADE
VIC1,2026/07/29 12:20:00,6504.63,1.42,TRADE
VIC1,2026/07/29 12:25:00,6482.12,6.07,TRADE
VIC1,2026/07/29 12:30:00,6379.83,3.15,TRADE
VIC1,2026/07/29 12:35:00,6346.89,10.50,TRADE
VIC1,2026/07/29 12:40:00,6390.18,3.09,TRADE
VIC1,2026/07/29 12:45:00,6349.64,1.42,TRADE
VIC1,2026/07/29 12:50:00,6342.03,5.08,TRADE
VIC1,2026/07/29 12:55:00,6295.19,1.42,TRADE
VIC1,2026/07/29 13:00:00,6314.48,0.67,TRADE
VIC1,2026/07/29 13:05:00,6340.64,0.17,TRADE
VIC1,2026/07/29 13:10:00,6323.05,10.50,TRADE
VIC1,2026/07/29 13:15:00,6385.19,0.92,TRADE
VIC1,2026/07/29 13:20:00,6366.47,0.11,TRADE
VIC1,2026/07/29 13:25:00,6433.79,0.18,TRADE
VIC1,2026/07/29 13:30:00,6350.26,-1.10,TRADE
VIC1,2026/07/29 13:35:00,6338.02,-1.10,TRADE
VIC1,2026/07/29 13:40:00,6379.44,-1.15,TRADE
VIC1,2026/07/29 13:45:00,6217.29,-1.15,TRADE
VIC1,2026/07/29 13:50:00,6238.01,-1.15,TRADE
VIC1,2026/07/29 13:55:00,6257.13,-1.15,TRADE
VIC1,2026/07/29 14:00:00,6298.84,-1.15,TRADE
VIC1,2026/07/29 14:05:00,6334.74,-1.10,TRADE
VIC1,2026/07/29 14:10:00,6224.19,-1.10,TRADE
VIC1,2026/07/29 14:15:00,6149.63,-1.15,TRADE
VIC1,2026/07/29 14:20:00,6077.23,-1.10,TRADE
VIC1,2026/07/29 14:25:00,6025.5,-0.70,TRADE
VIC1,2026/07/29 14:30:00,5978.11,-1.15,TRADE
VIC1,2026/07/29 14:35:00,6015.27,-1.15,TRADE
VIC1,2026/07/29 14:40:00,6024.43,-0.69,TRADE
VIC1,2026/07/29 14:45:00,6079.75,-0.70,TRADE
VIC1,2026/07/29 14:50:00,6015.14,8.94,TRADE
VIC1,2026/07/29 14:55:00,6054.2,8.94,TRADE
VIC1,2026/07/29 15:00:00,6087.74,11.08,TRADE
VIC1,2026/07/29 15:05:00,6116.59,-1.10,TRADE
VIC1,2026/07/29 15:10:00,6107.5,-1.10,TRADE
VIC1,2026/07/29 15:15:00,6171.21,-1.10,TRADE
VIC1,2026/07/29 15:20:00,6181.92,-1.15,TRADE
VIC1,2026/07/29 15:25:00,6123.04,0,TRADE
VIC1,2026/07/29 15:30:00,6177.31,0.01,TRADE
VIC1,2026/07/29 15:35:00,6262.53,8.86,TRADE
VIC1,2026/07/29 15:40:00,6319.35,40.89,TRADE
VIC1,2026/07/29 15:45:00,6408.57,44,TRADE
VIC1,2026/07/29 15:50:00,6486.12,61.32,TRADE
VIC1,2026/07/29 15:55:00,6572.35,84.20,TRADE
VIC1,2026/07/29 16:00:00,6632.77,86.44,TRADE
VIC1,2026/07/29 16:05:00,6716.01,62.67,TRADE
VIC1,2026/07/29 16:10:00,6820.14,41.55,TRADE
VIC1,2026/07/29 16:15:00,6904.12,70.67,TRADE
VIC1,2026/07/29 16:20:00,7012.04,81.69,TRADE
VIC1,2026/07/29 16:25:00,7134.93,86.60,TRADE
VIC1,2026/07/29 16:30:00,7203.26,110.40,TRADE
VIC1,2026/07/29 16:35:00,7276.05,98.56,TRADE
VIC1,2026/07/29 16:40:00,7363.79,110.40,TRADE
VIC1,2026/07/29 16:45:00,7497.2,115.35,TRADE
VIC1,2026/07/29 16:50:00,7496.28,112.53,TRADE
VIC1,2026/07/29 16:55:00,7535.46,100.42,TRADE
VIC1,2026/07/29 17:00:00,7659.85,110.40,TRADE
VIC1,2026/07/29 17:05:00,7738.04,115.35,TRADE
VIC1,2026/07/29 17:10:00,7752.37,114.66,TRADE
VIC1,2026/07/29 17:15:00,7827.55,112.76,TRADE
VIC1,2026/07/29 17:20:00,7937.02,129.06,TRADE
VIC1,2026/07/29 17:25:00,8101.47,125.96,TRADE
VIC1,2026/07/29 17:30:00,8217.09,129.06,TRADE
VIC1,2026/07/29 17:35:00,8286.78,115.87,TRADE
VIC1,2026/07/29 17:40:00,8302.69,116.08,TRADE
VIC1,2026/07/29 17:45:00,8400.65,129.06,TRADE
VIC1,2026/07/29 17:50:00,8456.05,128.48,TRADE
VIC1,2026/07/29 17:55:00,8530.8,129.06,TRADE
VIC1,2026/07/29 18:00:00,8581.37,129.06,TRADE
VIC1,2026/07/29 18:05:00,8565.62,122.50,TRADE
VIC1,2026/07/29 18:10:00,8591.21,128.20,TRADE
VIC1,2026/07/29 18:15:00,8527.67,115.35,TRADE
VIC1,2026/07/29 18:20:00,8592.88,115.35,TRADE
VIC1,2026/07/29 18:25:00,8643.39,122.51,TRADE
VIC1,2026/07/29 18:30:00,8700.91,133.39,TRADE
VIC1,2026/07/29 18:35:00,8668.34,137.77,TRADE
VIC1,2026/07/29 18:40:00,8653.99,127.15,TRADE
VIC1,2026/07/29 18:45:00,8620.36,127.37,TRADE
VIC1,2026/07/29 18:50:00,8541.25,126.48,TRADE
VIC1,2026/07/29 18:55:00,8501.73,123.74,TRADE
VIC1,2026/07/29 19:00:00,8547.99,126.60,TRADE
VIC1,2026/07/29 19:05:00,8518.64,121.97,TRADE
VIC1,2026/07/29 19:10:00,8602.38,124.98,TRADE
VIC1,2026/07/29 19:15:00,8544.82,117.40,TRADE
VIC1,2026/07/29 19:20:00,8434.79,110.78,TRADE
VIC1,2026/07/29 19:25:00,8431.22,115.35,TRADE
VIC1,2026/07/29 19:30:00,8496.41,115.35,TRADE
VIC1,2026/07/29 19:35:00,8469.73,118.98,TRADE
VIC1,2026/07/29 19:40:00,8384.72,115.35,TRADE
VIC1,2026/07/29 19:45:00,8320.92,111.98,TRADE
VIC1,2026/07/29 19:50:00,8421.46,115.35,TRADE
VIC1,2026/07/29 19:55:00,8313.78,110.40,TRADE
VIC1,2026/07/29 20:00:00,8324.1,105.13,TRADE
VIC1,2026/07/29 20:05:00,8314.62,141.07,TRADE
VIC1,2026/07/29 20:10:00,8272.17,121.17,TRADE
VIC1,2026/07/29 20:15:00,8152.67,115.35,TRADE
VIC1,2026/07/29 20:20:00,8133.15,111.98,TRADE
VIC1,2026/07/29 20:25:00,8043.19,110.40,TRADE
VIC1,2026/07/29 20:30:00,8024.57,110.40,TRADE
VIC1,2026/07/29 20:35:00,8062.38,118.24,TRADE
VIC1,2026/07/29 20:40:00,8008.84,118.96,TRADE
VIC1,2026/07/29 20:45:00,7912.06,115.35,TRADE
VIC1,2026/07/29 20:50:00,7951.46,121.52,TRADE
VIC1,2026/07/29 20:55:00,7845.36,115.87,TRADE
VIC1,2026/07/29 21:00:00,7799.51,110.43,TRADE
VIC1,2026/07/29 21:05:00,7831.67,120.50,TRADE
VIC1,2026/07/29 21:10:00,7804.05,117.49,TRADE
VIC1,2026/07/29 21:15:00,7774.32,118.32,TRADE
VIC1,2026/07/29 21:20:00,7707.66,120.25,TRADE
VIC1,2026/07/29 21:25:00,7542.72,110.40,TRADE
VIC1,2026/07/29 21:30:00,7518.07,110.40,TRADE
VIC1,2026/07/29 21:35:00,7543.32,119.83,TRADE
VIC1,2026/07/29 21:40:00,7512.86,116.47,TRADE
VIC1,2026/07/29 21:45:00,7426.29,110.35,TRADE
VIC1,2026/07/29 21:50:00,7371.81,103.12,TRADE
VIC1,2026/07/29 21:55:00,7270.86,92.03,TRADE
VIC1,2026/07/29 22:00:00,7197.63,92.09,TRADE
VIC1,2026/07/29 22:05:00,7125.77,92.89,TRADE
VIC1,2026/07/29 22:10:00,6996.6,91.48,TRADE
VIC1,2026/07/29 22:15:00,6977.88,90.56,TRADE
VIC1,2026/07/29 22:20:00,6932.38,90.67,TRADE
VIC1,2026/07/29 22:25:00,6869.47,90.56,TRADE
VIC1,2026/07/29 22:30:00,6803.77,81.21,TRADE
VIC1,2026/07/29 22:35:00,6707.9,91.48,TRADE
VIC1,2026/07/29 22:40:00,6705.86,91.48,TRADE
VIC1,2026/07/29 22:45:00,6665.08,91.48,TRADE
VIC1,2026/07/29 22:50:00,6532.45,90.28,TRADE
VIC1,2026/07/29 22:55:00,6474.92,78.34,TRADE
VIC1,2026/07/29 23:00:00,6512.3,91.48,TRADE
VIC1,2026/07/29 23:05:00,6512.72,91.48,TRADE
VIC1,2026/07/29 23:10:00,6601.49,91.48,TRADE
VIC1,2026/07/29 23:15:00,6586.73,91.48,TRADE
VIC1,2026/07/29 23:20:00,6540.64,91.48,TRADE
VIC1,2026/07/29 23:25:00,6522.27,91.48,TRADE
VIC1,2026/07/29 23:30:00,6468.19,82.86,TRADE
VIC1,2026/07/29 23:35:00,6452.25,91.48,TRADE
VIC1,2026/07/29 23:40:00,6443.66,92.16,TRADE
VIC1,2026/07/29 23:45:00,6371.94,91.48,TRADE
VIC1,2026/07/29 23:50:00,6299.1,91.31,TRADE
VIC1,2026/07/29 23:55:00,6293.4,91.48,TRADE
VIC1,2026/07/30 00:00:00,6286.14,91.48,TRADE
VIC1,2026/07/30 00:05:00,6246.02,91.48,TRADE
VIC1,2026/07/30 00:10:00,6193.93,97.55,TRADE
VIC1,2026/07/30 00:15:00,6164.02,97.04,TRADE
VIC1,2026/07/30 00:20:00,6166.37,91.48,TRADE
VIC1,2026/07/30 00:25:00,6100.03,90.92,TRADE
VIC1,2026/07/30 00:30:00,6011.89,89.02,TRADE
VIC1,2026/07/30 00:35:00,6059.8,91.48,TRADE
VIC1,2026/07/30 00:40:00,6043.62,91.48,TRADE
VIC1,2026/07/30 00:45:00,6020.83,91.29,TRADE
VIC1,2026/07/30 00:50:00,5980.91,90.51,TRADE
VIC1,2026/07/30 00:55:00,5894.58,91.16,TRADE
VIC1,2026/07/30 01:00:00,5844.43,91.15,TRADE
VIC1,2026/07/30 01:05:00,5878.03,90.44,TRADE
VIC1,2026/07/30 01:10:00,5810.89,86.09,TRADE
VIC1,2026/07/30 01:15:00,5812,80.50,TRADE
VIC1,2026/07/30 01:20:00,5879.42,91.10,TRADE
VIC1,2026/07/30 01:25:00,5847.47,91.48,TRADE
VIC1,2026/07/30 01:30:00,5824.05,90.43,TRADE
VIC1,2026/07/30 01:35:00,5818.36,91.14,TRADE
VIC1,2026/07/30 01:40:00,5802.34,85.56,TRADE
VIC1,2026/07/30 01:45:00,5674.87,91.48,TRADE
VIC1,2026/07/30 01:50:00,5626.34,91.25,TRADE
VIC1,2026/07/30 01:55:00,5676.02,91.48,TRADE
VIC1,2026/07/30 02:00:00,5623.7,79.04,TRADE
VIC1,2026/07/30 02:05:00,5616.76,83.51,TRADE
VIC1,2026/07/30 02:10:00,5604.12,91.48,TRADE
VIC1,2026/07/30 02:15:00,5576.63,91.48,TRADE
VIC1,2026/07/30 02:20:00,5568.73,80.62,TRADE
VIC1,2026/07/30 02:25:00,5550.4,81.98,TRADE
VIC1,2026/07/30 02:30:00,5470.96,87.38,TRADE
VIC1,2026/07/30 02:35:00,5512.79,91.48,TRADE
VIC1,2026/07/30 02:40:00,5485.78,87.29,TRADE
VIC1,2026/07/30 02:45:00,5419.1,91.48,TRADE
VIC1,2026/07/30 02:50:00,5482.12,80,TRADE
VIC1,2026/07/30 02:55:00,5464.72,72.82,TRADE
VIC1,2026/07/30 03:00:00,5481.67,80.50,TRADE
VIC1,2026/07/30 03:05:00,5493.39,86.60,TRADE
VIC1,2026/07/30 03:10:00,5398.32,86.45,TRADE
VIC1,2026/07/30 03:15:00,5418.65,80.50,TRADE
VIC1,2026/07/30 03:20:00,5387.03,80.50,TRADE
VIC1,2026/07/30 03:25:00,5401.71,80.50,TRADE
VIC1,2026/07/30 03:30:00,5365.85,92.98,TRADE
VIC1,2026/07/30 03:35:00,5366.22,80.50,TRADE
VIC1,2026/07/30 03:40:00,5352.94,81.33,TRADE
VIC1,2026/07/30 03:45:00,5357.1,80.50,TRADE
VIC1,2026/07/30 03:50:00,5314.81,80.57,TRADE
VIC1,2026/07/30 03:55:00,5322.4,75.53,TRADE
VIC1,2026/07/30 04:00:00,5344.57,80.50,TRADE
VIC1,2026/07/30 04:05:00,5321.44,73.02,TRADE
VIC1,2026/07/30 04:10:00,5384.29,80.50,TRADE
VIC1,2026/07/30 04:15:00,5390.66,85.13,TRADE
VIC1,2026/07/30 04:20:00,5379.76,80.50,TRADE
VIC1,2026/07/30 04:25:00,5385,83.13,TRADE
VIC1,2026/07/30 04:30:00,5387.37,82.87,TRADE
VIC1,2026/07/30 04:35:00,5423.88,80.50,TRADE
VIC1,2026/07/30 04:40:00,5467.6,93.75,TRADE
VIC1,2026/07/30 04:45:00,5499.27,87.04,TRADE
VIC1,2026/07/30 04:50:00,5451.84,84.93,TRADE
VIC1,2026/07/30 04:55:00,5496.38,93.38,TRADE
VIC1,2026/07/30 05:00:00,5554.72,101.70,TRADE
VIC1,2026/07/30 05:05:00,5585.17,84.29,TRADE
VIC1,2026/07/30 05:10:00,5633.51,89.72,TRADE
VIC1,2026/07/30 05:15:00,5686.39,98.75,TRADE
VIC1,2026/07/30 05:20:00,5723.82,100.30,TRADE
VIC1,2026/07/30 05:25:00,5759.71,100.35,TRADE
VIC1,2026/07/30 05:30:00,5831.07,110.40,TRADE
VIC1,2026/07/30 05:35:00,5876.11,91.46,TRADE
VIC1,2026/07/30 05:40:00,5969.17,100.52,TRADE
VIC1,2026/07/30 05:45:00,6020.31,102.26,TRADE
VIC1,2026/07/30 05:50:00,6102.05,103.84,TRADE
VIC1,2026/07/30 05:55:00,6166.89,103.08,TRADE
VIC1,2026/07/30 06:00:00,6255.39,110.40,TRADE
VIC1,2026/07/30 06:05:00,6329.23,101.41,TRADE
VIC1,2026/07/30 06:10:00,6484.86,110.40,TRADE
VIC1,2026/07/30 06:15:00,6597.82,111.87,TRADE
VIC1,2026/07/30 06:20:00,6689.16,114.90,TRADE
VIC1,2026/07/30 06:25:00,6812.55,126.33,TRADE
VIC1,2026/07/30 06:30:00,6919.79,132.86,TRADE
VIC1,2026/07/30 06:35:00,7012.16,125.28,TRADE
VIC1,2026/07/30 06:40:00,7127.32,140.47,TRADE
VIC1,2026/07/30 06:45:00,7206.62,167.13,TRADE
VIC1,2026/07/30 06:50:00,7318.27,176.46,TRADE
VIC1,2026/07/30 06:55:00,7406.76,187.55,TRADE
VIC1,2026/07/30 07:00:00,7528.65,189.48,TRADE
VIC1,2026/07/30 07:05:00,7633.24,176.46,TRADE
VIC1,2026/07/30 07:10:00,7694.69,213.63,TRADE
VIC1,2026/07/30 07:15:00,7858.94,186.70,TRADE
VIC1,2026/07/30 07:20:00,7983.75,209.11,TRADE
VIC1,2026/07/30 07:25:00,8066.53,215.95,TRADE
VIC1,2026/07/30 07:30:00,8126.99,222.63,TRADE
VIC1,2026/07/30 07:35:00,8164.71,221,TRADE
VIC1,2026/07/30 07:40:00,8215.05,180.23,TRADE
VIC1,2026/07/30 07:45:00,8280.12,179.36,TRADE
VIC1,2026/07/30 07:50:00,8335.31,182.28,TRADE
VIC1,2026/07/30 07:55:00,8387.02,176.52,TRADE
VIC1,2026/07/30 08:00:00,8379.29,176.50,TRADE
VIC1,2026/07/30 08:05:00,8358.76,176.46,TRADE
VIC1,2026/07/30 08:10:00,8347.5,176.46,TRADE
VIC1,2026/07/30 08:15:00,8314.91,167.48,TRADE
VIC1,2026/07/30 08:20:00,8260.81,166.98,TRADE
VIC1,2026/07/30 08:25:00,8208.48,144.48,TRADE
VIC1,2026/07/30 08:30:00,8141.81,128.48,TRADE
VIC1,2026/07/30 08:35:00,8004.29,116.35,TRADE
VIC1,2026/07/30 08:40:00,8042.11,167.48,TRADE
VIC1,2026/07/30 08:45:00,7976.02,142.94,TRADE
VIC1,2026/07/30 08:50:00,7917.62,96.77,TRADE
VIC1,2026/07/30 08:55:00,7840.69,111.33,TRADE
VIC1,2026/07/30 09:00:00,7845.06,99,TRADE
VIC1,2026/07/30 09:05:00,7815.3,167.48,TRADE
VIC1,2026/07/30 09:10:00,7750.89,124.02,TRADE
VIC1,2026/07/30 09:15:00,7691.23,139.52,TRADE
VIC1,2026/07/30 09:20:00,7638.14,116.95,TRADE
VIC1,2026/07/30 09:25:00,7586.85,115.42,TRADE
VIC1,2026/07/30 09:30:00,7550.59,91.84,TRADE
VIC1,2026/07/30 09:35:00,7470.68,80.50,TRADE
VIC1,2026/07/30 09:40:00,7376.87,83.20,TRADE
VIC1,2026/07/30 09:45:00,7332.04,85.09,TRADE
VIC1,2026/07/30 09:50:00,7267.52,80.50,TRADE
VIC1,2026/07/30 09:55:00,7198.61,80.50,TRADE
VIC1,2026/07/30 10:00:00,7177.59,77.37,TRADE
VIC1,2026/07/30 10:05:00,7130.41,89.78,TRADE
VIC1,2026/07/30 10:10:00,7243.71,89.80,TRADE
VIC1,2026/07/30 10:15:00,7189.18,89.09,TRADE
VIC1,2026/07/30 10:20:00,7178.74,80.42,TRADE
VIC1,2026/07/30 10:25:00,7045.6,80.42,TRADE
VIC1,2026/07/30 10:30:00,7003.21,75.40,TRADE
VIC1,2026/07/30 10:35:00,6950.08,80.42,TRADE
VIC1,2026/07/30 10:40:00,6857.18,75.36,TRADE
VIC1,2026/07/30 10:45:00,6778.74,74.04,TRADE
VIC1,2026/07/30 10:50:00,6757.03,73.37,TRADE
VIC1,2026/07/30 10:55:00,6608.56,67.04,TRADE
VIC1,2026/07/30 11:00:00,6600.12,60.16,TRADE
VIC1,2026/07/30 11:05:00,6599.13,64,TRADE
VIC1,2026/07/30 11:10:00,6773.65,75.35,TRADE
VIC1,2026/07/30 11:15:00,6740.93,68.53,TRADE
VIC1,2026/07/30 11:20:00,6746.84,71.18,TRADE
VIC1,2026/07/30 11:25:00,6761.75,75.83,TRADE
VIC1,2026/07/30 11:30:00,6767.49,68.99,TRADE
VIC1,2026/07/30 11:35:00,6710.24,80.50,TRADE
VIC1,2026/07/30 11:40:00,6701.28,88.69,TRADE
VIC1,2026/07/30 11:45:00,6626.65,77.41,TRADE
VIC1,2026/07/30 11:50:00,6629.91,77.99,TRADE
VIC1,2026/07/30 11:55:00,6621.03,53.42,TRADE
VIC1,2026/07/30 12:00:00,6661.52,70.32,TRADE
VIC1,2026/07/30 12:05:00,6666.31,70.32,TRADE
VIC1,2026/07/30 12:10:00,6763.95,93.28,TRADE
VIC1,2026/07/30 12:15:00,6690.8,87.98,TRADE
VIC1,2026/07/30 12:20:00,6606.29,75.67,TRADE
VIC1,2026/07/30 12:25:00,6587.34,75.61,TRADE
VIC1,2026/07/30 12:30:00,6590.18,56.05,TRADE
VIC1,2026/07/30 12:35:00,6584.96,64,TRADE
VIC1,2026/07/30 12:40:00,6582.76,70.32,TRADE
VIC1,2026/07/30 12:45:00,6556.03,72.82,TRADE
VIC1,2026/07/30 12:50:00,6379.57,70.96,TRADE
VIC1,2026/07/30 12:55:00,6417.88,73.19,TRADE
VIC1,2026/07/30 13:00:00,6437.46,64,TRADE
VIC1,2026/07/30 13:05:00,6533.62,87.97,TRADE
VIC1,2026/07/30 13:10:00,6415.73,70.32,TRADE
VIC1,2026/07/30 13:15:00,6449.35,82.63,TRADE
VIC1,2026/07/30 13:20:00,6398.37,64,TRADE
VIC1,2026/07/30 13:25:00,6371.19,70.01,TRADE
VIC1,2026/07/30 13:30:00,6218.02,66.19,TRADE
VIC1,2026/07/30 13:35:00,6208.77,69.12,TRADE
VIC1,2026/07/30 13:40:00,6230.11,73.22,TRADE
VIC1,2026/07/30 13:45:00,6202.37,83.89,TRADE
VIC1,2026/07/30 13:50:00,6217.72,60.16,TRADE
VIC1,2026/07/30 13:55:00,6179.51,70.32,TRADE
VIC1,2026/07/30 14:00:00,6262.76,81.24,TRADE
VIC1,2026/07/30 14:05:00,6287.65,75.51,TRADE
VIC1,2026/07/30 14:10:00,6117.55,70.32,TRADE
VIC1,2026/07/30 14:15:00,6095.95,60.16,TRADE
VIC1,2026/07/30 14:20:00,6139.73,65.79,TRADE
VIC1,2026/07/30 14:25:00,6206.35,60.16,TRADE
VIC1,2026/07/30 14:30:00,6214.96,30.21,TRADE
VIC1,2026/07/30 14:35:00,6191.66,30.15,TRADE
VIC1,2026/07/30 14:40:00,6290.43,60.16,TRADE
VIC1,2026/07/30 14:45:00,6266.36,60.16,TRADE
VIC1,2026/07/30 14:50:00,6261.01,66.24,TRADE
VIC1,2026/07/30 14:55:00,6372.48,70.32,TRADE
VIC1,2026/07/30 15:00:00,6401.25,70.32,TRADE
VIC1,2026/07/30 15:05:00,6415.09,20.18,TRADE
VIC1,2026/07/30 15:10:00,6424.16,30.21,TRADE
VIC1,2026/07/30 15:15:00,6388.23,56.51,TRADE
VIC1,2026/07/30 15:20:00,6494.44,70.32,TRADE
VIC1,2026/07/30 15:25:00,6501.84,63.78,TRADE
VIC1,2026/07/30 15:30:00,6514.56,80.50,TRADE
VIC1,2026/07/30 15:35:00,6651.2,121.50,TRADE
VIC1,2026/07/30 15:40:00,6704.56,89.39,TRADE
VIC1,2026/07/30 15:45:00,6783.12,116.61,TRADE
VIC1,2026/07/30 15:50:00,6867.19,118.44,TRADE
VIC1,2026/07/30 15:55:00,6835.66,118.23,TRADE
VIC1,2026/07/30 16:00:00,6984.71,121.50,TRADE
VIC1,2026/07/30 16:05:00,7104.24,121.50,TRADE
VIC1,2026/07/30 16:10:00,7109.09,121.50,TRADE
VIC1,2026/07/30 16:15:00,7230.45,175.50,TRADE
VIC1,2026/07/30 16:20:00,7300.37,175.50,TRADE
VIC1,2026/07/30 16:25:00,7369.37,176.46,TRADE
VIC1,2026/07/30 16:30:00,7393.38,176.46,TRADE
VIC1,2026/07/30 16:35:00,7412.53,178.96,TRADE
VIC1,2026/07/30 16:40:00,7491.69,176.46,TRADE
VIC1,2026/07/30 16:45:00,7626.91,176.46,TRADE
VIC1,2026/07/30 16:50:00,7729.95,176.46,TRADE
VIC1,2026/07/30 16:55:00,7804.21,176.46,TRADE
VIC1,2026/07/30 17:00:00,7849.14,256.48,TRADE
VIC1,2026/07/30 17:05:00,7909.27,176.47,TRADE
VIC1,2026/07/30 17:10:00,7902.04,184,TRADE
VIC1,2026/07/30 17:15:00,8016.54,277.32,TRADE
VIC1,2026/07/30 17:20:00,8003.33,249.80,TRADE
VIC1,2026/07/30 17:25:00,8093.15,249.79,TRADE
VIC1,2026/07/30 17:30:00,8221.1,299.44,TRADE
VIC1,2026/07/30 17:35:00,8215.82,184,TRADE
VIC1,2026/07/30 17:40:00,8285.46,190.47,TRADE
VIC1,2026/07/30 17:45:00,8380.34,249.79,TRADE
VIC1,2026/07/30 17:50:00,8421.97,250.24,TRADE
VIC1,2026/07/30 17:55:00,8484.4,187.55,TRADE
VIC1,2026/07/30 18:00:00,8463.91,189.87,TRADE
VIC1,2026/07/30 18:05:00,8479.55,245.07,TRADE
VIC1,2026/07/30 18:10:00,8496.47,210.88,TRADE
VIC1,2026/07/30 18:15:00,8459.81,187.55,TRADE
VIC1,2026/07/30 18:20:00,8462.25,246.67,TRADE
VIC1,2026/07/30 18:25:00,8505.3,249.79,TRADE
VIC1,2026/07/30 18:30:00,8493.79,187.88,TRADE
VIC1,2026/07/30 18:35:00,8442.56,186.70,TRADE
VIC1,2026/07/30 18:40:00,8553.83,249.79,TRADE
VIC1,2026/07/30 18:45:00,8493.72,190.47,TRADE
VIC1,2026/07/30 18:50:00,8505.94,188.27,TRADE
VIC1,2026/07/30 18:55:00,8412.23,252.59,TRADE
VIC1,2026/07/30 19:00:00,8332.35,247.62,TRADE
VIC1,2026/07/30 19:05:00,8373.28,186.70,TRADE
VIC1,2026/07/30 19:10:00,8377.45,187.55,TRADE
VIC1,2026/07/30 19:15:00,8337.81,187.55,TRADE
VIC1,2026/07/30 19:20:00,8327.43,244.52,TRADE
VIC1,2026/07/30 19:25:00,8318.11,187.55,TRADE
VIC1,2026/07/30 19:30:00,8332.44,185.06,TRADE
VIC1,2026/07/30 19:35:00,8217.94,176.49,TRADE
VIC1,2026/07/30 19:40:00,8260.36,178.78,TRADE
VIC1,2026/07/30 19:45:00,8295.93,182.24,TRADE
VIC1,2026/07/30 19:50:00,8282,186.70,TRADE
VIC1,2026/07/30 19:55:00,8172.79,186.30,TRADE
VIC1,2026/07/30 20:00:00,8249.27,182.02,TRADE
VIC1,2026/07/30 20:05:00,8235,249.80,TRADE
VIC1,2026/07/30 20:10:00,8197.89,220.08,TRADE
VIC1,2026/07/30 20:15:00,8087.73,240.48,TRADE
VIC1,2026/07/30 20:20:00,8067.86,256.48,TRADE
VIC1,2026/07/30 20:25:00,8099.25,296.50,TRADE
VIC1,2026/07/30 20:30:00,8043.93,314.66,TRADE
VIC1,2026/07/30 20:35:00,7981.21,249.79,TRADE
VIC1,2026/07/30 20:40:00,7963.87,291.81,TRADE
VIC1,2026/07/30 20:45:00,7912.97,249.80,TRADE
VIC1,2026/07/30 20:50:00,7957.31,310.83,TRADE
VIC1,2026/07/30 20:55:00,7842.04,299.44,TRADE
VIC1,2026/07/30 21:00:00,7874.01,311.51,TRADE
VIC1,2026/07/30 21:05:00,7874.35,319.05,TRADE
VIC1,2026/07/30 21:10:00,7841.92,479,TRADE
VIC1,2026/07/30 21:15:00,7653.92,328.20,TRADE
VIC1,2026/07/30 21:20:00,7717.07,499.41,TRADE
VIC1,2026/07/30 21:25:00,7668.64,318.38,TRADE
VIC1,2026/07/30 21:30:00,7651.85,374.93,TRADE
VIC1,2026/07/30 21:35:00,7611.76,526.14,TRADE
VIC1,2026/07/30 21:40:00,7478.66,312.37,TRADE
VIC1,2026/07/30 21:45:00,7495.69,312.29,TRADE
VIC1,2026/07/30 21:50:00,7394.55,232.41,TRADE
VIC1,2026/07/30 21:55:00,7423.64,240.48,TRADE
VIC1,2026/07/30 22:00:00,7334.12,195.55,TRADE
VIC1,2026/07/30 22:05:00,7293.4,299.44,TRADE
VIC1,2026/07/30 22:10:00,7205.59,298.59,TRADE
VIC1,2026/07/30 22:15:00,7188.96,230.90,TRADE
VIC1,2026/07/30 22:20:00,7080.44,226.20,TRADE
VIC1,2026/07/30 22:25:00,7039.48,168.78,TRADE
VIC1,2026/07/30 22:30:00,7002.26,132.59,TRADE
VIC1,2026/07/30 22:35:00,6948.97,155.83,TRADE
VIC1,2026/07/30 22:40:00,6846.88,137.62,TRADE
VIC1,2026/07/30 22:45:00,6873.51,119.44,TRADE
VIC1,2026/07/30 22:50:00,6798.38,155.83,TRADE
VIC1,2026/07/30 22:55:00,6752.64,155.83,TRADE
VIC1,2026/07/30 23:00:00,6640.14,110.40,TRADE
VIC1,2026/07/30 23:05:00,6620.19,147.95,TRADE
VIC1,2026/07/30 23:10:00,6771.56,124.80,TRADE
VIC1,2026/07/30 23:15:00,6720.84,147.95,TRADE
VIC1,2026/07/30 23:20:00,6663.53,155.83,TRADE
VIC1,2026/07/30 23:25:00,6748.15,147.95,TRADE
VIC1,2026/07/30 23:30:00,6724.52,147.95,TRADE
VIC1,2026/07/30 23:35:00,6675.79,126.40,TRADE
VIC1,2026/07/30 23:40:00,6502.45,118.53,TRADE
VIC1,2026/07/30 23:45:00,6477.58,126.09,TRADE
VIC1,2026/07/30 23:50:00,6485.2,147.95,TRADE
VIC1,2026/07/30 23:55:00,6446.22,147.95,TRADE
VIC1,2026/07/31 00:00:00,6365.88,110.66,TRADE
VIC1,2026/07/31 00:05:00,6460.66,130.30,TRADE
VIC1,2026/07/31 00:10:00,6372.59,155.83,TRADE
VIC1,2026/07/31 00:15:00,6393.43,155.83,TRADE
VIC1,2026/07/31 00:20:00,6375.22,153.45,TRADE
VIC1,2026/07/31 00:25:00,6247.06,121.50,TRADE
VIC1,2026/07/31 00:30:00,6217.41,119.75,TRADE
VIC1,2026/07/31 00:35:00,6296.88,155.83,TRADE
VIC1,2026/07/31 00:40:00,6277.75,124.11,TRADE
VIC1,2026/07/31 00:45:00,6222.93,128.46,TRADE
VIC1,2026/07/31 00:50:00,6171.82,125.07,TRADE
VIC1,2026/07/31 00:55:00,6166.45,134.21,TRADE
VIC1,2026/07/31 01:00:00,6159.13,127.07,TRADE
VIC1,2026/07/31 01:05:00,6095.54,132.20,TRADE
VIC1,2026/07/31 01:10:00,5989.95,128.73,TRADE
VIC1,2026/07/31 01:15:00,5964.17,121.50,TRADE
VIC1,2026/07/31 01:20:00,6013.28,119.75,TRADE
VIC1,2026/07/31 01:25:00,5993.14,130.91,TRADE
VIC1,2026/07/31 01:30:00,5989.98,126.98,TRADE
VIC1,2026/07/31 01:35:00,5938.57,119.75,TRADE
VIC1,2026/07/31 01:40:00,5923.14,110.40,TRADE
VIC1,2026/07/31 01:45:00,5902.53,152.42,TRADE
VIC1,2026/07/31 01:50:00,5742.28,152.42,TRADE
VIC1,2026/07/31 01:55:00,5731.82,111.54,TRADE
VIC1,2026/07/31 02:00:00,5799.03,119.75,TRADE
VIC1,2026/07/31 02:05:00,5777.77,159.67,TRADE
VIC1,2026/07/31 02:10:00,5688.38,122.88,TRADE
VIC1,2026/07/31 02:15:00,5754.2,121.43,TRADE
VIC1,2026/07/31 02:20:00,5738.79,152.42,TRADE
VIC1,2026/07/31 02:25:00,5735.95,155.83,TRADE
VIC1,2026/07/31 02:30:00,5667.02,124.08,TRADE
VIC1,2026/07/31 02:35:00,5610.88,115.37,TRADE
VIC1,2026/07/31 02:40:00,5627.01,116.34,TRADE
VIC1,2026/07/31 02:45:00,5619.4,115.52,TRADE
VIC1,2026/07/31 02:50:00,5571.82,113.43,TRADE
VIC1,2026/07/31 02:55:00,5579.85,124,TRADE
VIC1,2026/07/31 03:00:00,5563.57,142.62,TRADE
VIC1,2026/07/31 03:05:00,5528.27,129.04,TRADE
VIC1,2026/07/31 03:10:00,5526.92,105.77,TRADE
VIC1,2026/07/31 03:15:00,5508.7,131.72,TRADE
VIC1,2026/07/31 03:20:00,5580.51,152.42,TRADE
VIC1,2026/07/31 03:25:00,5601.79,152.42,TRADE
VIC1,2026/07/31 03:30:00,5549.63,149.58,TRADE
VIC1,2026/07/31 03:35:00,5556.3,152.42,TRADE
VIC1,2026/07/31 03:40:00,5565.12,155.83,TRADE
VIC1,2026/07/31 03:45:00,5559.74,111.60,TRADE
VIC1,2026/07/31 03:50:00,5613.58,124,TRADE
VIC1,2026/07/31 03:55:00,5529.04,152.42,TRADE
VIC1,2026/07/31 04:00:00,5512.16,155.83,TRADE
VIC1,2026/07/31 04:05:00,5584.89,124,TRADE
VIC1,2026/07/31 04:10:00,5604.28,115.99,TRADE
VIC1,2026/07/31 04:15:00,5618.71,124,TRADE
VIC1,2026/07/31 04:20:00,5629.51,119.45,TRADE
VIC1,2026/07/31 04:25:00,5647.75,114.30,TRADE
VIC1,2026/07/31 04:30:00,5626.15,110.40,TRADE
VIC1,2026/07/31 04:35:00,5586.49,155.42,TRADE
VIC1,2026/07/31 04:40:00,5584.1,155.83,TRADE
VIC1,2026/07/31 04:45:00,5628.51,120.09,TRADE
VIC1,2026/07/31 04:50:00,5714.29,124,TRADE
VIC1,2026/07/31 04:55:00,5734.16,124,TRADE
VIC1,2026/07/31 05:00:00,5687.34,148.48,TRADE
VIC1,2026/07/31 05:05:00,5812.62,124.17,TRADE
VIC1,2026/07/31 05:10:00,5857.51,148.48,TRADE
VIC1,2026/07/31 05:15:00,5936.62,149.54,TRADE
VIC1,2026/07/31 05:20:00,5994.81,161.36,TRADE
VIC1,2026/07/31 05:25:00,5983.16,124,TRADE
VIC1,2026/07/31 05:30:00,6026.49,148.48,TRADE
VIC1,2026/07/31 05:35:00,6153.23,159.55,TRADE
VIC1,2026/07/31 05:40:00,6213.85,149.51,TRADE
VIC1,2026/07/31 05:45:00,6256.17,148.48,TRADE
VIC1,2026/07/31 05:50:00,6323.51,165.50,TRADE
VIC1,2026/07/31 05:55:00,6322.68,164.44,TRADE
VIC1,2026/07/31 06:00:00,6392.74,166.95,TRADE
VIC1,2026/07/31 06:05:00,6553.61,168.38,TRADE
VIC1,2026/07/31 06:10:00,6714.32,184,TRADE
VIC1,2026/07/31 06:15:00,6763.34,195.93,TRADE
VIC1,2026/07/31 06:20:00,6836.41,227.88,TRADE
VIC1,2026/07/31 06:25:00,6931.96,227.38,TRADE
VIC1,2026/07/31 06:30:00,7007.95,189.48,TRADE
VIC1,2026/07/31 06:35:00,7136.45,206.48,TRADE
VIC1,2026/07/31 06:40:00,7307.01,255.38,TRADE
VIC1,2026/07/31 06:45:00,7382.22,245.69,TRADE
VIC1,2026/07/31 06:50:00,7505.62,277.32,TRADE
VIC1,2026/07/31 06:55:00,7623.22,300.88,TRADE
VIC1,2026/07/31 07:00:00,7722.81,304.19,TRADE
VIC1,2026/07/31 07:05:00,7877.43,399.79,TRADE
VIC1,2026/07/31 07:10:00,7858.42,315.39,TRADE
VIC1,2026/07/31 07:15:00,7956.04,329.97,TRADE
VIC1,2026/07/31 07:20:00,8006.64,277.32,TRADE
VIC1,2026/07/31 07:25:00,8207.65,399.78,TRADE
VIC1,2026/07/31 07:30:00,8297.39,529.63,TRADE
VIC1,2026/07/31 07:35:00,8322.11,479,TRADE
VIC1,2026/07/31 07:40:00,8379.6,399.65,TRADE
VIC1,2026/07/31 07:45:00,8483.31,402.73,TRADE
VIC1,2026/07/31 07:50:00,8529.28,402.73,TRADE
VIC1,2026/07/31 07:55:00,8517.34,399.48,TRADE
VIC1,2026/07/31 08:00:00,8398,256.48,TRADE
VIC1,2026/07/31 08:05:00,8530.56,255.38,TRADE
VIC1,2026/07/31 08:10:00,8480.24,189.48,TRADE
VIC1,2026/07/31 08:15:00,8556.77,246.93,TRADE
VIC1,2026/07/31 08:20:00,8525.02,189.48,TRADE
VIC1,2026/07/31 08:25:00,8450.31,184,TRADE
VIC1,2026/07/31 08:30:00,8410.93,167.48,TRADE
VIC1,2026/07/31 08:35:00,8353.62,144.48,TRADE
VIC1,2026/07/31 08:40:00,8270.81,130.25,TRADE
VIC1,2026/07/31 08:45:00,8205.5,112.13,TRADE
VIC1,2026/07/31 08:50:00,8193.83,92.60,TRADE
VIC1,2026/07/31 08:55:00,8166.13,94.87,TRADE
VIC1,2026/07/31 09:00:00,8144.09,99.99,TRADE
VIC1,2026/07/31 09:05:00,8058.03,122.45,TRADE
VIC1,2026/07/31 09:10:00,8055.92,105.56,TRADE
VIC1,2026/07/31 09:15:00,8017.34,94.87,TRADE
VIC1,2026/07/31 09:20:00,7928.96,94.87,TRADE
VIC1,2026/07/31 09:25:00,7797.11,81.61,TRADE
VIC1,2026/07/31 09:30:00,7768.32,94.87,TRADE
VIC1,2026/07/31 09:35:00,7681.98,104.46,TRADE
VIC1,2026/07/31 09:40:00,7556.17,100.24,TRADE
VIC1,2026/07/31 09:45:00,7541.91,105.56,TRADE
VIC1,2026/07/31 09:50:00,7454.26,87.08,TRADE
VIC1,2026/07/31 09:55:00,7411.74,105.56,TRADE
VIC1,2026/07/31 10:00:00,7233.62,75.40,TRADE
VIC1,2026/07/31 10:05:00,7197.92,109.87,TRADE
VIC1,2026/07/31 10:10:00,7157.19,111.73,TRADE
VIC1,2026/07/31 10:15:00,7132.3,145,TRADE
VIC1,2026/07/31 10:20:00,6995.11,87.64,TRADE
VIC1,2026/07/31 10:25:00,7040.78,123.64,TRADE
VIC1,2026/07/31 10:30:00,6947.69,88.55,TRADE
VIC1,2026/07/31 10:35:00,6921.66,139.37,TRADE
VIC1,2026/07/31 10:40:00,6818,105.56,TRADE
VIC1,2026/07/31 10:45:00,6736,105.56,TRADE
VIC1,2026/07/31 10:50:00,6712.53,99.16,TRADE
VIC1,2026/07/31 10:55:00,6666.78,99.25,TRADE
VIC1,2026/07/31 11:00:00,6535.73,86.34,TRADE
VIC1,2026/07/31 11:05:00,6564.6,84.42,TRADE
VIC1,2026/07/31 11:10:00,6697.18,84.42,TRADE
VIC1,2026/07/31 11:15:00,6696.5,105.56,TRADE
VIC1,2026/07/31 11:20:00,6548.11,105.30,TRADE
VIC1,2026/07/31 11:25:00,6536.19,105.56,TRADE
VIC1,2026/07/31 11:30:00,6348.93,105.20,TRADE
VIC1,2026/07/31 11:35:00,6355.04,84.42,TRADE
VIC1,2026/07/31 11:40:00,6354.88,105.30,TRADE
VIC1,2026/07/31 11:45:00,6192.22,80.59,TRADE
VIC1,2026/07/31 11:50:00,6185.83,81.68,TRADE
VIC1,2026/07/31 11:55:00,6128.84,84.42,TRADE
VIC1,2026/07/31 12:00:00,6094.08,84.42,TRADE
VIC1,2026/07/31 12:05:00,6029.81,103.82,TRADE
VIC1,2026/07/31 12:10:00,5888.39,84.42,TRADE
VIC1,2026/07/31 12:15:00,5929.41,79.72,TRADE
VIC1,2026/07/31 12:20:00,5906.81,84.42,TRADE
VIC1,2026/07/31 12:25:00,5785.74,79.72,TRADE
VIC1,2026/07/31 12:30:00,5817.41,84.42,TRADE
VIC1,2026/07/31 12:35:00,5768.81,84.42,TRADE
VIC1,2026/07/31 12:40:00,5810.84,90.89,TRADE
VIC1,2026/07/31 12:45:00,5761,99,TRADE
VIC1,2026/07/31 12:50:00,5712.74,105.20,TRADE
VIC1,2026/07/31 12:55:00,5775.38,87.95,TRADE
VIC1,2026/07/31 13:00:00,5789.09,105.20,TRADE
VIC1,2026/07/31 13:05:00,5730.5,84.42,TRADE
VIC1,2026/07/31 13:10:00,5823.67,105.20,TRADE
VIC1,2026/07/31 13:15:00,5787.06,84.18,TRADE
VIC1,2026/07/31 13:20:00,5853.03,105.20,TRADE
VIC1,2026/07/31 13:25:00,5891.33,105.20,TRADE
VIC1,2026/07/31 13:30:00,5951.3,105.30,TRADE
VIC1,2026/07/31 13:35:00,5953.41,115.42,TRADE
VIC1,2026/07/31 13:40:00,5859.79,105.20,TRADE
VIC1,2026/07/31 13:45:00,5883.13,105.20,TRADE
VIC1,2026/07/31 13:50:00,5959.02,105.30,TRADE
VIC1,2026/07/31 13:55:00,6012.62,115.42,TRADE
VIC1,2026/07/31 14:00:00,6030.95,115.42,TRADE
VIC1,2026/07/31 14:05:00,5978.85,120.24,TRADE
VIC1,2026/07/31 14:10:00,5879.52,99,TRADE
VIC1,2026/07/31 14:15:00,5892.17,99,TRADE
VIC1,2026/07/31 14:20:00,5844.55,99,TRADE
VIC1,2026/07/31 14:25:00,5901.15,105.30,TRADE
VIC1,2026/07/31 14:30:00,5998,105.20,TRADE
VIC1,2026/07/31 14:35:00,6011.76,105.20,TRADE
VIC1,2026/07/31 14:40:00,6020.62,99,TRADE
VIC1,2026/07/31 14:45:00,6037.18,99,TRADE
VIC1,2026/07/31 14:50:00,6114.26,128.48,TRADE
VIC1,2026/07/31 14:55:00,6129.35,124,TRADE
VIC1,2026/07/31 15:00:00,6167.76,134.68,TRADE
VIC1,2026/07/31 15:05:00,6141.96,87.60,TRADE
VIC1,2026/07/31 15:10:00,6213.48,81.68,TRADE
VIC1,2026/07/31 15:15:00,6217.67,88.26,TRADE
VIC1,2026/07/31 15:20:00,6196.28,124,TRADE
VIC1,2026/07/31 15:25:00,6271.37,107.83,TRADE
VIC1,2026/07/31 15:30:00,6317.33,105.56,TRADE
VIC1,2026/07/31 15:35:00,6391.25,105.56,TRADE
VIC1,2026/07/31 15:40:00,6397.81,105.46,TRADE
VIC1,2026/07/31 15:45:00,6443.39,99.72,TRADE
VIC1,2026/07/31 15:50:00,6569.53,131.70,TRADE
VIC1,2026/07/31 15:55:00,6610.17,154.32,TRADE
VIC1,2026/07/31 16:00:00,6587.99,140.99,TRADE
VIC1,2026/07/31 16:05:00,6735.9,117.21,TRADE
VIC1,2026/07/31 16:10:00,6770.88,119.29,TRADE
VIC1,2026/07/31 16:15:00,6839.45,110.40,TRADE
VIC1,2026/07/31 16:20:00,6913.88,112.14,TRADE
VIC1,2026/07/31 16:25:00,6959.65,146.99,TRADE
VIC1,2026/07/31 16:30:00,7024.31,166.73,TRADE
VIC1,2026/07/31 16:35:00,7137.22,167.68,TRADE
VIC1,2026/07/31 16:40:00,7235.01,170.43,TRADE
VIC1,2026/07/31 16:45:00,7314.45,176.46,TRADE
VIC1,2026/07/31 16:50:00,7359.17,176.46,TRADE
VIC1,2026/07/31 16:55:00,7432.3,176.46,TRADE
VIC1,2026/07/31 17:00:00,7533.54,176.47,TRADE
VIC1,2026/07/31 17:05:00,7636.9,147.95,TRADE
VIC1,2026/07/31 17:10:00,7638.2,160.19,TRADE
VIC1,2026/07/31 17:15:00,7667.14,147.95,TRADE
VIC1,2026/07/31 17:20:00,7738.48,176.46,TRADE
VIC1,2026/07/31 17:25:00,7805.99,156.46,TRADE
VIC1,2026/07/31 17:30:00,7870.86,176.46,TRADE
VIC1,2026/07/31 17:35:00,7985.34,167.68,TRADE
VIC1,2026/07/31 17:40:00,8020.12,176.46,TRADE
VIC1,2026/07/31 17:45:00,8067.67,195.93,TRADE
VIC1,2026/07/31 17:50:00,8191.79,240.48,TRADE
VIC1,2026/07/31 17:55:00,8207.67,190.47,TRADE
VIC1,2026/07/31 18:00:00,8213.35,195.93,TRADE
VIC1,2026/07/31 18:05:00,8267.67,190.47,TRADE
VIC1,2026/07/31 18:10:00,8292.29,189.48,TRADE
VIC1,2026/07/31 18:15:00,8180.69,176.46,TRADE
VIC1,2026/07/31 18:20:00,8240.93,184,TRADE
VIC1,2026/07/31 18:25:00,8177.84,195.93,TRADE
VIC1,2026/07/31 18:30:00,8209.09,189.48,TRADE
VIC1,2026/07/31 18:35:00,8194.77,176.46,TRADE
VIC1,2026/07/31 18:40:00,8263.83,184,TRADE
VIC1,2026/07/31 18:45:00,8232.04,184,TRADE
VIC1,2026/07/31 18:50:00,8214.95,176.46,TRADE
VIC1,2026/07/31 18:55:00,8217.74,176.46,TRADE
VIC1,2026/07/31 19:00:00,8125.31,167.48,TRADE
VIC1,2026/07/31 19:05:00,8137.03,167.68,TRADE
VIC1,2026/07/31 19:10:00,8162.47,176.46,TRADE
VIC1,2026/07/31 19:15:00,8105.44,144.48,TRADE
VIC1,2026/07/31 19:20:00,8094.19,144.48,TRADE
VIC1,2026/07/31 19:25:00,8081.23,135.54,TRADE
VIC1,2026/07/31 19:30:00,8102.06,139,TRADE
VIC1,2026/07/31 19:35:00,8066.22,135.54,TRADE
VIC1,2026/07/31 19:40:00,8083.14,154.11,TRADE
VIC1,2026/07/31 19:45:00,7998.58,115,TRADE
VIC1,2026/07/31 19:50:00,8043.77,128.92,TRADE
VIC1,2026/07/31 19:55:00,8055.02,117.38,TRADE
VIC1,2026/07/31 20:00:00,8073.69,118.59,TRADE
VIC1,2026/07/31 20:05:00,8055.75,115,TRADE
VIC1,2026/07/31 20:10:00,7972.85,130.25,TRADE
VIC1,2026/07/31 20:15:00,7939.52,105.88,TRADE
VIC1,2026/07/31 20:20:00,8021.49,115.23,TRADE
VIC1,2026/07/31 20:25:00,8031.33,109.74,TRADE
VIC1,2026/07/31 20:30:00,7989.7,114.62,TRADE
VIC1,2026/07/31 20:35:00,7967.74,128.48,TRADE
VIC1,2026/07/31 20:40:00,7864.19,128.48,TRADE
VIC1,2026/07/31 20:45:00,7914.41,130.25,TRADE
VIC1,2026/07/31 20:50:00,7889.11,135.54,TRADE
VIC1,2026/07/31 20:55:00,7784.26,144.48,TRADE
VIC1,2026/07/31 21:00:00,7834.31,154.12,TRADE
VIC1,2026/07/31 21:05:00,7787.14,138.25,TRADE
VIC1,2026/07/31 21:10:00,7746.64,135.54,TRADE
VIC1,2026/07/31 21:15:00,7763.74,135.54,TRADE
VIC1,2026/07/31 21:20:00,7649.96,135.54,TRADE
VIC1,2026/07/31 21:25:00,7658.87,130.25,TRADE
VIC1,2026/07/31 21:30:00,7624.84,130.25,TRADE
VIC1,2026/07/31 21:35:00,7629.61,148.75,TRADE
VIC1,2026/07/31 21:40:00,7575.34,124.65,TRADE
VIC1,2026/07/31 21:45:00,7523.84,122.56,TRADE
VIC1,2026/07/31 21:50:00,7481.31,116.51,TRADE
VIC1,2026/07/31 21:55:00,7397.91,107.03,TRADE
VIC1,2026/07/31 22:00:00,7293.38,105.89,TRADE
VIC1,2026/07/31 22:05:00,7198.38,135.94,TRADE
VIC1,2026/07/31 22:10:00,7224.05,155.54,TRADE
VIC1,2026/07/31 22:15:00,7200.22,167.48,TRADE
VIC1,2026/07/31 22:20:00,7140.19,141.99,TRADE
VIC1,2026/07/31 22:25:00,7111.31,129.54,TRADE
VIC1,2026/07/31 22:30:00,7079.22,130.97,TRADE
VIC1,2026/07/31 22:35:00,7078.3,144.48,TRADE
VIC1,2026/07/31 22:40:00,6966.74,128.92,TRADE
VIC1,2026/07/31 22:45:00,6939.87,123.45,TRADE
VIC1,2026/07/31 22:50:00,6917.88,91.83,TRADE
VIC1,2026/07/31 22:55:00,6837.44,93.36,TRADE
VIC1,2026/07/31 23:00:00,6846.49,88.67,TRADE
VIC1,2026/07/31 23:05:00,6821.25,89,TRADE
VIC1,2026/07/31 23:10:00,6896.37,128.48,TRADE
VIC1,2026/07/31 23:15:00,6926.72,122.88,TRADE
VIC1,2026/07/31 23:20:00,6825.72,91.85,TRADE
VIC1,2026/07/31 23:25:00,6819.36,100.26,TRADE
VIC1,2026/07/31 23:30:00,6867.54,144.48,TRADE
VIC1,2026/07/31 23:35:00,6797.28,123.32,TRADE
VIC1,2026/07/31 23:40:00,6754.79,123.33,TRADE
VIC1,2026/07/31 23:45:00,6715.65,144.48,TRADE
VIC1,2026/07/31 23:50:00,6667.72,128.48,TRADE
VIC1,2026/07/31 23:55:00,6545.76,92.77,TRADE
VIC1,2026/08/01 00:00:00,6555.47,92.77,TRADE
