REGION,SETTLEMENTDATE,TOTALDEMAND,RRP,PERIODTYPE
VIC1,2026/06/01 00:05:00,5286.32,38,TRADE
VIC1,2026/06/01 00:10:00,5303.98,57.27,TRADE
VIC1,2026/06/01 00:15:00,5278.97,59.50,TRADE
VIC1,2026/06/01 00:20:00,5248.96,66.75,TRADE
VIC1,2026/06/01 00:25:00,5235.87,56.40,TRADE
VIC1,2026/06/01 00:30:00,5207.22,48.33,TRADE
VIC1,2026/06/01 00:35:00,5084.65,58.41,TRADE
VIC1,2026/06/01 00:40:00,5130.46,48.44,TRADE
VIC1,2026/06/01 00:45:00,5104.86,56.11,TRADE
VIC1,2026/06/01 00:50:00,5104.22,54.84,TRADE
VIC1,2026/06/01 00:55:00,5087.52,49.21,TRADE
VIC1,2026/06/01 01:00:00,5064.73,49.57,TRADE
VIC1,2026/06/01 01:05:00,5056.4,58.39,TRADE
VIC1,2026/06/01 01:10:00,5030.21,56.63,TRADE
VIC1,2026/06/01 01:15:00,4939.46,49.52,TRADE
VIC1,2026/06/01 01:20:00,4894.07,44.65,TRADE
VIC1,2026/06/01 01:25:00,4959.75,48.81,TRADE
VIC1,2026/06/01 01:30:00,4935.57,48.83,TRADE
VIC1,2026/06/01 01:35:00,4837.18,48.13,TRADE
VIC1,2026/06/01 01:40:00,4872.93,48.52,TRADE
VIC1,2026/06/01 01:45:00,4837.02,43.11,TRADE
VIC1,2026/06/01 01:50:00,4829.12,38,TRADE
VIC1,2026/06/01 01:55:00,4805.46,35.97,TRADE
VIC1,2026/06/01 02:00:00,4730.54,35.97,TRADE
VIC1,2026/06/01 02:05:00,4703.93,38,TRADE
VIC1,2026/06/01 02:10:00,4698.12,35.97,TRADE
VIC1,2026/06/01 02:15:00,4689.15,38,TRADE
VIC1,2026/06/01 02:20:00,4689.93,33.98,TRADE
VIC1,2026/06/01 02:25:00,4720.19,38,TRADE
VIC1,2026/06/01 02:30:00,4707.75,35.97,TRADE
VIC1,2026/06/01 02:35:00,4689.39,38,TRADE
VIC1,2026/06/01 02:40:00,4592.9,37.99,TRADE
VIC1,2026/06/01 02:45:00,4648.37,35.97,TRADE
VIC1,2026/06/01 02:50:00,4646.33,38,TRADE
VIC1,2026/06/01 02:55:00,4622.81,35.97,TRADE
VIC1,2026/06/01 03:00:00,4518.25,32.98,TRADE
VIC1,2026/06/01 03:05:00,4580.83,33.03,TRADE
VIC1,2026/06/01 03:10:00,4602.99,35.97,TRADE
VIC1,2026/06/01 03:15:00,4526.15,35.97,TRADE
VIC1,2026/06/01 03:20:00,4589.33,33.53,TRADE
VIC1,2026/06/01 03:25:00,4601.14,33.52,TRADE
VIC1,2026/06/01 03:30:00,4609.21,35.33,TRADE
VIC1,2026/06/01 03:35:00,4588.12,38,TRADE
VIC1,2026/06/01 03:40:00,4513.42,38,TRADE
VIC1,2026/06/01 03:45:00,4501.36,32.34,TRADE
VIC1,2026/06/01 03:50:00,4577.3,33.14,TRADE
VIC1,2026/06/01 03:55:00,4571.05,33.09,TRADE
VIC1,2026/06/01 04:00:00,4563.17,33.09,TRADE
VIC1,2026/06/01 04:05:00,4577.32,44.65,TRADE
VIC1,2026/06/01 04:10:00,4569.59,47.75,TRADE
VIC1,2026/06/01 04:15:00,4590.3,35.97,TRADE
VIC1,2026/06/01 04:20:00,4566.42,38.94,TRADE
VIC1,2026/06/01 04:25:00,4590.61,50.73,TRADE
VIC1,2026/06/01 04:30:00,4641.55,48,TRADE
VIC1,2026/06/01 04:35:00,4675.33,35.97,TRADE
VIC1,2026/06/01 04:40:00,4624.98,35.94,TRADE
VIC1,2026/06/01 04:45:00,4690.12,35.94,TRADE
VIC1,2026/06/01 04:50:00,4721.53,47.38,TRADE
VIC1,2026/06/01 04:55:00,4740.57,47.60,TRADE
VIC1,2026/06/01 05:00:00,4781.31,47.88,TRADE
VIC1,2026/06/01 05:05:00,4753.66,37.44,TRADE
VIC1,2026/06/01 05:10:00,4774.8,46.50,TRADE
VIC1,2026/06/01 05:15:00,4861.38,47.49,TRADE
VIC1,2026/06/01 05:20:00,4918.85,48.21,TRADE
VIC1,2026/06/01 05:25:00,4950.45,47.81,TRADE
VIC1,2026/06/01 05:30:00,4994.65,47.76,TRADE
VIC1,2026/06/01 05:35:00,5020.6,47.46,TRADE
VIC1,2026/06/01 05:40:00,5092.66,53.34,TRADE
VIC1,2026/06/01 05:45:00,5100.06,50.92,TRADE
VIC1,2026/06/01 05:50:00,5126.32,46.09,TRADE
VIC1,2026/06/01 05:55:00,5154.37,46.42,TRADE
VIC1,2026/06/01 06:00:00,5273.11,66.33,TRADE
VIC1,2026/06/01 06:05:00,5362.88,60.73,TRADE
VIC1,2026/06/01 06:10:00,5470.16,67.12,TRADE
VIC1,2026/06/01 06:15:00,5591.19,68.44,TRADE
VIC1,2026/06/01 06:20:00,5676.87,69.51,TRADE
VIC1,2026/06/01 06:25:00,5735.17,69.95,TRADE
VIC1,2026/06/01 06:30:00,5754.42,71.85,TRADE
VIC1,2026/06/01 06:35:00,5874.64,79.41,TRADE
VIC1,2026/06/01 06:40:00,6051.02,69.07,TRADE
VIC1,2026/06/01 06:45:00,6141.97,80.50,TRADE
VIC1,2026/06/01 06:50:00,6171.63,80.50,TRADE
VIC1,2026/06/01 06:55:00,6319.67,80.50,TRADE
VIC1,2026/06/01 07:00:00,6437.58,70.85,TRADE
VIC1,2026/06/01 07:05:00,6498.31,70.80,TRADE
VIC1,2026/06/01 07:10:00,6611.2,75.07,TRADE
VIC1,2026/06/01 07:15:00,6630.98,75.07,TRADE
VIC1,2026/06/01 07:20:00,6762.59,85.53,TRADE
VIC1,2026/06/01 07:25:00,6775,80.50,TRADE
VIC1,2026/06/01 07:30:00,6868.89,75.07,TRADE
VIC1,2026/06/01 07:35:00,6947.96,72.12,TRADE
VIC1,2026/06/01 07:40:00,6979.74,71.70,TRADE
VIC1,2026/06/01 07:45:00,7055.76,66.30,TRADE
VIC1,2026/06/01 07:50:00,7061.93,50.47,TRADE
VIC1,2026/06/01 07:55:00,7105.61,52.55,TRADE
VIC1,2026/06/01 08:00:00,7142.74,52.87,TRADE
VIC1,2026/06/01 08:05:00,7190.09,55.39,TRADE
VIC1,2026/06/01 08:10:00,7217.29,55.02,TRADE
VIC1,2026/06/01 08:15:00,7189.45,55.03,TRADE
VIC1,2026/06/01 08:20:00,7171.36,50.47,TRADE
VIC1,2026/06/01 08:25:00,7179.46,50.47,TRADE
VIC1,2026/06/01 08:30:00,7021.37,38,TRADE
VIC1,2026/06/01 08:35:00,6968.98,43.19,TRADE
VIC1,2026/06/01 08:40:00,6982.16,50,TRADE
VIC1,2026/06/01 08:45:00,6956.29,38,TRADE
VIC1,2026/06/01 08:50:00,6877.46,37.57,TRADE
VIC1,2026/06/01 08:55:00,6817.26,24.22,TRADE
VIC1,2026/06/01 09:00:00,6817.46,24.40,TRADE
VIC1,2026/06/01 09:05:00,6796.97,38,TRADE
VIC1,2026/06/01 09:10:00,6746.91,37.71,TRADE
VIC1,2026/06/01 09:15:00,6602.95,23.02,TRADE
VIC1,2026/06/01 09:20:00,6619.59,24.13,TRADE
VIC1,2026/06/01 09:25:00,6529.51,37.89,TRADE
VIC1,2026/06/01 09:30:00,6385.4,37.44,TRADE
VIC1,2026/06/01 09:35:00,6433.44,25.10,TRADE
VIC1,2026/06/01 09:40:00,6396.03,21.12,TRADE
VIC1,2026/06/01 09:45:00,6302.51,38,TRADE
VIC1,2026/06/01 09:50:00,6236.23,37.55,TRADE
VIC1,2026/06/01 09:55:00,6125.54,14.08,TRADE
VIC1,2026/06/01 10:00:00,6122.03,17.16,TRADE
VIC1,2026/06/01 10:05:00,6176.34,35.47,TRADE
VIC1,2026/06/01 10:10:00,6271.66,25.88,TRADE
VIC1,2026/06/01 10:15:00,6265.36,35.50,TRADE
VIC1,2026/06/01 10:20:00,6184.18,7.08,TRADE
VIC1,2026/06/01 10:25:00,6175.67,12.36,TRADE
VIC1,2026/06/01 10:30:00,6132.03,12.29,TRADE
VIC1,2026/06/01 10:35:00,6111.75,22.29,TRADE
VIC1,2026/06/01 10:40:00,6048.54,25,TRADE
VIC1,2026/06/01 10:45:00,6027.47,12.33,TRADE
VIC1,2026/06/01 10:50:00,6015.42,6.94,TRADE
VIC1,2026/06/01 10:55:00,5958.36,19.08,TRADE
VIC1,2026/06/01 11:00:00,5960.48,12.52,TRADE
VIC1,2026/06/01 11:05:00,5908.5,10.65,TRADE
VIC1,2026/06/01 11:10:00,6074.98,35.28,TRADE
VIC1,2026/06/01 11:15:00,6112.14,35.97,TRADE
VIC1,2026/06/01 11:20:00,6036.55,31.54,TRADE
VIC1,2026/06/01 11:25:00,6037.34,19.18,TRADE
VIC1,2026/06/01 11:30:00,5946.56,23.52,TRADE
VIC1,2026/06/01 11:35:00,5991.06,30.64,TRADE
VIC1,2026/06/01 11:40:00,6070.79,26.35,TRADE
VIC1,2026/06/01 11:45:00,6097.3,21.44,TRADE
VIC1,2026/06/01 11:50:00,6087.85,19.18,TRADE
VIC1,2026/06/01 11:55:00,6158.85,20.04,TRADE
VIC1,2026/06/01 12:00:00,6160.46,19.18,TRADE
VIC1,2026/06/01 12:05:00,6154.38,20.09,TRADE
VIC1,2026/06/01 12:10:00,6174.39,19.18,TRADE
VIC1,2026/06/01 12:15:00,6169.57,19.18,TRADE
VIC1,2026/06/01 12:20:00,6296.62,19.18,TRADE
VIC1,2026/06/01 12:25:00,6338.93,12.69,TRADE
VIC1,2026/06/01 12:30:00,6338.13,9.80,TRADE
VIC1,2026/06/01 12:35:00,6428.37,21.49,TRADE
VIC1,2026/06/01 12:40:00,6521.84,24.70,TRADE
VIC1,2026/06/01 12:45:00,6555.04,25.34,TRADE
VIC1,2026/06/01 12:50:00,6593.8,19.18,TRADE
VIC1,2026/06/01 12:55:00,6594.28,10.37,TRADE
VIC1,2026/06/01 13:00:00,6564.1,12.21,TRADE
VIC1,2026/06/01 13:05:00,6675.9,29.44,TRADE
VIC1,2026/06/01 13:10:00,6687.27,20.78,TRADE
VIC1,2026/06/01 13:15:00,6644.21,0.90,TRADE
VIC1,2026/06/01 13:20:00,6767.03,12.56,TRADE
VIC1,2026/06/01 13:25:00,6835.4,23.84,TRADE
VIC1,2026/06/01 13:30:00,6860.27,30.69,TRADE
VIC1,2026/06/01 13:35:00,6874.31,31.50,TRADE
VIC1,2026/06/01 13:40:00,6891.09,19.18,TRADE
VIC1,2026/06/01 13:45:00,7012.77,26.29,TRADE
VIC1,2026/06/01 13:50:00,7023.91,31.69,TRADE
VIC1,2026/06/01 13:55:00,7010.69,31.49,TRADE
VIC1,2026/06/01 14:00:00,7106.13,32.67,TRADE
VIC1,2026/06/01 14:05:00,7126.2,20.74,TRADE
VIC1,2026/06/01 14:10:00,7048.13,2.44,TRADE
VIC1,2026/06/01 14:15:00,7085.63,8.94,TRADE
VIC1,2026/06/01 14:20:00,7056.75,2.07,TRADE
VIC1,2026/06/01 14:25:00,7159.24,15.21,TRADE
VIC1,2026/06/01 14:30:00,7139.44,25.76,TRADE
VIC1,2026/06/01 14:35:00,7137.43,10.65,TRADE
VIC1,2026/06/01 14:40:00,7110.81,-0.05,TRADE
VIC1,2026/06/01 14:45:00,7190.68,1.82,TRADE
VIC1,2026/06/01 14:50:00,7176.85,5.08,TRADE
VIC1,2026/06/01 14:55:00,7236.83,8.94,TRADE
VIC1,2026/06/01 15:00:00,7244.17,5.08,TRADE
VIC1,2026/06/01 15:05:00,7219.07,5.08,TRADE
VIC1,2026/06/01 15:10:00,7239.16,8.94,TRADE
VIC1,2026/06/01 15:15:00,7213.21,5.08,TRADE
VIC1,2026/06/01 15:20:00,7240.5,19.18,TRADE
VIC1,2026/06/01 15:25:00,7280.56,19.18,TRADE
VIC1,2026/06/01 15:30:00,7272.52,8.94,TRADE
VIC1,2026/06/01 15:35:00,7353.33,15.30,TRADE
VIC1,2026/06/01 15:40:00,7367.63,6.58,TRADE
VIC1,2026/06/01 15:45:00,7367,-15.67,TRADE
VIC1,2026/06/01 15:50:00,7481.08,8.94,TRADE
VIC1,2026/06/01 15:55:00,7492.7,-2.99,TRADE
VIC1,2026/06/01 16:00:00,7524.15,2.91,TRADE
VIC1,2026/06/01 16:05:00,7658.48,-2.99,TRADE
VIC1,2026/06/01 16:10:00,7587.43,22.38,TRADE
VIC1,2026/06/01 16:15:00,7652.52,-0.41,TRADE
VIC1,2026/06/01 16:20:00,7769.66,62.26,TRADE
VIC1,2026/06/01 16:25:00,7651.69,20.67,TRADE
VIC1,2026/06/01 16:30:00,7781.58,86.01,TRADE
VIC1,2026/06/01 16:35:00,7714.34,55.68,TRADE
VIC1,2026/06/01 16:40:00,7824.38,87.83,TRADE
VIC1,2026/06/01 16:45:00,7790.13,92.44,TRADE
VIC1,2026/06/01 16:50:00,7822.47,92.48,TRADE
VIC1,2026/06/01 16:55:00,7886.48,94.37,TRADE
VIC1,2026/06/01 17:00:00,7965.25,97.21,TRADE
VIC1,2026/06/01 17:05:00,8006.99,105.84,TRADE
VIC1,2026/06/01 17:10:00,8077.54,114.71,TRADE
VIC1,2026/06/01 17:15:00,8092.01,113.19,TRADE
VIC1,2026/06/01 17:20:00,8209.88,113.26,TRADE
VIC1,2026/06/01 17:25:00,8263.49,146.17,TRADE
VIC1,2026/06/01 17:30:00,8287.78,155.11,TRADE
VIC1,2026/06/01 17:35:00,8311.35,143.58,TRADE
VIC1,2026/06/01 17:40:00,8274.61,123.35,TRADE
VIC1,2026/06/01 17:45:00,8259.52,113.26,TRADE
VIC1,2026/06/01 17:50:00,8229.74,128.24,TRADE
VIC1,2026/06/01 17:55:00,8264.38,125.52,TRADE
VIC1,2026/06/01 18:00:00,8280.88,124.98,TRADE
VIC1,2026/06/01 18:05:00,8272.76,190.47,TRADE
VIC1,2026/06/01 18:10:00,8135.99,174.91,TRADE
VIC1,2026/06/01 18:15:00,8205.79,224.52,TRADE
VIC1,2026/06/01 18:20:00,8171.06,209.32,TRADE
VIC1,2026/06/01 18:25:00,7976.21,196.41,TRADE
VIC1,2026/06/01 18:30:00,8088.31,196.41,TRADE
VIC1,2026/06/01 18:35:00,8075.07,62.08,TRADE
VIC1,2026/06/01 18:40:00,7951.06,79.40,TRADE
VIC1,2026/06/01 18:45:00,8017.8,97.41,TRADE
VIC1,2026/06/01 18:50:00,7939.01,59.91,TRADE
VIC1,2026/06/01 18:55:00,7989.36,65.85,TRADE
VIC1,2026/06/01 19:00:00,7979.56,64.28,TRADE
VIC1,2026/06/01 19:05:00,7906.08,61.21,TRADE
VIC1,2026/06/01 19:10:00,7913.33,63.13,TRADE
VIC1,2026/06/01 19:15:00,7859.15,59.91,TRADE
VIC1,2026/06/01 19:20:00,7829.46,58.80,TRADE
VIC1,2026/06/01 19:25:00,7792.46,59.52,TRADE
VIC1,2026/06/01 19:30:00,7724.39,36.32,TRADE
VIC1,2026/06/01 19:35:00,7723.88,56.97,TRADE
VIC1,2026/06/01 19:40:00,7684.3,45.49,TRADE
VIC1,2026/06/01 19:45:00,7596.82,23.92,TRADE
VIC1,2026/06/01 19:50:00,7680.77,30.20,TRADE
VIC1,2026/06/01 19:55:00,7643.83,32.79,TRADE
VIC1,2026/06/01 20:00:00,7620.99,14.22,TRADE
VIC1,2026/06/01 20:05:00,7567.41,56.70,TRADE
VIC1,2026/06/01 20:10:00,7466.55,32.84,TRADE
VIC1,2026/06/01 20:15:00,7409.73,32.53,TRADE
VIC1,2026/06/01 20:20:00,7338.92,8.94,TRADE
VIC1,2026/06/01 20:25:00,7352.06,10.65,TRADE
VIC1,2026/06/01 20:30:00,7287.1,10.65,TRADE
VIC1,2026/06/01 20:35:00,7228.55,8.94,TRADE
VIC1,2026/06/01 20:40:00,7190.2,8.94,TRADE
VIC1,2026/06/01 20:45:00,7107.35,5.73,TRADE
VIC1,2026/06/01 20:50:00,7057.67,8.94,TRADE
VIC1,2026/06/01 20:55:00,7030.07,8.94,TRADE
VIC1,2026/06/01 21:00:00,6888.91,-0.05,TRADE
VIC1,2026/06/01 21:05:00,6810.86,0.01,TRADE
VIC1,2026/06/01 21:10:00,6762.84,0.01,TRADE
VIC1,2026/06/01 21:15:00,6702.37,-0.05,TRADE
VIC1,2026/06/01 21:20:00,6719.31,-0.05,TRADE
VIC1,2026/06/01 21:25:00,6580.15,-2.99,TRADE
VIC1,2026/06/01 21:30:00,6631.51,-0.10,TRADE
VIC1,2026/06/01 21:35:00,6571.6,-0.10,TRADE
VIC1,2026/06/01 21:40:00,6513.74,-0.10,TRADE
VIC1,2026/06/01 21:45:00,6435.44,-0.10,TRADE
VIC1,2026/06/01 21:50:00,6426.18,-0.10,TRADE
VIC1,2026/06/01 21:55:00,6296.19,-0.10,TRADE
VIC1,2026/06/01 22:00:00,6243.62,-0.10,TRADE
VIC1,2026/06/01 22:05:00,6161.64,-0.10,TRADE
VIC1,2026/06/01 22:10:00,6170.78,-0.10,TRADE
VIC1,2026/06/01 22:15:00,6070.98,-0.10,TRADE
VIC1,2026/06/01 22:20:00,6047.77,-0.10,TRADE
VIC1,2026/06/01 22:25:00,5980.67,-0.10,TRADE
VIC1,2026/06/01 22:30:00,5966.83,-0.10,TRADE
VIC1,2026/06/01 22:35:00,5791.94,-0.10,TRADE
VIC1,2026/06/01 22:40:00,5749.87,-0.10,TRADE
VIC1,2026/06/01 22:45:00,5740.32,-0.10,TRADE
VIC1,2026/06/01 22:50:00,5715.94,-0.10,TRADE
VIC1,2026/06/01 22:55:00,5565.54,-0.10,TRADE
VIC1,2026/06/01 23:00:00,5621.9,-0.05,TRADE
VIC1,2026/06/01 23:05:00,5575.86,-0.10,TRADE
VIC1,2026/06/01 23:10:00,5656.03,-0.05,TRADE
VIC1,2026/06/01 23:15:00,5648.42,-0.05,TRADE
VIC1,2026/06/01 23:20:00,5529.97,-0.10,TRADE
VIC1,2026/06/01 23:25:00,5590.24,-0.10,TRADE
VIC1,2026/06/01 23:30:00,5504.76,-0.10,TRADE
VIC1,2026/06/01 23:35:00,5591.36,-0.10,TRADE
VIC1,2026/06/01 23:40:00,5536.46,-0.10,TRADE
VIC1,2026/06/01 23:45:00,5479.32,-0.10,TRADE
VIC1,2026/06/01 23:50:00,5408.09,-0.10,TRADE
VIC1,2026/06/01 23:55:00,5381.39,-0.10,TRADE
VIC1,2026/06/02 00:00:00,5274.35,-1.21,TRADE
VIC1,2026/06/02 00:05:00,5344.67,-0.10,TRADE
VIC1,2026/06/02 00:10:00,5268.98,-0.10,TRADE
VIC1,2026/06/02 00:15:00,5307.13,-0.10,TRADE
VIC1,2026/06/02 00:20:00,5236.66,-0.10,TRADE
VIC1,2026/06/02 00:25:00,5301.47,-0.10,TRADE
VIC1,2026/06/02 00:30:00,5247.31,-0.10,TRADE
VIC1,2026/06/02 00:35:00,5202.56,-0.10,TRADE
VIC1,2026/06/02 00:40:00,5223.7,-0.10,TRADE
VIC1,2026/06/02 00:45:00,5156.45,-0.10,TRADE
VIC1,2026/06/02 00:50:00,5098.16,-0.10,TRADE
VIC1,2026/06/02 00:55:00,4997.9,-0.10,TRADE
VIC1,2026/06/02 01:00:00,5024.54,-0.10,TRADE
VIC1,2026/06/02 01:05:00,5022.28,-0.10,TRADE
VIC1,2026/06/02 01:10:00,4940.99,-0.10,TRADE
VIC1,2026/06/02 01:15:00,4983.36,-0.10,TRADE
VIC1,2026/06/02 01:20:00,4926.95,-0.10,TRADE
VIC1,2026/06/02 01:25:00,4875.75,-1.12,TRADE
VIC1,2026/06/02 01:30:00,4777.07,-2,TRADE
VIC1,2026/06/02 01:35:00,4786.24,-2,TRADE
VIC1,2026/06/02 01:40:00,4757.39,-2.20,TRADE
VIC1,2026/06/02 01:45:00,4789.83,-0.10,TRADE
VIC1,2026/06/02 01:50:00,4702.47,-1.20,TRADE
VIC1,2026/06/02 01:55:00,4741.75,-2.21,TRADE
VIC1,2026/06/02 02:00:00,4721.01,-2.21,TRADE
VIC1,2026/06/02 02:05:00,4665.72,-2,TRADE
VIC1,2026/06/02 02:10:00,4664.41,-1.17,TRADE
VIC1,2026/06/02 02:15:00,4653.85,-1.18,TRADE
VIC1,2026/06/02 02:20:00,4639.79,-1.19,TRADE
VIC1,2026/06/02 02:25:00,4521.58,-2.09,TRADE
VIC1,2026/06/02 02:30:00,4532.19,-2.26,TRADE
VIC1,2026/06/02 02:35:00,4582.3,-2,TRADE
VIC1,2026/06/02 02:40:00,4576.01,-2,TRADE
VIC1,2026/06/02 02:45:00,4527.28,-2.08,TRADE
VIC1,2026/06/02 02:50:00,4512.92,-2.07,TRADE
VIC1,2026/06/02 02:55:00,4497.57,-2.07,TRADE
VIC1,2026/06/02 03:00:00,4492.3,-2.09,TRADE
VIC1,2026/06/02 03:05:00,4419.33,-2.26,TRADE
VIC1,2026/06/02 03:10:00,4449.42,-2.11,TRADE
VIC1,2026/06/02 03:15:00,4481.71,-2.05,TRADE
VIC1,2026/06/02 03:20:00,4483.49,-2.99,TRADE
VIC1,2026/06/02 03:25:00,4380.46,-2.29,TRADE
VIC1,2026/06/02 03:30:00,4480.97,-2.29,TRADE
VIC1,2026/06/02 03:35:00,4436.68,-2.26,TRADE
VIC1,2026/06/02 03:40:00,4470.32,-2.14,TRADE
VIC1,2026/06/02 03:45:00,4458.98,-2.12,TRADE
VIC1,2026/06/02 03:50:00,4371.76,-2.29,TRADE
VIC1,2026/06/02 03:55:00,4438.15,-2.29,TRADE
VIC1,2026/06/02 04:00:00,4453.68,-2.06,TRADE
VIC1,2026/06/02 04:05:00,4480.83,-2.15,TRADE
VIC1,2026/06/02 04:10:00,4429.86,-2.08,TRADE
VIC1,2026/06/02 04:15:00,4470.41,-2.26,TRADE
VIC1,2026/06/02 04:20:00,4456.58,-2.26,TRADE
VIC1,2026/06/02 04:25:00,4529.08,-2.16,TRADE
VIC1,2026/06/02 04:30:00,4549.95,-2,TRADE
VIC1,2026/06/02 04:35:00,4570.44,-2,TRADE
VIC1,2026/06/02 04:40:00,4603.48,-2,TRADE
VIC1,2026/06/02 04:45:00,4568.4,-2,TRADE
VIC1,2026/06/02 04:50:00,4574.12,-2.16,TRADE
VIC1,2026/06/02 04:55:00,4651.34,-2,TRADE
VIC1,2026/06/02 05:00:00,4684.43,-2,TRADE
VIC1,2026/06/02 05:05:00,4770.78,-2.16,TRADE
VIC1,2026/06/02 05:10:00,4774.99,-2,TRADE
VIC1,2026/06/02 05:15:00,4826.69,-2,TRADE
VIC1,2026/06/02 05:20:00,4826.13,-2.18,TRADE
VIC1,2026/06/02 05:25:00,4853.88,-2,TRADE
VIC1,2026/06/02 05:30:00,4874.07,-1.33,TRADE
VIC1,2026/06/02 05:35:00,4889.1,-2,TRADE
VIC1,2026/06/02 05:40:00,4957.03,-2,TRADE
VIC1,2026/06/02 05:45:00,4991.07,-1.36,TRADE
VIC1,2026/06/02 05:50:00,5114.99,-0.10,TRADE
VIC1,2026/06/02 05:55:00,5210,-0.10,TRADE
VIC1,2026/06/02 06:00:00,5267.35,-0.10,TRADE
VIC1,2026/06/02 06:05:00,5285.22,-0.10,TRADE
VIC1,2026/06/02 06:10:00,5466.14,-0.10,TRADE
VIC1,2026/06/02 06:15:00,5598.74,-0.10,TRADE
VIC1,2026/06/02 06:20:00,5651.86,-0.10,TRADE
VIC1,2026/06/02 06:25:00,5745.78,-0.05,TRADE
VIC1,2026/06/02 06:30:00,5728.5,-0.05,TRADE
VIC1,2026/06/02 06:35:00,5819.5,-0.05,TRADE
VIC1,2026/06/02 06:40:00,5881.98,0.06,TRADE
VIC1,2026/06/02 06:45:00,6083.33,0.82,TRADE
VIC1,2026/06/02 06:50:00,6184.42,12.51,TRADE
VIC1,2026/06/02 06:55:00,6268.21,10.50,TRADE
VIC1,2026/06/02 07:00:00,6325.13,10.50,TRADE
VIC1,2026/06/02 07:05:00,6464.51,16.71,TRADE
VIC1,2026/06/02 07:10:00,6605.21,10.65,TRADE
VIC1,2026/06/02 07:15:00,6700.53,20.67,TRADE
VIC1,2026/06/02 07:20:00,6788.75,34.17,TRADE
VIC1,2026/06/02 07:25:00,6732.21,20.67,TRADE
VIC1,2026/06/02 07:30:00,6866.56,20.67,TRADE
VIC1,2026/06/02 07:35:00,6924.67,20.65,TRADE
VIC1,2026/06/02 07:40:00,6914.41,20.21,TRADE
VIC1,2026/06/02 07:45:00,7024.64,45.48,TRADE
VIC1,2026/06/02 07:50:00,7051.66,32.67,TRADE
VIC1,2026/06/02 07:55:00,7118.58,20.67,TRADE
VIC1,2026/06/02 08:00:00,7091.77,10.65,TRADE
VIC1,2026/06/02 08:05:00,7020.8,10.50,TRADE
VIC1,2026/06/02 08:10:00,7067.33,10.50,TRADE
VIC1,2026/06/02 08:15:00,7132.57,10.65,TRADE
VIC1,2026/06/02 08:20:00,7123.78,10.50,TRADE
VIC1,2026/06/02 08:25:00,7070.5,10.50,TRADE
VIC1,2026/06/02 08:30:00,7116.5,15.01,TRADE
VIC1,2026/06/02 08:35:00,7054.88,10.50,TRADE
VIC1,2026/06/02 08:40:00,7034.69,10.50,TRADE
VIC1,2026/06/02 08:45:00,6881.41,8.94,TRADE
VIC1,2026/06/02 08:50:00,6915.84,10.50,TRADE
VIC1,2026/06/02 08:55:00,6797.81,10.50,TRADE
VIC1,2026/06/02 09:00:00,6749.05,15.20,TRADE
VIC1,2026/06/02 09:05:00,6818.84,36.81,TRADE
VIC1,2026/06/02 09:10:00,6819.94,36.64,TRADE
VIC1,2026/06/02 09:15:00,6721.05,3.05,TRADE
VIC1,2026/06/02 09:20:00,6743.2,9.10,TRADE
VIC1,2026/06/02 09:25:00,6671.85,10.50,TRADE
VIC1,2026/06/02 09:30:00,6644.69,5.54,TRADE
VIC1,2026/06/02 09:35:00,6528.66,0,TRADE
VIC1,2026/06/02 09:40:00,6464.51,5.66,TRADE
VIC1,2026/06/02 09:45:00,6442.85,5.08,TRADE
VIC1,2026/06/02 09:50:00,6403.75,10.50,TRADE
VIC1,2026/06/02 09:55:00,6412.79,6.84,TRADE
VIC1,2026/06/02 10:00:00,6429.06,35.79,TRADE
VIC1,2026/06/02 10:05:00,6405.17,8.94,TRADE
VIC1,2026/06/02 10:10:00,6477.42,10.50,TRADE
VIC1,2026/06/02 10:15:00,6496.81,8.57,TRADE
VIC1,2026/06/02 10:20:00,6390.28,10.82,TRADE
VIC1,2026/06/02 10:25:00,6411.89,0.19,TRADE
VIC1,2026/06/02 10:30:00,6362.41,5.50,TRADE
VIC1,2026/06/02 10:35:00,6296.96,8.94,TRADE
VIC1,2026/06/02 10:40:00,6357.58,0.20,TRADE
VIC1,2026/06/02 10:45:00,6263.33,14.38,TRADE
VIC1,2026/06/02 10:50:00,6284.45,0.19,TRADE
VIC1,2026/06/02 10:55:00,6282.62,10.50,TRADE
VIC1,2026/06/02 11:00:00,6297.62,6.67,TRADE
VIC1,2026/06/02 11:05:00,6259.04,26.27,TRADE
VIC1,2026/06/02 11:10:00,6371.6,42.40,TRADE
VIC1,2026/06/02 11:15:00,6514.7,42.18,TRADE
VIC1,2026/06/02 11:20:00,6487.2,42.19,TRADE
VIC1,2026/06/02 11:25:00,6503.38,10.50,TRADE
VIC1,2026/06/02 11:30:00,6654.21,10.65,TRADE
VIC1,2026/06/02 11:35:00,6630.96,10.15,TRADE
VIC1,2026/06/02 11:40:00,6682.66,0.02,TRADE
VIC1,2026/06/02 11:45:00,6657.34,10.50,TRADE
VIC1,2026/06/02 11:50:00,6570.18,8.94,TRADE
VIC1,2026/06/02 11:55:00,6565.3,8.94,TRADE
VIC1,2026/06/02 12:00:00,6575.38,10.65,TRADE
VIC1,2026/06/02 12:05:00,6608.56,16.83,TRADE
VIC1,2026/06/02 12:10:00,6635,10.65,TRADE
VIC1,2026/06/02 12:15:00,6558.36,8.47,TRADE
VIC1,2026/06/02 12:20:00,6590.23,10.65,TRADE
VIC1,2026/06/02 12:25:00,6532.02,18.21,TRADE
VIC1,2026/06/02 12:30:00,6528.95,35.97,TRADE
VIC1,2026/06/02 12:35:00,6299.55,0.02,TRADE
VIC1,2026/06/02 12:40:00,6269.18,20.04,TRADE
VIC1,2026/06/02 12:45:00,6159.81,35.65,TRADE
VIC1,2026/06/02 12:50:00,6141.1,31.94,TRADE
VIC1,2026/06/02 12:55:00,6047.37,20.04,TRADE
VIC1,2026/06/02 13:00:00,5989.99,20.04,TRADE
VIC1,2026/06/02 13:05:00,6043.42,40.23,TRADE
VIC1,2026/06/02 13:10:00,6094.89,35.94,TRADE
VIC1,2026/06/02 13:15:00,6024.47,51.16,TRADE
VIC1,2026/06/02 13:20:00,5996.57,35.05,TRADE
VIC1,2026/06/02 13:25:00,5886.53,20.35,TRADE
VIC1,2026/06/02 13:30:00,5859.53,20.16,TRADE
VIC1,2026/06/02 13:35:00,5779.12,17.24,TRADE
VIC1,2026/06/02 13:40:00,5707.91,10.65,TRADE
VIC1,2026/06/02 13:45:00,5808.5,12.21,TRADE
VIC1,2026/06/02 13:50:00,5823.22,20.88,TRADE
VIC1,2026/06/02 13:55:00,5931.7,44.67,TRADE
VIC1,2026/06/02 14:00:00,5817.81,20.04,TRADE
VIC1,2026/06/02 14:05:00,5806.53,40.74,TRADE
VIC1,2026/06/02 14:10:00,5731.47,35.88,TRADE
VIC1,2026/06/02 14:15:00,5697.67,17.31,TRADE
VIC1,2026/06/02 14:20:00,5626.5,17.31,TRADE
VIC1,2026/06/02 14:25:00,5587.85,19.18,TRADE
VIC1,2026/06/02 14:30:00,5664.32,17.22,TRADE
VIC1,2026/06/02 14:35:00,5629.55,16.98,TRADE
VIC1,2026/06/02 14:40:00,5562.46,16.80,TRADE
VIC1,2026/06/02 14:45:00,5656.8,10.89,TRADE
VIC1,2026/06/02 14:50:00,5649.67,10.65,TRADE
VIC1,2026/06/02 14:55:00,5735.56,39.15,TRADE
VIC1,2026/06/02 15:00:00,5731.08,31.60,TRADE
VIC1,2026/06/02 15:05:00,5735.11,23.75,TRADE
VIC1,2026/06/02 15:10:00,5715.05,-0.05,TRADE
VIC1,2026/06/02 15:15:00,5676.23,10.65,TRADE
VIC1,2026/06/02 15:20:00,5685.66,10.65,TRADE
VIC1,2026/06/02 15:25:00,5809.31,19.18,TRADE
VIC1,2026/06/02 15:30:00,5746.7,10.65,TRADE
VIC1,2026/06/02 15:35:00,5810.19,10.65,TRADE
VIC1,2026/06/02 15:40:00,5793.56,15.96,TRADE
VIC1,2026/06/02 15:45:00,5845.69,38.31,TRADE
VIC1,2026/06/02 15:50:00,5862.82,55.37,TRADE
VIC1,2026/06/02 15:55:00,5850.98,59.22,TRADE
VIC1,2026/06/02 16:00:00,6007.01,55.68,TRADE
VIC1,2026/06/02 16:05:00,6078.13,43.59,TRADE
VIC1,2026/06/02 16:10:00,6086.86,48,TRADE
VIC1,2026/06/02 16:15:00,6238.87,53.53,TRADE
VIC1,2026/06/02 16:20:00,6358.92,53.99,TRADE
VIC1,2026/06/02 16:25:00,6406.8,60,TRADE
VIC1,2026/06/02 16:30:00,6370.91,72.44,TRADE
VIC1,2026/06/02 16:35:00,6450.7,53.87,TRADE
VIC1,2026/06/02 16:40:00,6554.05,49.66,TRADE
VIC1,2026/06/02 16:45:00,6634.08,68,TRADE
VIC1,2026/06/02 16:50:00,6602.23,48.96,TRADE
VIC1,2026/06/02 16:55:00,6699.21,62.58,TRADE
VIC1,2026/06/02 17:00:00,6775.25,64.81,TRADE
VIC1,2026/06/02 17:05:00,6865.67,55.68,TRADE
VIC1,2026/06/02 17:10:00,6946.26,74.79,TRADE
VIC1,2026/06/02 17:15:00,6893.4,56.71,TRADE
VIC1,2026/06/02 17:20:00,7073.62,55.68,TRADE
VIC1,2026/06/02 17:25:00,7188.82,88.04,TRADE
VIC1,2026/06/02 17:30:00,7152.77,80.28,TRADE
VIC1,2026/06/02 17:35:00,7281.95,55.75,TRADE
VIC1,2026/06/02 17:40:00,7374.89,63.62,TRADE
VIC1,2026/06/02 17:45:00,7372.7,69.36,TRADE
VIC1,2026/06/02 17:50:00,7289.47,55.68,TRADE
VIC1,2026/06/02 17:55:00,7304.95,67.43,TRADE
VIC1,2026/06/02 18:00:00,7348.71,58.24,TRADE
VIC1,2026/06/02 18:05:00,7374.63,66.69,TRADE
VIC1,2026/06/02 18:10:00,7357.19,55.75,TRADE
VIC1,2026/06/02 18:15:00,7324.63,55.75,TRADE
VIC1,2026/06/02 18:20:00,7320.39,46.50,TRADE
VIC1,2026/06/02 18:25:00,7350.4,49.74,TRADE
VIC1,2026/06/02 18:30:00,7339.68,40.79,TRADE
VIC1,2026/06/02 18:35:00,7320.82,39.68,TRADE
VIC1,2026/06/02 18:40:00,7254.78,33.94,TRADE
VIC1,2026/06/02 18:45:00,7274.48,42.22,TRADE
VIC1,2026/06/02 18:50:00,7253.18,55.75,TRADE
VIC1,2026/06/02 18:55:00,7211.18,39.48,TRADE
VIC1,2026/06/02 19:00:00,7188.43,36.78,TRADE
VIC1,2026/06/02 19:05:00,7194.29,39,TRADE
VIC1,2026/06/02 19:10:00,7138.08,39.44,TRADE
VIC1,2026/06/02 19:15:00,7119.28,28,TRADE
VIC1,2026/06/02 19:20:00,6979.98,36.66,TRADE
VIC1,2026/06/02 19:25:00,7033.55,48.78,TRADE
VIC1,2026/06/02 19:30:00,6973.3,43.91,TRADE
VIC1,2026/06/02 19:35:00,6914.37,44.27,TRADE
VIC1,2026/06/02 19:40:00,6976.24,56.93,TRADE
VIC1,2026/06/02 19:45:00,6960.64,65.94,TRADE
VIC1,2026/06/02 19:50:00,6923.91,49.89,TRADE
VIC1,2026/06/02 19:55:00,6838.96,48.56,TRADE
VIC1,2026/06/02 20:00:00,6802.26,32.95,TRADE
VIC1,2026/06/02 20:05:00,6803.63,32.97,TRADE
VIC1,2026/06/02 20:10:00,6723.86,32.26,TRADE
VIC1,2026/06/02 20:15:00,6703.25,32.06,TRADE
VIC1,2026/06/02 20:20:00,6693.59,31.81,TRADE
VIC1,2026/06/02 20:25:00,6626.48,5.68,TRADE
VIC1,2026/06/02 20:30:00,6609.1,8.94,TRADE
VIC1,2026/06/02 20:35:00,6553.48,5.68,TRADE
VIC1,2026/06/02 20:40:00,6519.5,5.56,TRADE
VIC1,2026/06/02 20:45:00,6497.74,0.01,TRADE
VIC1,2026/06/02 20:50:00,6476.14,-0.05,TRADE
VIC1,2026/06/02 20:55:00,6391.58,-0.05,TRADE
VIC1,2026/06/02 21:00:00,6367.03,-0.05,TRADE
VIC1,2026/06/02 21:05:00,6309.38,-0.05,TRADE
VIC1,2026/06/02 21:10:00,6279.37,-0.05,TRADE
VIC1,2026/06/02 21:15:00,6271.86,-0.05,TRADE
VIC1,2026/06/02 21:20:00,6228,-0.10,TRADE
VIC1,2026/06/02 21:25:00,6165.8,-0.10,TRADE
VIC1,2026/06/02 21:30:00,6145.53,-0.10,TRADE
VIC1,2026/06/02 21:35:00,6096.97,-0.10,TRADE
VIC1,2026/06/02 21:40:00,6024.52,-0.10,TRADE
VIC1,2026/06/02 21:45:00,5950.18,-0.10,TRADE
VIC1,2026/06/02 21:50:00,5898.02,-0.10,TRADE
VIC1,2026/06/02 21:55:00,5835.26,-0.05,TRADE
VIC1,2026/06/02 22:00:00,5800.04,-0.10,TRADE
VIC1,2026/06/02 22:05:00,5684.96,-0.05,TRADE
VIC1,2026/06/02 22:10:00,5622.81,-0.05,TRADE
VIC1,2026/06/02 22:15:00,5639.95,-0.10,TRADE
VIC1,2026/06/02 22:20:00,5594.6,-0.10,TRADE
VIC1,2026/06/02 22:25:00,5581.05,-0.10,TRADE
VIC1,2026/06/02 22:30:00,5553.62,-0.10,TRADE
VIC1,2026/06/02 22:35:00,5502.07,-0.10,TRADE
VIC1,2026/06/02 22:40:00,5434.05,-1.03,TRADE
VIC1,2026/06/02 22:45:00,5407.56,-0.10,TRADE
VIC1,2026/06/02 22:50:00,5365.23,-2,TRADE
VIC1,2026/06/02 22:55:00,5347.89,-1.04,TRADE
VIC1,2026/06/02 23:00:00,5310.07,-2,TRADE
VIC1,2026/06/02 23:05:00,5273.77,-1.01,TRADE
VIC1,2026/06/02 23:10:00,5344.72,-1,TRADE
VIC1,2026/06/02 23:15:00,5400.76,-0.10,TRADE
VIC1,2026/06/02 23:20:00,5340.68,-1.05,TRADE
VIC1,2026/06/02 23:25:00,5310.7,-2,TRADE
VIC1,2026/06/02 23:30:00,5297.14,-1.01,TRADE
VIC1,2026/06/02 23:35:00,5262.09,-1.03,TRADE
VIC1,2026/06/02 23:40:00,5234.13,-1.01,TRADE
VIC1,2026/06/02 23:45:00,5177.54,-3.03,TRADE
VIC1,2026/06/02 23:50:00,5139.58,-2,TRADE
VIC1,2026/06/02 23:55:00,5142.96,-2.99,TRADE
VIC1,2026/06/03 00:00:00,5112.94,-2,TRADE
VIC1,2026/06/03 00:05:00,5083.7,-1.04,TRADE
VIC1,2026/06/03 00:10:00,5071.82,-2,TRADE
VIC1,2026/06/03 00:15:00,5074.26,-1.06,TRADE
VIC1,2026/06/03 00:20:00,5008.3,-1.07,TRADE
VIC1,2026/06/03 00:25:00,5002.2,-0.10,TRADE
VIC1,2026/06/03 00:30:00,4948.69,-0.10,TRADE
VIC1,2026/06/03 00:35:00,4929.39,-0.10,TRADE
VIC1,2026/06/03 00:40:00,4901.92,-0.10,TRADE
VIC1,2026/06/03 00:45:00,4815.66,-0.10,TRADE
VIC1,2026/06/03 00:50:00,4773.01,-0.10,TRADE
VIC1,2026/06/03 00:55:00,4745.29,-0.10,TRADE
VIC1,2026/06/03 01:00:00,4716.1,-0.10,TRADE
VIC1,2026/06/03 01:05:00,4720.99,-0.10,TRADE
VIC1,2026/06/03 01:10:00,4708.27,-0.10,TRADE
VIC1,2026/06/03 01:15:00,4677.07,-0.10,TRADE
VIC1,2026/06/03 01:20:00,4604.95,-0.10,TRADE
VIC1,2026/06/03 01:25:00,4594.37,-0.10,TRADE
VIC1,2026/06/03 01:30:00,4568.98,-0.10,TRADE
VIC1,2026/06/03 01:35:00,4536.63,-0.10,TRADE
VIC1,2026/06/03 01:40:00,4488.09,-0.10,TRADE
VIC1,2026/06/03 01:45:00,4445.97,-0.10,TRADE
VIC1,2026/06/03 01:50:00,4448.64,-0.10,TRADE
VIC1,2026/06/03 01:55:00,4416.75,-0.10,TRADE
VIC1,2026/06/03 02:00:00,4379.56,-0.10,TRADE
VIC1,2026/06/03 02:05:00,4384.01,-0.81,TRADE
VIC1,2026/06/03 02:10:00,4357.22,-0.10,TRADE
VIC1,2026/06/03 02:15:00,4366.96,-0.81,TRADE
VIC1,2026/06/03 02:20:00,4334.66,-1.13,TRADE
VIC1,2026/06/03 02:25:00,4315.69,-2,TRADE
VIC1,2026/06/03 02:30:00,4323.5,-2,TRADE
VIC1,2026/06/03 02:35:00,4301.54,-2,TRADE
VIC1,2026/06/03 02:40:00,4310.17,-2,TRADE
VIC1,2026/06/03 02:45:00,4264.14,-1.09,TRADE
VIC1,2026/06/03 02:50:00,4258.64,-0.76,TRADE
VIC1,2026/06/03 02:55:00,4223.9,-2.13,TRADE
VIC1,2026/06/03 03:00:00,4232.52,-0.81,TRADE
VIC1,2026/06/03 03:05:00,4224.68,-0.75,TRADE
VIC1,2026/06/03 03:10:00,4218.66,-1.10,TRADE
VIC1,2026/06/03 03:15:00,4215.98,-0.10,TRADE
VIC1,2026/06/03 03:20:00,4221.29,-2.09,TRADE
VIC1,2026/06/03 03:25:00,4235,-2.29,TRADE
VIC1,2026/06/03 03:30:00,4206.7,-1.11,TRADE
VIC1,2026/06/03 03:35:00,4198.71,-2,TRADE
VIC1,2026/06/03 03:40:00,4230.42,-2,TRADE
VIC1,2026/06/03 03:45:00,4239.21,-2,TRADE
VIC1,2026/06/03 03:50:00,4203.71,-1.15,TRADE
VIC1,2026/06/03 03:55:00,4189.58,-2.29,TRADE
VIC1,2026/06/03 04:00:00,4204.13,-1.10,TRADE
VIC1,2026/06/03 04:05:00,4253.17,-1.12,TRADE
VIC1,2026/06/03 04:10:00,4265.5,-0.10,TRADE
VIC1,2026/06/03 04:15:00,4249.28,-1.20,TRADE
VIC1,2026/06/03 04:20:00,4236.46,-0.10,TRADE
VIC1,2026/06/03 04:25:00,4260.21,-2,TRADE
VIC1,2026/06/03 04:30:00,4264.33,-1.18,TRADE
VIC1,2026/06/03 04:35:00,4248.47,-2.18,TRADE
VIC1,2026/06/03 04:40:00,4300.24,-2.21,TRADE
VIC1,2026/06/03 04:45:00,4297.4,-0.10,TRADE
VIC1,2026/06/03 04:50:00,4315.37,-0.10,TRADE
VIC1,2026/06/03 04:55:00,4330.15,-2.20,TRADE
VIC1,2026/06/03 05:00:00,4355.43,-2.16,TRADE
VIC1,2026/06/03 05:05:00,4384.75,-2.15,TRADE
VIC1,2026/06/03 05:10:00,4413.08,-0.10,TRADE
VIC1,2026/06/03 05:15:00,4474.31,-2.18,TRADE
VIC1,2026/06/03 05:20:00,4524.56,-0.10,TRADE
VIC1,2026/06/03 05:25:00,4565.58,-0.10,TRADE
VIC1,2026/06/03 05:30:00,4627.03,-1.18,TRADE
VIC1,2026/06/03 05:35:00,4644.96,-0.10,TRADE
VIC1,2026/06/03 05:40:00,4720.64,-0.10,TRADE
VIC1,2026/06/03 05:45:00,4749.56,-0.10,TRADE
VIC1,2026/06/03 05:50:00,4841.45,-0.10,TRADE
VIC1,2026/06/03 05:55:00,4838.5,-0.10,TRADE
VIC1,2026/06/03 06:00:00,4895.22,-0.10,TRADE
VIC1,2026/06/03 06:05:00,4945.38,-0.10,TRADE
VIC1,2026/06/03 06:10:00,5097.05,-0.05,TRADE
VIC1,2026/06/03 06:15:00,5248.21,0.01,TRADE
VIC1,2026/06/03 06:20:00,5319.52,2.99,TRADE
VIC1,2026/06/03 06:25:00,5353.95,2.98,TRADE
VIC1,2026/06/03 06:30:00,5487.89,3.11,TRADE
VIC1,2026/06/03 06:35:00,5523.88,3.21,TRADE
VIC1,2026/06/03 06:40:00,5611.45,5.08,TRADE
VIC1,2026/06/03 06:45:00,5727.13,8.94,TRADE
VIC1,2026/06/03 06:50:00,5816.66,10.50,TRADE
VIC1,2026/06/03 06:55:00,5932.87,10.65,TRADE
VIC1,2026/06/03 07:00:00,6074.98,10.65,TRADE
VIC1,2026/06/03 07:05:00,6157.89,10.50,TRADE
VIC1,2026/06/03 07:10:00,6124.07,27.20,TRADE
VIC1,2026/06/03 07:15:00,6243.53,10.50,TRADE
VIC1,2026/06/03 07:20:00,6395.76,45.07,TRADE
VIC1,2026/06/03 07:25:00,6473.43,46.50,TRADE
VIC1,2026/06/03 07:30:00,6551.06,45.51,TRADE
VIC1,2026/06/03 07:35:00,6580.11,20.67,TRADE
VIC1,2026/06/03 07:40:00,6663.31,20.67,TRADE
VIC1,2026/06/03 07:45:00,6681.45,20.67,TRADE
VIC1,2026/06/03 07:50:00,6727.57,10.65,TRADE
VIC1,2026/06/03 07:55:00,6725.91,10.65,TRADE
VIC1,2026/06/03 08:00:00,6800.34,10.65,TRADE
VIC1,2026/06/03 08:05:00,6796.84,10.65,TRADE
VIC1,2026/06/03 08:10:00,6834.83,10.50,TRADE
VIC1,2026/06/03 08:15:00,6831.36,10.50,TRADE
VIC1,2026/06/03 08:20:00,6888.6,10.50,TRADE
VIC1,2026/06/03 08:25:00,6863.06,10.50,TRADE
VIC1,2026/06/03 08:30:00,6836.46,10.21,TRADE
VIC1,2026/06/03 08:35:00,6743.24,10.50,TRADE
VIC1,2026/06/03 08:40:00,6698.84,10.50,TRADE
VIC1,2026/06/03 08:45:00,6636.06,10.50,TRADE
VIC1,2026/06/03 08:50:00,6551.44,8.94,TRADE
VIC1,2026/06/03 08:55:00,6539.4,9.99,TRADE
VIC1,2026/06/03 09:00:00,6517.64,10.50,TRADE
VIC1,2026/06/03 09:05:00,6412.31,10.50,TRADE
VIC1,2026/06/03 09:10:00,6415.86,8.94,TRADE
VIC1,2026/06/03 09:15:00,6412.87,10.50,TRADE
VIC1,2026/06/03 09:20:00,6466.42,10.50,TRADE
VIC1,2026/06/03 09:25:00,6441.06,6.16,TRADE
VIC1,2026/06/03 09:30:00,6332.75,8.94,TRADE
VIC1,2026/06/03 09:35:00,6212.77,-0.05,TRADE
VIC1,2026/06/03 09:40:00,6243.1,5.08,TRADE
VIC1,2026/06/03 09:45:00,6231.58,3.14,TRADE
VIC1,2026/06/03 09:50:00,6205.07,2.26,TRADE
VIC1,2026/06/03 09:55:00,6155.12,0.01,TRADE
VIC1,2026/06/03 10:00:00,6076.26,3.09,TRADE
VIC1,2026/06/03 10:05:00,6090.5,3,TRADE
VIC1,2026/06/03 10:10:00,6167.15,3.07,TRADE
VIC1,2026/06/03 10:15:00,6117.38,4.21,TRADE
VIC1,2026/06/03 10:20:00,6042.54,2.28,TRADE
VIC1,2026/06/03 10:25:00,6115.74,4.22,TRADE
VIC1,2026/06/03 10:30:00,6127.73,3,TRADE
VIC1,2026/06/03 10:35:00,6083.18,0.01,TRADE
VIC1,2026/06/03 10:40:00,6083.94,1.98,TRADE
VIC1,2026/06/03 10:45:00,5968.16,-0.05,TRADE
VIC1,2026/06/03 10:50:00,5911.05,-0.10,TRADE
VIC1,2026/06/03 10:55:00,5915.55,-0.10,TRADE
VIC1,2026/06/03 11:00:00,5909.33,-0.10,TRADE
VIC1,2026/06/03 11:05:00,5966.62,-0.10,TRADE
VIC1,2026/06/03 11:10:00,6037.6,0.01,TRADE
VIC1,2026/06/03 11:15:00,5985.12,0.01,TRADE
VIC1,2026/06/03 11:20:00,6030.55,0.02,TRADE
VIC1,2026/06/03 11:25:00,6068.84,2.96,TRADE
VIC1,2026/06/03 11:30:00,6076.76,5.08,TRADE
VIC1,2026/06/03 11:35:00,5993.56,0.02,TRADE
VIC1,2026/06/03 11:40:00,5969.89,0.01,TRADE
VIC1,2026/06/03 11:45:00,5888.83,0,TRADE
VIC1,2026/06/03 11:50:00,5887.6,-0.10,TRADE
VIC1,2026/06/03 11:55:00,5771.93,0.01,TRADE
VIC1,2026/06/03 12:00:00,5726.88,-0.10,TRADE
VIC1,2026/06/03 12:05:00,5722.88,0.95,TRADE
VIC1,2026/06/03 12:10:00,5844.53,-0.10,TRADE
VIC1,2026/06/03 12:15:00,5695.86,0,TRADE
VIC1,2026/06/03 12:20:00,5640.27,-0.10,TRADE
VIC1,2026/06/03 12:25:00,5606.08,-0.10,TRADE
VIC1,2026/06/03 12:30:00,5633.87,-0.10,TRADE
VIC1,2026/06/03 12:35:00,5578.05,-0.10,TRADE
VIC1,2026/06/03 12:40:00,5553.11,-2.29,TRADE
VIC1,2026/06/03 12:45:00,5626.98,-2.25,TRADE
VIC1,2026/06/03 12:50:00,5561.43,-1,TRADE
VIC1,2026/06/03 12:55:00,5500.23,-0.10,TRADE
VIC1,2026/06/03 13:00:00,5571.06,-0.10,TRADE
VIC1,2026/06/03 13:05:00,5455.83,-0.10,TRADE
VIC1,2026/06/03 13:10:00,5674.72,-2.29,TRADE
VIC1,2026/06/03 13:15:00,5698.56,-2.29,TRADE
VIC1,2026/06/03 13:20:00,5664.2,-4.57,TRADE
VIC1,2026/06/03 13:25:00,5574.23,-2,TRADE
VIC1,2026/06/03 13:30:00,5593.34,-1.76,TRADE
VIC1,2026/06/03 13:35:00,5633.22,-1.78,TRADE
VIC1,2026/06/03 13:40:00,5574.05,-1.91,TRADE
VIC1,2026/06/03 13:45:00,5579.12,-2,TRADE
VIC1,2026/06/03 13:50:00,5524.81,-2.29,TRADE
VIC1,2026/06/03 13:55:00,5525.35,-2.26,TRADE
VIC1,2026/06/03 14:00:00,5554.75,-2.29,TRADE
VIC1,2026/06/03 14:05:00,5619.49,-1.98,TRADE
VIC1,2026/06/03 14:10:00,5418.76,-1.64,TRADE
VIC1,2026/06/03 14:15:00,5446.26,-1.78,TRADE
VIC1,2026/06/03 14:20:00,5425.18,-1.78,TRADE
VIC1,2026/06/03 14:25:00,5413.79,-1.97,TRADE
VIC1,2026/06/03 14:30:00,5329.32,-2.25,TRADE
VIC1,2026/06/03 14:35:00,5375.05,-2.29,TRADE
VIC1,2026/06/03 14:40:00,5430.71,-1.93,TRADE
VIC1,2026/06/03 14:45:00,5464.84,-1.51,TRADE
VIC1,2026/06/03 14:50:00,5442.31,-1.70,TRADE
VIC1,2026/06/03 14:55:00,5550.03,-2.68,TRADE
VIC1,2026/06/03 15:00:00,5475.78,-2.25,TRADE
VIC1,2026/06/03 15:05:00,5530.04,-2.71,TRADE
VIC1,2026/06/03 15:10:00,5609.8,-2.45,TRADE
VIC1,2026/06/03 15:15:00,5790.82,-2.26,TRADE
VIC1,2026/06/03 15:20:00,5783.64,-2,TRADE
VIC1,2026/06/03 15:25:00,5802.37,-2,TRADE
VIC1,2026/06/03 15:30:00,5899.53,-0.05,TRADE
VIC1,2026/06/03 15:35:00,5942.73,-0.05,TRADE
VIC1,2026/06/03 15:40:00,6063.48,0,TRADE
VIC1,2026/06/03 15:45:00,6122.7,-2,TRADE
VIC1,2026/06/03 15:50:00,6182.52,2.22,TRADE
VIC1,2026/06/03 15:55:00,6147,3.12,TRADE
VIC1,2026/06/03 16:00:00,6192.29,9.54,TRADE
VIC1,2026/06/03 16:05:00,6250.75,-0.05,TRADE
VIC1,2026/06/03 16:10:00,6310.2,0.01,TRADE
VIC1,2026/06/03 16:15:00,6391.6,3.11,TRADE
VIC1,2026/06/03 16:20:00,6431.95,17.05,TRADE
VIC1,2026/06/03 16:25:00,6510.95,37.89,TRADE
VIC1,2026/06/03 16:30:00,6601.88,52.60,TRADE
VIC1,2026/06/03 16:35:00,6651.3,46.50,TRADE
VIC1,2026/06/03 16:40:00,6788.1,54.57,TRADE
VIC1,2026/06/03 16:45:00,6833.52,56.06,TRADE
VIC1,2026/06/03 16:50:00,6860.81,55.75,TRADE
VIC1,2026/06/03 16:55:00,6907,62.53,TRADE
VIC1,2026/06/03 17:00:00,6952.05,60,TRADE
VIC1,2026/06/03 17:05:00,7020.98,55.68,TRADE
VIC1,2026/06/03 17:10:00,7043.21,55.75,TRADE
VIC1,2026/06/03 17:15:00,7124.26,52.78,TRADE
VIC1,2026/06/03 17:20:00,7239.15,50.47,TRADE
VIC1,2026/06/03 17:25:00,7324.54,55.38,TRADE
VIC1,2026/06/03 17:30:00,7450.31,64.05,TRADE
VIC1,2026/06/03 17:35:00,7486.31,55.68,TRADE
VIC1,2026/06/03 17:40:00,7559.54,55.75,TRADE
VIC1,2026/06/03 17:45:00,7532.96,64.31,TRADE
VIC1,2026/06/03 17:50:00,7601.12,55.85,TRADE
VIC1,2026/06/03 17:55:00,7709.44,55.75,TRADE
VIC1,2026/06/03 18:00:00,7731.65,46.28,TRADE
VIC1,2026/06/03 18:05:00,7764.89,58.06,TRADE
VIC1,2026/06/03 18:10:00,7659.19,44.41,TRADE
VIC1,2026/06/03 18:15:00,7537.14,10.88,TRADE
VIC1,2026/06/03 18:20:00,7627.33,20.67,TRADE
VIC1,2026/06/03 18:25:00,7623.54,20.67,TRADE
VIC1,2026/06/03 18:30:00,7578.43,12.09,TRADE
VIC1,2026/06/03 18:35:00,7565.09,12.91,TRADE
VIC1,2026/06/03 18:40:00,7585.43,20.67,TRADE
VIC1,2026/06/03 18:45:00,7550.49,15.33,TRADE
VIC1,2026/06/03 18:50:00,7535.33,20.48,TRADE
VIC1,2026/06/03 18:55:00,7583.16,33.24,TRADE
VIC1,2026/06/03 19:00:00,7502,8.94,TRADE
VIC1,2026/06/03 19:05:00,7474.14,8.94,TRADE
VIC1,2026/06/03 19:10:00,7483.08,8.94,TRADE
VIC1,2026/06/03 19:15:00,7361.87,-0.05,TRADE
VIC1,2026/06/03 19:20:00,7341.28,8.82,TRADE
VIC1,2026/06/03 19:25:00,7385.94,8.94,TRADE
VIC1,2026/06/03 19:30:00,7376.08,8.94,TRADE
VIC1,2026/06/03 19:35:00,7282.51,8.94,TRADE
VIC1,2026/06/03 19:40:00,7215.56,8.94,TRADE
VIC1,2026/06/03 19:45:00,7254.13,5.08,TRADE
VIC1,2026/06/03 19:50:00,7274.95,8.94,TRADE
VIC1,2026/06/03 19:55:00,7201.98,5.08,TRADE
VIC1,2026/06/03 20:00:00,7238,8.94,TRADE
VIC1,2026/06/03 20:05:00,7170.55,5.08,TRADE
VIC1,2026/06/03 20:10:00,7179.84,5.08,TRADE
VIC1,2026/06/03 20:15:00,7049.78,0.01,TRADE
VIC1,2026/06/03 20:20:00,7022.88,0.01,TRADE
VIC1,2026/06/03 20:25:00,6940.12,-0.05,TRADE
VIC1,2026/06/03 20:30:00,7006.55,0.01,TRADE
VIC1,2026/06/03 20:35:00,6905.18,-0.05,TRADE
VIC1,2026/06/03 20:40:00,6915.26,-0.05,TRADE
VIC1,2026/06/03 20:45:00,6890.34,-0.05,TRADE
VIC1,2026/06/03 20:50:00,6892.56,0.01,TRADE
VIC1,2026/06/03 20:55:00,6827.78,-0.05,TRADE
VIC1,2026/06/03 21:00:00,6793.04,-0.05,TRADE
VIC1,2026/06/03 21:05:00,6740.8,-0.05,TRADE
VIC1,2026/06/03 21:10:00,6710.56,-0.05,TRADE
VIC1,2026/06/03 21:15:00,6702.87,-0.05,TRADE
VIC1,2026/06/03 21:20:00,6576.01,-0.10,TRADE
VIC1,2026/06/03 21:25:00,6577.53,-0.10,TRADE
VIC1,2026/06/03 21:30:00,6572.19,-0.10,TRADE
VIC1,2026/06/03 21:35:00,6456.59,-0.10,TRADE
VIC1,2026/06/03 21:40:00,6442.32,-0.10,TRADE
VIC1,2026/06/03 21:45:00,6421.6,-0.10,TRADE
VIC1,2026/06/03 21:50:00,6384.56,-0.10,TRADE
VIC1,2026/06/03 21:55:00,6292.17,-0.10,TRADE
VIC1,2026/06/03 22:00:00,6185.48,-0.10,TRADE
VIC1,2026/06/03 22:05:00,6111.26,-0.10,TRADE
VIC1,2026/06/03 22:10:00,6099.82,-0.10,TRADE
VIC1,2026/06/03 22:15:00,5956.31,-0.10,TRADE
VIC1,2026/06/03 22:20:00,6005.49,-0.10,TRADE
VIC1,2026/06/03 22:25:00,5956.64,-0.10,TRADE
VIC1,2026/06/03 22:30:00,5919.52,-0.10,TRADE
VIC1,2026/06/03 22:35:00,5833.23,-0.10,TRADE
VIC1,2026/06/03 22:40:00,5733.47,-0.10,TRADE
VIC1,2026/06/03 22:45:00,5773.42,-0.10,TRADE
VIC1,2026/06/03 22:50:00,5720.81,-0.10,TRADE
VIC1,2026/06/03 22:55:00,5608.01,-0.10,TRADE
VIC1,2026/06/03 23:00:00,5595.32,-0.10,TRADE
VIC1,2026/06/03 23:05:00,5602.24,-0.10,TRADE
VIC1,2026/06/03 23:10:00,5631.08,-0.10,TRADE
VIC1,2026/06/03 23:15:00,5671.25,-0.10,TRADE
VIC1,2026/06/03 23:20:00,5555.29,-0.10,TRADE
VIC1,2026/06/03 23:25:00,5626.72,-0.10,TRADE
VIC1,2026/06/03 23:30:00,5618.08,-0.10,TRADE
VIC1,2026/06/03 23:35:00,5621.18,-0.10,TRADE
VIC1,2026/06/03 23:40:00,5576.87,-0.10,TRADE
VIC1,2026/06/03 23:45:00,5518.23,-0.10,TRADE
VIC1,2026/06/03 23:50:00,5462.65,-0.10,TRADE
VIC1,2026/06/03 23:55:00,5404.45,-0.10,TRADE
VIC1,2026/06/04 00:00:00,5302.24,-0.10,TRADE
VIC1,2026/06/04 00:05:00,5327.41,-0.10,TRADE
VIC1,2026/06/04 00:10:00,5298.41,-0.10,TRADE
VIC1,2026/06/04 00:15:00,5275.56,-0.10,TRADE
VIC1,2026/06/04 00:20:00,5226.51,-0.10,TRADE
VIC1,2026/06/04 00:25:00,5268.92,-0.05,TRADE
VIC1,2026/06/04 00:30:00,5265.47,-0.10,TRADE
VIC1,2026/06/04 00:35:00,5201.97,-0.10,TRADE
VIC1,2026/06/04 00:40:00,5181.3,-0.05,TRADE
VIC1,2026/06/04 00:45:00,5156.45,-0.05,TRADE
VIC1,2026/06/04 00:50:00,5128.46,-0.10,TRADE
VIC1,2026/06/04 00:55:00,5037.95,-0.10,TRADE
VIC1,2026/06/04 01:00:00,5021.99,-0.10,TRADE
VIC1,2026/06/04 01:05:00,4975.14,-0.10,TRADE
VIC1,2026/06/04 01:10:00,4943.34,-0.05,TRADE
VIC1,2026/06/04 01:15:00,4956.59,-0.05,TRADE
VIC1,2026/06/04 01:20:00,4969.02,-0.05,TRADE
VIC1,2026/06/04 01:25:00,4975.46,-0.05,TRADE
VIC1,2026/06/04 01:30:00,4947.31,-0.05,TRADE
VIC1,2026/06/04 01:35:00,4844.63,-0.05,TRADE
VIC1,2026/06/04 01:40:00,4834.14,-0.05,TRADE
VIC1,2026/06/04 01:45:00,4773.32,-0.10,TRADE
VIC1,2026/06/04 01:50:00,4822.23,-0.05,TRADE
VIC1,2026/06/04 01:55:00,4781.54,-0.10,TRADE
VIC1,2026/06/04 02:00:00,4768.35,-0.05,TRADE
VIC1,2026/06/04 02:05:00,4672.92,-0.10,TRADE
VIC1,2026/06/04 02:10:00,4677.08,-0.05,TRADE
VIC1,2026/06/04 02:15:00,4723.48,-0.05,TRADE
VIC1,2026/06/04 02:20:00,4711.56,-0.05,TRADE
VIC1,2026/06/04 02:25:00,4629.68,-0.05,TRADE
VIC1,2026/06/04 02:30:00,4686.55,1.95,TRADE
VIC1,2026/06/04 02:35:00,4680.52,0.01,TRADE
VIC1,2026/06/04 02:40:00,4678.63,0,TRADE
VIC1,2026/06/04 02:45:00,4573.94,-0.05,TRADE
VIC1,2026/06/04 02:50:00,4578.15,0,TRADE
VIC1,2026/06/04 02:55:00,4562.18,0,TRADE
VIC1,2026/06/04 03:00:00,4603.74,0,TRADE
VIC1,2026/06/04 03:05:00,4497.32,-0.05,TRADE
VIC1,2026/06/04 03:10:00,4542.32,-0.05,TRADE
VIC1,2026/06/04 03:15:00,4489.4,-0.05,TRADE
VIC1,2026/06/04 03:20:00,4475.82,-0.02,TRADE
VIC1,2026/06/04 03:25:00,4494.52,-0.05,TRADE
VIC1,2026/06/04 03:30:00,4505.51,-0.05,TRADE
VIC1,2026/06/04 03:35:00,4498.65,0,TRADE
VIC1,2026/06/04 03:40:00,4529.21,-0.05,TRADE
VIC1,2026/06/04 03:45:00,4510.4,-0.05,TRADE
VIC1,2026/06/04 03:50:00,4518.24,-0.05,TRADE
VIC1,2026/06/04 03:55:00,4470.49,-0.10,TRADE
VIC1,2026/06/04 04:00:00,4551.69,-0.05,TRADE
VIC1,2026/06/04 04:05:00,4540.74,-0.05,TRADE
VIC1,2026/06/04 04:10:00,4483.88,-0.05,TRADE
VIC1,2026/06/04 04:15:00,4561.58,-0.02,TRADE
VIC1,2026/06/04 04:20:00,4573.95,-0.05,TRADE
VIC1,2026/06/04 04:25:00,4581.47,-0.05,TRADE
VIC1,2026/06/04 04:30:00,4600.58,-0.05,TRADE
VIC1,2026/06/04 04:35:00,4538.3,-0.05,TRADE
VIC1,2026/06/04 04:40:00,4559.15,-0.05,TRADE
VIC1,2026/06/04 04:45:00,4610.61,0,TRADE
VIC1,2026/06/04 04:50:00,4650.37,-0.05,TRADE
VIC1,2026/06/04 04:55:00,4707.97,-0.05,TRADE
VIC1,2026/06/04 05:00:00,4726.77,-0.05,TRADE
VIC1,2026/06/04 05:05:00,4717.78,-0.10,TRADE
VIC1,2026/06/04 05:10:00,4841.06,-0.02,TRADE
VIC1,2026/06/04 05:15:00,4864.98,-0.05,TRADE
VIC1,2026/06/04 05:20:00,4901.48,-0.05,TRADE
VIC1,2026/06/04 05:25:00,4936.58,-0.05,TRADE
VIC1,2026/06/04 05:30:00,4939.3,-0.05,TRADE
VIC1,2026/06/04 05:35:00,4953.04,-0.05,TRADE
VIC1,2026/06/04 05:40:00,5096.67,-0.05,TRADE
VIC1,2026/06/04 05:45:00,5077.21,-0.05,TRADE
VIC1,2026/06/04 05:50:00,5186.09,-0.05,TRADE
VIC1,2026/06/04 05:55:00,5245.55,-0.10,TRADE
VIC1,2026/06/04 06:00:00,5295.2,5.04,TRADE
VIC1,2026/06/04 06:05:00,5413.32,5.06,TRADE
VIC1,2026/06/04 06:10:00,5556.47,10.50,TRADE
VIC1,2026/06/04 06:15:00,5666.26,49.78,TRADE
VIC1,2026/06/04 06:20:00,5721.72,40.65,TRADE
VIC1,2026/06/04 06:25:00,5810.84,36.66,TRADE
VIC1,2026/06/04 06:30:00,5972.92,10.65,TRADE
VIC1,2026/06/04 06:35:00,5985.06,10.50,TRADE
VIC1,2026/06/04 06:40:00,6067.54,10.65,TRADE
VIC1,2026/06/04 06:45:00,6219.39,31.69,TRADE
VIC1,2026/06/04 06:50:00,6349.23,31.69,TRADE
VIC1,2026/06/04 06:55:00,6421.6,31.69,TRADE
VIC1,2026/06/04 07:00:00,6515.24,31.69,TRADE
VIC1,2026/06/04 07:05:00,6518.65,31.69,TRADE
VIC1,2026/06/04 07:10:00,6563.07,31.69,TRADE
VIC1,2026/06/04 07:15:00,6710.47,31.69,TRADE
VIC1,2026/06/04 07:20:00,6850.65,31.69,TRADE
VIC1,2026/06/04 07:25:00,6897.06,31.77,TRADE
VIC1,2026/06/04 07:30:00,7006.5,49.67,TRADE
VIC1,2026/06/04 07:35:00,7045.81,44.91,TRADE
VIC1,2026/06/04 07:40:00,7046.76,31.69,TRADE
VIC1,2026/06/04 07:45:00,7175.01,31.69,TRADE
VIC1,2026/06/04 07:50:00,7220.85,31.96,TRADE
VIC1,2026/06/04 07:55:00,7221.64,34.19,TRADE
VIC1,2026/06/04 08:00:00,7200.33,31.69,TRADE
VIC1,2026/06/04 08:05:00,7225.47,31.69,TRADE
VIC1,2026/06/04 08:10:00,7202.13,31.69,TRADE
VIC1,2026/06/04 08:15:00,7238.67,31.69,TRADE
VIC1,2026/06/04 08:20:00,7223.24,31.69,TRADE
VIC1,2026/06/04 08:25:00,7223.62,31.69,TRADE
VIC1,2026/06/04 08:30:00,7198.73,31.69,TRADE
VIC1,2026/06/04 08:35:00,7252.91,31.69,TRADE
VIC1,2026/06/04 08:40:00,7247.52,31.69,TRADE
VIC1,2026/06/04 08:45:00,7228.61,35.76,TRADE
VIC1,2026/06/04 08:50:00,7239.12,25.67,TRADE
VIC1,2026/06/04 08:55:00,7223.54,24.71,TRADE
VIC1,2026/06/04 09:00:00,7219.34,31.69,TRADE
VIC1,2026/06/04 09:05:00,7193.32,25.67,TRADE
VIC1,2026/06/04 09:10:00,7176.55,26.20,TRADE
VIC1,2026/06/04 09:15:00,7156.4,22,TRADE
VIC1,2026/06/04 09:20:00,7182.45,25.92,TRADE
VIC1,2026/06/04 09:25:00,7136.58,22.57,TRADE
VIC1,2026/06/04 09:30:00,7099.07,22.57,TRADE
VIC1,2026/06/04 09:35:00,7044.71,10.65,TRADE
VIC1,2026/06/04 09:40:00,7070.66,22.04,TRADE
VIC1,2026/06/04 09:45:00,7024.28,31.69,TRADE
VIC1,2026/06/04 09:50:00,7043.39,32.68,TRADE
VIC1,2026/06/04 09:55:00,7034.5,25.91,TRADE
VIC1,2026/06/04 10:00:00,7015.23,21.92,TRADE
VIC1,2026/06/04 10:05:00,7082.47,22.38,TRADE
VIC1,2026/06/04 10:10:00,7111.79,34.72,TRADE
VIC1,2026/06/04 10:15:00,7099.56,35.15,TRADE
VIC1,2026/06/04 10:20:00,7099.92,22.31,TRADE
VIC1,2026/06/04 10:25:00,7100.65,14.71,TRADE
VIC1,2026/06/04 10:30:00,7003.98,19.21,TRADE
VIC1,2026/06/04 10:35:00,7011.46,35.15,TRADE
VIC1,2026/06/04 10:40:00,6999.67,33.65,TRADE
VIC1,2026/06/04 10:45:00,6979.48,22.29,TRADE
VIC1,2026/06/04 10:50:00,6950.6,22.14,TRADE
VIC1,2026/06/04 10:55:00,6927.34,22.85,TRADE
VIC1,2026/06/04 11:00:00,6873.18,14.89,TRADE
VIC1,2026/06/04 11:05:00,6892.99,22.65,TRADE
VIC1,2026/06/04 11:10:00,7051.39,22.97,TRADE
VIC1,2026/06/04 11:15:00,7045.46,22.77,TRADE
VIC1,2026/06/04 11:20:00,7089.05,23.47,TRADE
VIC1,2026/06/04 11:25:00,7104.22,34.08,TRADE
VIC1,2026/06/04 11:30:00,7085.69,23.43,TRADE
VIC1,2026/06/04 11:35:00,7071.58,35.67,TRADE
VIC1,2026/06/04 11:40:00,7065.58,35.81,TRADE
VIC1,2026/06/04 11:45:00,7111.61,35.15,TRADE
VIC1,2026/06/04 11:50:00,7103.04,28,TRADE
VIC1,2026/06/04 11:55:00,7140.28,28,TRADE
VIC1,2026/06/04 12:00:00,7149.57,28,TRADE
VIC1,2026/06/04 12:05:00,7183.37,34.79,TRADE
VIC1,2026/06/04 12:10:00,7248.97,36.66,TRADE
VIC1,2026/06/04 12:15:00,7218.77,34.78,TRADE
VIC1,2026/06/04 12:20:00,7143.87,35.97,TRADE
VIC1,2026/06/04 12:25:00,7040.48,35.97,TRADE
VIC1,2026/06/04 12:30:00,7046.43,35.79,TRADE
VIC1,2026/06/04 12:35:00,7039.58,35.15,TRADE
VIC1,2026/06/04 12:40:00,7133.59,39.10,TRADE
VIC1,2026/06/04 12:45:00,7115.23,39.78,TRADE
VIC1,2026/06/04 12:50:00,7011.42,57.64,TRADE
VIC1,2026/06/04 12:55:00,7065.82,39.80,TRADE
VIC1,2026/06/04 13:00:00,7050.01,52.72,TRADE
VIC1,2026/06/04 13:05:00,7091.61,49.67,TRADE
VIC1,2026/06/04 13:10:00,7014.81,40.36,TRADE
VIC1,2026/06/04 13:15:00,7068.68,41.02,TRADE
VIC1,2026/06/04 13:20:00,7036.6,41.30,TRADE
VIC1,2026/06/04 13:25:00,7099.36,37.04,TRADE
VIC1,2026/06/04 13:30:00,7077.37,37.34,TRADE
VIC1,2026/06/04 13:35:00,7047.58,37.08,TRADE
VIC1,2026/06/04 13:40:00,7076.73,37.75,TRADE
VIC1,2026/06/04 13:45:00,7080.36,37.30,TRADE
VIC1,2026/06/04 13:50:00,7053.03,36.76,TRADE
VIC1,2026/06/04 13:55:00,6995.43,36.64,TRADE
VIC1,2026/06/04 14:00:00,6971.61,36.27,TRADE
VIC1,2026/06/04 14:05:00,6936.37,38.28,TRADE
VIC1,2026/06/04 14:10:00,6845.19,36.66,TRADE
VIC1,2026/06/04 14:15:00,6927.27,36.66,TRADE
VIC1,2026/06/04 14:20:00,6924.06,34.48,TRADE
VIC1,2026/06/04 14:25:00,6904.83,34.38,TRADE
VIC1,2026/06/04 14:30:00,6944.14,37.71,TRADE
VIC1,2026/06/04 14:35:00,6903.64,36.66,TRADE
VIC1,2026/06/04 14:40:00,6811.34,-15.41,TRADE
VIC1,2026/06/04 14:45:00,6840.28,0,TRADE
VIC1,2026/06/04 14:50:00,6825.21,4.71,TRADE
VIC1,2026/06/04 14:55:00,6799.34,-0.10,TRADE
VIC1,2026/06/04 15:00:00,6732.44,-0.10,TRADE
VIC1,2026/06/04 15:05:00,6817.71,10.50,TRADE
VIC1,2026/06/04 15:10:00,6830.04,30.58,TRADE
VIC1,2026/06/04 15:15:00,6811.2,5.08,TRADE
VIC1,2026/06/04 15:20:00,6886.82,5.08,TRADE
VIC1,2026/06/04 15:25:00,6894.03,10.50,TRADE
VIC1,2026/06/04 15:30:00,6943.91,21.40,TRADE
VIC1,2026/06/04 15:35:00,6967.84,-0.05,TRADE
VIC1,2026/06/04 15:40:00,6920.94,-0.05,TRADE
VIC1,2026/06/04 15:45:00,6977.71,-0.05,TRADE
VIC1,2026/06/04 15:50:00,7120.72,6.01,TRADE
VIC1,2026/06/04 15:55:00,7244.69,10.50,TRADE
VIC1,2026/06/04 16:00:00,7230.32,5.08,TRADE
VIC1,2026/06/04 16:05:00,7378.76,25.67,TRADE
VIC1,2026/06/04 16:10:00,7410.35,22.71,TRADE
VIC1,2026/06/04 16:15:00,7449.29,31.34,TRADE
VIC1,2026/06/04 16:20:00,7452.37,31.20,TRADE
VIC1,2026/06/04 16:25:00,7490.9,22.67,TRADE
VIC1,2026/06/04 16:30:00,7565.67,39.73,TRADE
VIC1,2026/06/04 16:35:00,7631.04,49.81,TRADE
VIC1,2026/06/04 16:40:00,7733.69,104.10,TRADE
VIC1,2026/06/04 16:45:00,7686.77,81.57,TRADE
VIC1,2026/06/04 16:50:00,7739.42,95.05,TRADE
VIC1,2026/06/04 16:55:00,7816.47,91.47,TRADE
VIC1,2026/06/04 17:00:00,7837.88,88.53,TRADE
VIC1,2026/06/04 17:05:00,7814.07,83.63,TRADE
VIC1,2026/06/04 17:10:00,7771.54,73.75,TRADE
VIC1,2026/06/04 17:15:00,7731.97,49.92,TRADE
VIC1,2026/06/04 17:20:00,7812.41,49.67,TRADE
VIC1,2026/06/04 17:25:00,7924.35,79.55,TRADE
VIC1,2026/06/04 17:30:00,8018.99,80.80,TRADE
VIC1,2026/06/04 17:35:00,8000.81,70.87,TRADE
VIC1,2026/06/04 17:40:00,8062.62,95.05,TRADE
VIC1,2026/06/04 17:45:00,8016.42,87.02,TRADE
VIC1,2026/06/04 17:50:00,8016.48,89.68,TRADE
VIC1,2026/06/04 17:55:00,7989.24,48.93,TRADE
VIC1,2026/06/04 18:00:00,7893.33,25.67,TRADE
VIC1,2026/06/04 18:05:00,7929.97,47.12,TRADE
VIC1,2026/06/04 18:10:00,7875.92,47.41,TRADE
VIC1,2026/06/04 18:15:00,7959.13,55.75,TRADE
VIC1,2026/06/04 18:20:00,7932.82,55.75,TRADE
VIC1,2026/06/04 18:25:00,7968.13,49.67,TRADE
VIC1,2026/06/04 18:30:00,7909.8,44.29,TRADE
VIC1,2026/06/04 18:35:00,7910.06,51.84,TRADE
VIC1,2026/06/04 18:40:00,7798.21,40.64,TRADE
VIC1,2026/06/04 18:45:00,7778.17,42.70,TRADE
VIC1,2026/06/04 18:50:00,7756.6,48.81,TRADE
VIC1,2026/06/04 18:55:00,7756.75,53.02,TRADE
VIC1,2026/06/04 19:00:00,7671.04,43.42,TRADE
VIC1,2026/06/04 19:05:00,7708.73,49.67,TRADE
VIC1,2026/06/04 19:10:00,7665.14,60,TRADE
VIC1,2026/06/04 19:15:00,7645.32,31.69,TRADE
VIC1,2026/06/04 19:20:00,7574.96,31.69,TRADE
VIC1,2026/06/04 19:25:00,7524.55,61.71,TRADE
VIC1,2026/06/04 19:30:00,7505.21,32.72,TRADE
VIC1,2026/06/04 19:35:00,7492.13,53.37,TRADE
VIC1,2026/06/04 19:40:00,7419.06,60.81,TRADE
VIC1,2026/06/04 19:45:00,7476.26,58.12,TRADE
VIC1,2026/06/04 19:50:00,7460.23,59.31,TRADE
VIC1,2026/06/04 19:55:00,7435.88,55.93,TRADE
VIC1,2026/06/04 20:00:00,7321.14,39.19,TRADE
VIC1,2026/06/04 20:05:00,7282.99,55.70,TRADE
VIC1,2026/06/04 20:10:00,7330.73,62.16,TRADE
VIC1,2026/06/04 20:15:00,7302.35,57.51,TRADE
VIC1,2026/06/04 20:20:00,7270.71,60,TRADE
VIC1,2026/06/04 20:25:00,7260.88,63.81,TRADE
VIC1,2026/06/04 20:30:00,7215.13,62.89,TRADE
VIC1,2026/06/04 20:35:00,7126.02,62.44,TRADE
VIC1,2026/06/04 20:40:00,7071.08,58.37,TRADE
VIC1,2026/06/04 20:45:00,6972.28,59.01,TRADE
VIC1,2026/06/04 20:50:00,7021.61,55.57,TRADE
VIC1,2026/06/04 20:55:00,6973.43,49.69,TRADE
VIC1,2026/06/04 21:00:00,6910.92,49.18,TRADE
VIC1,2026/06/04 21:05:00,6898.42,48.58,TRADE
VIC1,2026/06/04 21:10:00,6799.53,49,TRADE
VIC1,2026/06/04 21:15:00,6766.63,47.99,TRADE
VIC1,2026/06/04 21:20:00,6684.27,10.69,TRADE
VIC1,2026/06/04 21:25:00,6575.66,10.50,TRADE
VIC1,2026/06/04 21:30:00,6615.89,35.83,TRADE
VIC1,2026/06/04 21:35:00,6574,42.23,TRADE
VIC1,2026/06/04 21:40:00,6534.16,10.65,TRADE
VIC1,2026/06/04 21:45:00,6474.01,10.65,TRADE
VIC1,2026/06/04 21:50:00,6497.98,42.91,TRADE
VIC1,2026/06/04 21:55:00,6412.92,10.50,TRADE
VIC1,2026/06/04 22:00:00,6357.43,8.94,TRADE
VIC1,2026/06/04 22:05:00,6302.29,32.84,TRADE
VIC1,2026/06/04 22:10:00,6218.82,20.22,TRADE
VIC1,2026/06/04 22:15:00,6269.13,10.68,TRADE
VIC1,2026/06/04 22:20:00,6129.64,8.94,TRADE
VIC1,2026/06/04 22:25:00,6087.48,21.98,TRADE
VIC1,2026/06/04 22:30:00,6123.75,19.18,TRADE
VIC1,2026/06/04 22:35:00,6045.96,12.05,TRADE
VIC1,2026/06/04 22:40:00,5890.22,12.05,TRADE
VIC1,2026/06/04 22:45:00,5904.36,48.59,TRADE
VIC1,2026/06/04 22:50:00,5874.12,19.18,TRADE
VIC1,2026/06/04 22:55:00,5829.96,12.05,TRADE
VIC1,2026/06/04 23:00:00,5797.44,12.05,TRADE
VIC1,2026/06/04 23:05:00,5705.04,12.05,TRADE
VIC1,2026/06/04 23:10:00,5861.75,14.20,TRADE
VIC1,2026/06/04 23:15:00,5866.3,12.05,TRADE
VIC1,2026/06/04 23:20:00,5768.63,12.05,TRADE
VIC1,2026/06/04 23:25:00,5809.68,10.65,TRADE
VIC1,2026/06/04 23:30:00,5829.61,10.50,TRADE
VIC1,2026/06/04 23:35:00,5813.05,10.50,TRADE
VIC1,2026/06/04 23:40:00,5728.34,10.69,TRADE
VIC1,2026/06/04 23:45:00,5614.91,8.06,TRADE
VIC1,2026/06/04 23:50:00,5608.62,12.05,TRADE
VIC1,2026/06/04 23:55:00,5561.15,12.05,TRADE
VIC1,2026/06/05 00:00:00,5459.11,12.05,TRADE
VIC1,2026/06/05 00:05:00,5521.87,10.50,TRADE
VIC1,2026/06/05 00:10:00,5491.43,8.94,TRADE
VIC1,2026/06/05 00:15:00,5471.3,19.18,TRADE
VIC1,2026/06/05 00:20:00,5363.82,12.05,TRADE
VIC1,2026/06/05 00:25:00,5315.42,10.65,TRADE
VIC1,2026/06/05 00:30:00,5337.43,10.50,TRADE
VIC1,2026/06/05 00:35:00,5298.82,19.18,TRADE
VIC1,2026/06/05 00:40:00,5301.26,10.65,TRADE
VIC1,2026/06/05 00:45:00,5251.04,12.98,TRADE
VIC1,2026/06/05 00:50:00,5218.68,19.18,TRADE
VIC1,2026/06/05 00:55:00,5217.62,14.73,TRADE
VIC1,2026/06/05 01:00:00,5161.98,19.18,TRADE
VIC1,2026/06/05 01:05:00,5067.49,19.18,TRADE
VIC1,2026/06/05 01:10:00,5053.09,19.18,TRADE
VIC1,2026/06/05 01:15:00,5084.31,19.18,TRADE
VIC1,2026/06/05 01:20:00,5118.57,22.67,TRADE
VIC1,2026/06/05 01:25:00,5032.82,10.65,TRADE
VIC1,2026/06/05 01:30:00,5050,10.65,TRADE
VIC1,2026/06/05 01:35:00,5001.42,19.18,TRADE
VIC1,2026/06/05 01:40:00,4888.56,10.65,TRADE
VIC1,2026/06/05 01:45:00,4943.49,19.18,TRADE
VIC1,2026/06/05 01:50:00,4937.61,10.65,TRADE
VIC1,2026/06/05 01:55:00,4936.03,12.05,TRADE
VIC1,2026/06/05 02:00:00,4824.25,10.50,TRADE
VIC1,2026/06/05 02:05:00,4810.52,10.50,TRADE
VIC1,2026/06/05 02:10:00,4875.46,10.50,TRADE
VIC1,2026/06/05 02:15:00,4824.17,8.94,TRADE
VIC1,2026/06/05 02:20:00,4759.69,10.50,TRADE
VIC1,2026/06/05 02:25:00,4805.11,10.50,TRADE
VIC1,2026/06/05 02:30:00,4690.22,10.50,TRADE
VIC1,2026/06/05 02:35:00,4713.58,10.50,TRADE
VIC1,2026/06/05 02:40:00,4702.45,10.65,TRADE
VIC1,2026/06/05 02:45:00,4712.72,19.18,TRADE
VIC1,2026/06/05 02:50:00,4716.56,10.65,TRADE
VIC1,2026/06/05 02:55:00,4691.25,10.24,TRADE
VIC1,2026/06/05 03:00:00,4694.97,38.11,TRADE
VIC1,2026/06/05 03:05:00,4691.65,19.18,TRADE
VIC1,2026/06/05 03:10:00,4694.87,10.65,TRADE
VIC1,2026/06/05 03:15:00,4609.91,12.82,TRADE
VIC1,2026/06/05 03:20:00,4600.51,38.50,TRADE
VIC1,2026/06/05 03:25:00,4678.23,32.80,TRADE
VIC1,2026/06/05 03:30:00,4669.83,24.53,TRADE
VIC1,2026/06/05 03:35:00,4622.16,10.65,TRADE
VIC1,2026/06/05 03:40:00,4632.8,22.67,TRADE
VIC1,2026/06/05 03:45:00,4686.93,49.05,TRADE
VIC1,2026/06/05 03:50:00,4714.08,35.94,TRADE
VIC1,2026/06/05 03:55:00,4710.75,48.03,TRADE
VIC1,2026/06/05 04:00:00,4636.19,35.90,TRADE
VIC1,2026/06/05 04:05:00,4650.33,25.34,TRADE
VIC1,2026/06/05 04:10:00,4737.91,35.43,TRADE
VIC1,2026/06/05 04:15:00,4750.68,49.10,TRADE
VIC1,2026/06/05 04:20:00,4692.91,35.94,TRADE
VIC1,2026/06/05 04:25:00,4796.62,50,TRADE
VIC1,2026/06/05 04:30:00,4784.54,35.14,TRADE
VIC1,2026/06/05 04:35:00,4819.07,35.94,TRADE
VIC1,2026/06/05 04:40:00,4825.41,35.94,TRADE
VIC1,2026/06/05 04:45:00,4748.14,33.95,TRADE
VIC1,2026/06/05 04:50:00,4768.32,50.29,TRADE
VIC1,2026/06/05 04:55:00,4872.77,62.44,TRADE
VIC1,2026/06/05 05:00:00,4896.9,48.77,TRADE
VIC1,2026/06/05 05:05:00,4869.69,47.94,TRADE
VIC1,2026/06/05 05:10:00,4982.57,58.34,TRADE
VIC1,2026/06/05 05:15:00,5046.51,65.91,TRADE
VIC1,2026/06/05 05:20:00,5095.46,64.47,TRADE
VIC1,2026/06/05 05:25:00,5117.46,64.47,TRADE
VIC1,2026/06/05 05:30:00,5098.05,68.48,TRADE
VIC1,2026/06/05 05:35:00,5150.76,61.92,TRADE
VIC1,2026/06/05 05:40:00,5324.99,70.92,TRADE
VIC1,2026/06/05 05:45:00,5368.34,64.47,TRADE
VIC1,2026/06/05 05:50:00,5439.32,64.47,TRADE
VIC1,2026/06/05 05:55:00,5497.86,71.35,TRADE
VIC1,2026/06/05 06:00:00,5511.64,75.80,TRADE
VIC1,2026/06/05 06:05:00,5580.08,65.15,TRADE
VIC1,2026/06/05 06:10:00,5637.15,78.57,TRADE
VIC1,2026/06/05 06:15:00,5755.89,78.61,TRADE
VIC1,2026/06/05 06:20:00,5878.83,80.63,TRADE
VIC1,2026/06/05 06:25:00,5935.8,78.36,TRADE
VIC1,2026/06/05 06:30:00,6009.62,78.57,TRADE
VIC1,2026/06/05 06:35:00,6017.38,67.04,TRADE
VIC1,2026/06/05 06:40:00,6103.14,75.29,TRADE
VIC1,2026/06/05 06:45:00,6292.7,78.57,TRADE
VIC1,2026/06/05 06:50:00,6402.4,80.29,TRADE
VIC1,2026/06/05 06:55:00,6497.12,83.43,TRADE
VIC1,2026/06/05 07:00:00,6627.77,84.27,TRADE
VIC1,2026/06/05 07:05:00,6640.59,78.57,TRADE
VIC1,2026/06/05 07:10:00,6364.82,72.43,TRADE
VIC1,2026/06/05 07:15:00,6574.94,74.64,TRADE
VIC1,2026/06/05 07:20:00,6663.03,80.50,TRADE
VIC1,2026/06/05 07:25:00,6709.97,80.50,TRADE
VIC1,2026/06/05 07:30:00,6856.14,78.25,TRADE
VIC1,2026/06/05 07:35:00,6816.38,75.07,TRADE
VIC1,2026/06/05 07:40:00,6927.33,77.80,TRADE
VIC1,2026/06/05 07:45:00,6992.15,78.57,TRADE
VIC1,2026/06/05 07:50:00,7054.86,87.53,TRADE
VIC1,2026/06/05 07:55:00,7105.79,98.08,TRADE
VIC1,2026/06/05 08:00:00,7326.18,95.58,TRADE
VIC1,2026/06/05 08:05:00,7207.05,98.95,TRADE
VIC1,2026/06/05 08:10:00,7349.77,96.29,TRADE
VIC1,2026/06/05 08:15:00,7348.74,94.25,TRADE
VIC1,2026/06/05 08:20:00,7336.32,78.65,TRADE
VIC1,2026/06/05 08:25:00,7443.47,89.59,TRADE
VIC1,2026/06/05 08:30:00,7318.6,93.69,TRADE
VIC1,2026/06/05 08:35:00,7347.61,93.69,TRADE
VIC1,2026/06/05 08:40:00,7353.98,76.85,TRADE
VIC1,2026/06/05 08:45:00,7329.93,78.65,TRADE
VIC1,2026/06/05 08:50:00,7257.77,96.27,TRADE
VIC1,2026/06/05 08:55:00,7170.2,93.69,TRADE
VIC1,2026/06/05 09:00:00,7135.34,74.65,TRADE
VIC1,2026/06/05 09:05:00,7108.85,87.61,TRADE
VIC1,2026/06/05 09:10:00,7081.41,93.69,TRADE
VIC1,2026/06/05 09:15:00,6998.31,78.57,TRADE
VIC1,2026/06/05 09:20:00,7004.77,86.51,TRADE
VIC1,2026/06/05 09:25:00,6966.61,78.57,TRADE
VIC1,2026/06/05 09:30:00,6825.62,75.07,TRADE
VIC1,2026/06/05 09:35:00,6857.97,94.25,TRADE
VIC1,2026/06/05 09:40:00,6830.18,78.57,TRADE
VIC1,2026/06/05 09:45:00,6814.7,94.25,TRADE
VIC1,2026/06/05 09:50:00,6807.05,94.25,TRADE
VIC1,2026/06/05 09:55:00,6652.21,93.69,TRADE
VIC1,2026/06/05 10:00:00,6706.04,96.73,TRADE
VIC1,2026/06/05 10:05:00,6677.9,113.05,TRADE
VIC1,2026/06/05 10:10:00,6622.93,100.79,TRADE
VIC1,2026/06/05 10:15:00,6573.61,113.29,TRADE
VIC1,2026/06/05 10:20:00,6504.37,96.77,TRADE
VIC1,2026/06/05 10:25:00,6212.54,45.69,TRADE
VIC1,2026/06/05 10:30:00,6165.57,55.51,TRADE
VIC1,2026/06/05 10:35:00,6040.44,68.19,TRADE
VIC1,2026/06/05 10:40:00,6082.23,80.67,TRADE
VIC1,2026/06/05 10:45:00,5987.98,70.72,TRADE
VIC1,2026/06/05 10:50:00,5908.33,56.22,TRADE
VIC1,2026/06/05 10:55:00,6052.65,89.59,TRADE
VIC1,2026/06/05 11:00:00,6017.86,89.20,TRADE
VIC1,2026/06/05 11:05:00,5935.57,69.98,TRADE
VIC1,2026/06/05 11:10:00,6036.78,81.88,TRADE
VIC1,2026/06/05 11:15:00,6049.36,74.27,TRADE
VIC1,2026/06/05 11:20:00,6012.24,71.38,TRADE
VIC1,2026/06/05 11:25:00,5986.33,68.61,TRADE
VIC1,2026/06/05 11:30:00,5934.97,68.15,TRADE
VIC1,2026/06/05 11:35:00,5849.77,67.84,TRADE
VIC1,2026/06/05 11:40:00,5835.45,66.11,TRADE
VIC1,2026/06/05 11:45:00,5781.91,56.35,TRADE
VIC1,2026/06/05 11:50:00,5712.74,57.42,TRADE
VIC1,2026/06/05 11:55:00,5653.09,63.03,TRADE
VIC1,2026/06/05 12:00:00,5544.54,55.30,TRADE
VIC1,2026/06/05 12:05:00,5494.41,67.21,TRADE
VIC1,2026/06/05 12:10:00,5438.73,71.88,TRADE
VIC1,2026/06/05 12:15:00,5356.83,55.35,TRADE
VIC1,2026/06/05 12:20:00,5425.39,51.67,TRADE
VIC1,2026/06/05 12:25:00,5432.22,56.52,TRADE
VIC1,2026/06/05 12:30:00,5399.97,64.43,TRADE
VIC1,2026/06/05 12:35:00,5298.8,65.43,TRADE
VIC1,2026/06/05 12:40:00,5291.35,64.66,TRADE
VIC1,2026/06/05 12:45:00,5276.24,64.14,TRADE
VIC1,2026/06/05 12:50:00,5264.87,64.85,TRADE
VIC1,2026/06/05 12:55:00,5231.79,70.40,TRADE
VIC1,2026/06/05 13:00:00,5182.46,66.07,TRADE
VIC1,2026/06/05 13:05:00,5222.82,65.43,TRADE
VIC1,2026/06/05 13:10:00,5285.05,72.75,TRADE
VIC1,2026/06/05 13:15:00,5312.21,72.75,TRADE
VIC1,2026/06/05 13:20:00,5400.36,72.75,TRADE
VIC1,2026/06/05 13:25:00,5449.74,72.75,TRADE
VIC1,2026/06/05 13:30:00,5491.7,67.31,TRADE
VIC1,2026/06/05 13:35:00,5530.06,71.08,TRADE
VIC1,2026/06/05 13:40:00,5585.14,67.88,TRADE
VIC1,2026/06/05 13:45:00,5614.92,69.42,TRADE
VIC1,2026/06/05 13:50:00,5645.23,69.46,TRADE
VIC1,2026/06/05 13:55:00,5654.03,71.02,TRADE
VIC1,2026/06/05 14:00:00,5645.93,74.27,TRADE
VIC1,2026/06/05 14:05:00,5564.79,74.27,TRADE
VIC1,2026/06/05 14:10:00,5476.64,69.35,TRADE
VIC1,2026/06/05 14:15:00,5461.01,69.79,TRADE
VIC1,2026/06/05 14:20:00,5468.37,72.75,TRADE
VIC1,2026/06/05 14:25:00,5401.49,69.84,TRADE
VIC1,2026/06/05 14:30:00,5411.43,68.38,TRADE
VIC1,2026/06/05 14:35:00,5414.74,60.31,TRADE
VIC1,2026/06/05 14:40:00,5483.67,60.44,TRADE
VIC1,2026/06/05 14:45:00,5470.27,58.66,TRADE
VIC1,2026/06/05 14:50:00,5470.34,53.75,TRADE
VIC1,2026/06/05 14:55:00,5596.22,52.79,TRADE
VIC1,2026/06/05 15:00:00,5643.82,52.22,TRADE
VIC1,2026/06/05 15:05:00,5653.74,52.77,TRADE
VIC1,2026/06/05 15:10:00,5676.6,60.70,TRADE
VIC1,2026/06/05 15:15:00,5704.75,60.48,TRADE
VIC1,2026/06/05 15:20:00,5802.29,51.67,TRADE
VIC1,2026/06/05 15:25:00,5856.28,42.12,TRADE
VIC1,2026/06/05 15:30:00,6030.84,65.27,TRADE
VIC1,2026/06/05 15:35:00,6084.24,65.31,TRADE
VIC1,2026/06/05 15:40:00,6060.76,61.61,TRADE
VIC1,2026/06/05 15:45:00,6227.44,65.84,TRADE
VIC1,2026/06/05 15:50:00,6255.15,66.28,TRADE
VIC1,2026/06/05 15:55:00,6356.31,66.67,TRADE
VIC1,2026/06/05 16:00:00,6436.3,67.22,TRADE
VIC1,2026/06/05 16:05:00,6526.94,66.72,TRADE
VIC1,2026/06/05 16:10:00,6587.25,80.50,TRADE
VIC1,2026/06/05 16:15:00,6566.99,80.50,TRADE
VIC1,2026/06/05 16:20:00,6656.78,94.15,TRADE
VIC1,2026/06/05 16:25:00,6710.02,94.53,TRADE
VIC1,2026/06/05 16:30:00,6813.31,109.27,TRADE
VIC1,2026/06/05 16:35:00,6801.59,90.54,TRADE
VIC1,2026/06/05 16:40:00,6908.1,93.69,TRADE
VIC1,2026/06/05 16:45:00,7008.44,98.13,TRADE
VIC1,2026/06/05 16:50:00,6961.44,96.35,TRADE
VIC1,2026/06/05 16:55:00,7044.48,98.64,TRADE
VIC1,2026/06/05 17:00:00,7107.33,109.20,TRADE
VIC1,2026/06/05 17:05:00,7244.3,97.25,TRADE
VIC1,2026/06/05 17:10:00,7293.86,93.69,TRADE
VIC1,2026/06/05 17:15:00,7290.11,93.69,TRADE
VIC1,2026/06/05 17:20:00,7442.87,99.93,TRADE
VIC1,2026/06/05 17:25:00,7451.49,95.01,TRADE
VIC1,2026/06/05 17:30:00,7490.71,93.69,TRADE
VIC1,2026/06/05 17:35:00,7583.73,93.69,TRADE
VIC1,2026/06/05 17:40:00,7521.35,93.69,TRADE
VIC1,2026/06/05 17:45:00,7577.96,84.29,TRADE
VIC1,2026/06/05 17:50:00,7583.07,89.91,TRADE
VIC1,2026/06/05 17:55:00,7591.48,93.69,TRADE
VIC1,2026/06/05 18:00:00,7587.78,87.45,TRADE
VIC1,2026/06/05 18:05:00,7583.12,81.21,TRADE
VIC1,2026/06/05 18:10:00,7577.81,88.86,TRADE
VIC1,2026/06/05 18:15:00,7533.38,90.21,TRADE
VIC1,2026/06/05 18:20:00,7465.66,90.50,TRADE
VIC1,2026/06/05 18:25:00,7432.12,85.72,TRADE
VIC1,2026/06/05 18:30:00,7409.23,81.47,TRADE
VIC1,2026/06/05 18:35:00,7383.22,85.61,TRADE
VIC1,2026/06/05 18:40:00,7336.49,80.50,TRADE
VIC1,2026/06/05 18:45:00,7418.23,86.77,TRADE
VIC1,2026/06/05 18:50:00,7404.35,78.78,TRADE
VIC1,2026/06/05 18:55:00,7397.28,88.04,TRADE
VIC1,2026/06/05 19:00:00,7384.98,80.98,TRADE
VIC1,2026/06/05 19:05:00,7300.53,87.59,TRADE
VIC1,2026/06/05 19:10:00,7228.56,80.50,TRADE
VIC1,2026/06/05 19:15:00,7243.78,80.50,TRADE
VIC1,2026/06/05 19:20:00,7302.02,81.09,TRADE
VIC1,2026/06/05 19:25:00,7232.73,78.69,TRADE
VIC1,2026/06/05 19:30:00,7198.84,80.50,TRADE
VIC1,2026/06/05 19:35:00,7239.59,86.94,TRADE
VIC1,2026/06/05 19:40:00,7126.92,78.25,TRADE
VIC1,2026/06/05 19:45:00,7143.16,76.67,TRADE
VIC1,2026/06/05 19:50:00,7165.06,80.50,TRADE
VIC1,2026/06/05 19:55:00,7146.49,78.25,TRADE
VIC1,2026/06/05 20:00:00,7027.52,77.18,TRADE
VIC1,2026/06/05 20:05:00,7000.61,75.07,TRADE
VIC1,2026/06/05 20:10:00,6993.06,77.02,TRADE
VIC1,2026/06/05 20:15:00,6953.27,75.07,TRADE
VIC1,2026/06/05 20:20:00,7012.17,75.20,TRADE
VIC1,2026/06/05 20:25:00,7000.58,79.10,TRADE
VIC1,2026/06/05 20:30:00,6986.5,75.07,TRADE
VIC1,2026/06/05 20:35:00,6974.44,70.92,TRADE
VIC1,2026/06/05 20:40:00,6855.7,78.37,TRADE
VIC1,2026/06/05 20:45:00,6823.73,74.64,TRADE
VIC1,2026/06/05 20:50:00,6863.88,66.61,TRADE
VIC1,2026/06/05 20:55:00,6849.83,78.95,TRADE
VIC1,2026/06/05 21:00:00,6720.81,62.50,TRADE
VIC1,2026/06/05 21:05:00,6776.66,65.40,TRADE
VIC1,2026/06/05 21:10:00,6748.75,76.53,TRADE
VIC1,2026/06/05 21:15:00,6738.7,65.22,TRADE
VIC1,2026/06/05 21:20:00,6585.6,66.63,TRADE
VIC1,2026/06/05 21:25:00,6576.65,67.54,TRADE
VIC1,2026/06/05 21:30:00,6594.89,63.57,TRADE
VIC1,2026/06/05 21:35:00,6479.5,62.86,TRADE
VIC1,2026/06/05 21:40:00,6450.15,67.75,TRADE
VIC1,2026/06/05 21:45:00,6394.88,62.36,TRADE
VIC1,2026/06/05 21:50:00,6427.61,62.98,TRADE
VIC1,2026/06/05 21:55:00,6376.79,62.40,TRADE
VIC1,2026/06/05 22:00:00,6355.1,61.86,TRADE
VIC1,2026/06/05 22:05:00,6281.44,63.81,TRADE
VIC1,2026/06/05 22:10:00,6256.67,67.73,TRADE
VIC1,2026/06/05 22:15:00,6248.06,80.50,TRADE
VIC1,2026/06/05 22:20:00,6193.02,66.18,TRADE
VIC1,2026/06/05 22:25:00,6116.72,66.34,TRADE
VIC1,2026/06/05 22:30:00,6069.23,66.48,TRADE
VIC1,2026/06/05 22:35:00,6048.06,65.96,TRADE
VIC1,2026/06/05 22:40:00,5980.53,64.94,TRADE
VIC1,2026/06/05 22:45:00,5971.71,65.09,TRADE
VIC1,2026/06/05 22:50:00,5881.04,63.71,TRADE
VIC1,2026/06/05 22:55:00,5847.21,58.74,TRADE
VIC1,2026/06/05 23:00:00,5832.34,58.82,TRADE
VIC1,2026/06/05 23:05:00,5722.95,60.44,TRADE
VIC1,2026/06/05 23:10:00,5811.79,72.75,TRADE
VIC1,2026/06/05 23:15:00,5872.2,64.80,TRADE
VIC1,2026/06/05 23:20:00,5883.44,65.26,TRADE
VIC1,2026/06/05 23:25:00,5887.96,62.27,TRADE
VIC1,2026/06/05 23:30:00,5817.83,61.23,TRADE
VIC1,2026/06/05 23:35:00,5885.34,65.03,TRADE
VIC1,2026/06/05 23:40:00,5826.23,70.16,TRADE
VIC1,2026/06/05 23:45:00,5794.76,68.49,TRADE
VIC1,2026/06/05 23:50:00,5746.8,67.90,TRADE
VIC1,2026/06/05 23:55:00,5655.7,12.67,TRADE
VIC1,2026/06/06 00:00:00,5644.82,48.68,TRADE
VIC1,2026/06/06 00:05:00,5625.34,33.68,TRADE
VIC1,2026/06/06 00:10:00,5592.03,35.94,TRADE
VIC1,2026/06/06 00:15:00,5599.8,63.73,TRADE
VIC1,2026/06/06 00:20:00,5514.58,33.63,TRADE
VIC1,2026/06/06 00:25:00,5482.29,22.67,TRADE
VIC1,2026/06/06 00:30:00,5462.4,61.84,TRADE
VIC1,2026/06/06 00:35:00,5346.88,43.19,TRADE
VIC1,2026/06/06 00:40:00,5322.47,43.19,TRADE
VIC1,2026/06/06 00:45:00,5340.59,33.68,TRADE
VIC1,2026/06/06 00:50:00,5311.54,35.65,TRADE
VIC1,2026/06/06 00:55:00,5297.52,27.12,TRADE
VIC1,2026/06/06 01:00:00,5260.54,27.12,TRADE
VIC1,2026/06/06 01:05:00,5243.95,35.94,TRADE
VIC1,2026/06/06 01:10:00,5222.84,27.12,TRADE
VIC1,2026/06/06 01:15:00,5200.92,33.68,TRADE
VIC1,2026/06/06 01:20:00,5085.94,17.98,TRADE
VIC1,2026/06/06 01:25:00,5091.03,43.19,TRADE
VIC1,2026/06/06 01:30:00,5133.91,48.68,TRADE
VIC1,2026/06/06 01:35:00,5116.51,35.94,TRADE
VIC1,2026/06/06 01:40:00,5024.37,-0.05,TRADE
VIC1,2026/06/06 01:45:00,4955.8,15.06,TRADE
VIC1,2026/06/06 01:50:00,5024.47,43.19,TRADE
VIC1,2026/06/06 01:55:00,4932.65,23.88,TRADE
VIC1,2026/06/06 02:00:00,4957.48,27.12,TRADE
VIC1,2026/06/06 02:05:00,4933.87,35.94,TRADE
VIC1,2026/06/06 02:10:00,4900.75,33.68,TRADE
VIC1,2026/06/06 02:15:00,4783.4,33.68,TRADE
VIC1,2026/06/06 02:20:00,4806.36,27.12,TRADE
VIC1,2026/06/06 02:25:00,4803.44,33.68,TRADE
VIC1,2026/06/06 02:30:00,4760.01,34.39,TRADE
VIC1,2026/06/06 02:35:00,4801.05,19.18,TRADE
VIC1,2026/06/06 02:40:00,4796.01,27.12,TRADE
VIC1,2026/06/06 02:45:00,4763.44,27.12,TRADE
VIC1,2026/06/06 02:50:00,4763.97,19.18,TRADE
VIC1,2026/06/06 02:55:00,4717.54,35.94,TRADE
VIC1,2026/06/06 03:00:00,4685.63,15.06,TRADE
VIC1,2026/06/06 03:05:00,4668.11,10.65,TRADE
VIC1,2026/06/06 03:10:00,4711.31,27.12,TRADE
VIC1,2026/06/06 03:15:00,4639.74,15.06,TRADE
VIC1,2026/06/06 03:20:00,4748.08,19.18,TRADE
VIC1,2026/06/06 03:25:00,4727.23,15.06,TRADE
VIC1,2026/06/06 03:30:00,4702.82,15.06,TRADE
VIC1,2026/06/06 03:35:00,4697.05,22.67,TRADE
VIC1,2026/06/06 03:40:00,4700.85,19.18,TRADE
VIC1,2026/06/06 03:45:00,4678.63,19.18,TRADE
VIC1,2026/06/06 03:50:00,4698.84,19.18,TRADE
VIC1,2026/06/06 03:55:00,4580.09,27.11,TRADE
VIC1,2026/06/06 04:00:00,4592.06,15.06,TRADE
VIC1,2026/06/06 04:05:00,4636.66,25.31,TRADE
VIC1,2026/06/06 04:10:00,4629.88,27.12,TRADE
VIC1,2026/06/06 04:15:00,4627.9,27.12,TRADE
VIC1,2026/06/06 04:20:00,4654.16,35.94,TRADE
VIC1,2026/06/06 04:25:00,4666.63,51.67,TRADE
VIC1,2026/06/06 04:30:00,4671.89,15.06,TRADE
VIC1,2026/06/06 04:35:00,4628.07,27.12,TRADE
VIC1,2026/06/06 04:40:00,4594.72,15.66,TRADE
VIC1,2026/06/06 04:45:00,4656.11,19.18,TRADE
VIC1,2026/06/06 04:50:00,4638.81,19.18,TRADE
VIC1,2026/06/06 04:55:00,4563.92,19.18,TRADE
VIC1,2026/06/06 05:00:00,4651.74,19.18,TRADE
VIC1,2026/06/06 05:05:00,4691.52,27.12,TRADE
VIC1,2026/06/06 05:10:00,4714.87,35.94,TRADE
VIC1,2026/06/06 05:15:00,4745.88,51.67,TRADE
VIC1,2026/06/06 05:20:00,4752.62,51.67,TRADE
VIC1,2026/06/06 05:25:00,4764.79,35.94,TRADE
VIC1,2026/06/06 05:30:00,4663.19,12.67,TRADE
VIC1,2026/06/06 05:35:00,4742.17,35.94,TRADE
VIC1,2026/06/06 05:40:00,4786.25,68.23,TRADE
VIC1,2026/06/06 05:45:00,4775.09,35.94,TRADE
VIC1,2026/06/06 05:50:00,4888.42,50.94,TRADE
VIC1,2026/06/06 05:55:00,4912.18,75.34,TRADE
VIC1,2026/06/06 06:00:00,4947.19,75.67,TRADE
VIC1,2026/06/06 06:05:00,4918.27,50.94,TRADE
VIC1,2026/06/06 06:10:00,4918.26,50.94,TRADE
VIC1,2026/06/06 06:15:00,4903.55,49.54,TRADE
VIC1,2026/06/06 06:20:00,5022.04,50.94,TRADE
VIC1,2026/06/06 06:25:00,5089.6,77.11,TRADE
VIC1,2026/06/06 06:30:00,5067.83,75.67,TRADE
VIC1,2026/06/06 06:35:00,5157.17,37.79,TRADE
VIC1,2026/06/06 06:40:00,5168.24,50.94,TRADE
VIC1,2026/06/06 06:45:00,5215.39,50.94,TRADE
VIC1,2026/06/06 06:50:00,5188.78,64.69,TRADE
VIC1,2026/06/06 06:55:00,5224.14,64.69,TRADE
VIC1,2026/06/06 07:00:00,5270.83,64.69,TRADE
VIC1,2026/06/06 07:05:00,5383.76,64.69,TRADE
VIC1,2026/06/06 07:10:00,5375.63,64.69,TRADE
VIC1,2026/06/06 07:15:00,5466.88,84.70,TRADE
VIC1,2026/06/06 07:20:00,5506.35,84.12,TRADE
VIC1,2026/06/06 07:25:00,5554.56,80.50,TRADE
VIC1,2026/06/06 07:30:00,5563.85,78.25,TRADE
VIC1,2026/06/06 07:35:00,5562.83,78.22,TRADE
VIC1,2026/06/06 07:40:00,5578.04,73.97,TRADE
VIC1,2026/06/06 07:45:00,5745.34,80.50,TRADE
VIC1,2026/06/06 07:50:00,5763.2,64.69,TRADE
VIC1,2026/06/06 07:55:00,5768.59,64.69,TRADE
VIC1,2026/06/06 08:00:00,5865.82,64.69,TRADE
VIC1,2026/06/06 08:05:00,5876.93,64.69,TRADE
VIC1,2026/06/06 08:10:00,5926.24,64.69,TRADE
VIC1,2026/06/06 08:15:00,5966.21,64.38,TRADE
VIC1,2026/06/06 08:20:00,5898.2,60,TRADE
VIC1,2026/06/06 08:25:00,5920.97,62.56,TRADE
VIC1,2026/06/06 08:30:00,5906.49,44.19,TRADE
VIC1,2026/06/06 08:35:00,5990.4,50.96,TRADE
VIC1,2026/06/06 08:40:00,5963.42,54.48,TRADE
VIC1,2026/06/06 08:45:00,5982.14,38,TRADE
VIC1,2026/06/06 08:50:00,5961.12,38,TRADE
VIC1,2026/06/06 08:55:00,5956.69,38,TRADE
VIC1,2026/06/06 09:00:00,5966.06,38,TRADE
VIC1,2026/06/06 09:05:00,5967.48,38,TRADE
VIC1,2026/06/06 09:10:00,5902.19,38,TRADE
VIC1,2026/06/06 09:15:00,5875.57,39.96,TRADE
VIC1,2026/06/06 09:20:00,5788.54,38,TRADE
VIC1,2026/06/06 09:25:00,5803.05,27.05,TRADE
VIC1,2026/06/06 09:30:00,5797.5,27.06,TRADE
VIC1,2026/06/06 09:35:00,5732.88,36.86,TRADE
VIC1,2026/06/06 09:40:00,5657.08,40,TRADE
VIC1,2026/06/06 09:45:00,5671.48,40.02,TRADE
VIC1,2026/06/06 09:50:00,5559.77,39.70,TRADE
VIC1,2026/06/06 09:55:00,5513.18,34.10,TRADE
VIC1,2026/06/06 10:00:00,5454.52,26.62,TRADE
VIC1,2026/06/06 10:05:00,5495.32,27.36,TRADE
VIC1,2026/06/06 10:10:00,5489.99,40.31,TRADE
VIC1,2026/06/06 10:15:00,5460.4,39.74,TRADE
VIC1,2026/06/06 10:20:00,5428.17,24.67,TRADE
VIC1,2026/06/06 10:25:00,5409.36,27.12,TRADE
VIC1,2026/06/06 10:30:00,5283.48,23.01,TRADE
VIC1,2026/06/06 10:35:00,5304.72,23.83,TRADE
VIC1,2026/06/06 10:40:00,5307.89,35.94,TRADE
VIC1,2026/06/06 10:45:00,5227.25,35.94,TRADE
VIC1,2026/06/06 10:50:00,5268.99,13.88,TRADE
VIC1,2026/06/06 10:55:00,5297.59,28.49,TRADE
VIC1,2026/06/06 11:00:00,5258.69,28.43,TRADE
VIC1,2026/06/06 11:05:00,5276.37,28.45,TRADE
VIC1,2026/06/06 11:10:00,5391.8,40.03,TRADE
VIC1,2026/06/06 11:15:00,5394.13,35.94,TRADE
VIC1,2026/06/06 11:20:00,5403.65,28.99,TRADE
VIC1,2026/06/06 11:25:00,5403.8,24.04,TRADE
VIC1,2026/06/06 11:30:00,5318.02,33.68,TRADE
VIC1,2026/06/06 11:35:00,5303.15,33.50,TRADE
VIC1,2026/06/06 11:40:00,5287.78,28.39,TRADE
VIC1,2026/06/06 11:45:00,5230.16,33.50,TRADE
VIC1,2026/06/06 11:50:00,5237.51,35.97,TRADE
VIC1,2026/06/06 11:55:00,5246.39,33.50,TRADE
VIC1,2026/06/06 12:00:00,5181.38,23.99,TRADE
VIC1,2026/06/06 12:05:00,5199.69,24.72,TRADE
VIC1,2026/06/06 12:10:00,5170.41,33.68,TRADE
VIC1,2026/06/06 12:15:00,5164.33,35.97,TRADE
VIC1,2026/06/06 12:20:00,5091.25,33.50,TRADE
VIC1,2026/06/06 12:25:00,5106.06,35.94,TRADE
VIC1,2026/06/06 12:30:00,5122.57,25.10,TRADE
VIC1,2026/06/06 12:35:00,5149.39,35.84,TRADE
VIC1,2026/06/06 12:40:00,5130.72,35.94,TRADE
VIC1,2026/06/06 12:45:00,5197.7,43.19,TRADE
VIC1,2026/06/06 12:50:00,5200.92,43.19,TRADE
VIC1,2026/06/06 12:55:00,5189.74,35.97,TRADE
VIC1,2026/06/06 13:00:00,5218.35,43.19,TRADE
VIC1,2026/06/06 13:05:00,5245.27,33.50,TRADE
VIC1,2026/06/06 13:10:00,5234.21,35.97,TRADE
VIC1,2026/06/06 13:15:00,5212.28,43.19,TRADE
VIC1,2026/06/06 13:20:00,5125.75,35.97,TRADE
VIC1,2026/06/06 13:25:00,5065.97,43.09,TRADE
VIC1,2026/06/06 13:30:00,5029.68,35.97,TRADE
VIC1,2026/06/06 13:35:00,4975.31,39.13,TRADE
VIC1,2026/06/06 13:40:00,5055.28,43.19,TRADE
VIC1,2026/06/06 13:45:00,5072.33,51.67,TRADE
VIC1,2026/06/06 13:50:00,5079.87,50,TRADE
VIC1,2026/06/06 13:55:00,5033.1,50,TRADE
VIC1,2026/06/06 14:00:00,5094.5,43.15,TRADE
VIC1,2026/06/06 14:05:00,4988.23,48.25,TRADE
VIC1,2026/06/06 14:10:00,4926.92,41.64,TRADE
VIC1,2026/06/06 14:15:00,5039.82,40.69,TRADE
VIC1,2026/06/06 14:20:00,5000.41,41.34,TRADE
VIC1,2026/06/06 14:25:00,5016.24,42.84,TRADE
VIC1,2026/06/06 14:30:00,5066.82,40.53,TRADE
VIC1,2026/06/06 14:35:00,5062.08,40.50,TRADE
VIC1,2026/06/06 14:40:00,5092.95,41.38,TRADE
VIC1,2026/06/06 14:45:00,5064.46,38.97,TRADE
VIC1,2026/06/06 14:50:00,5081.43,40.21,TRADE
VIC1,2026/06/06 14:55:00,5085.92,39.30,TRADE
VIC1,2026/06/06 15:00:00,5088.45,45.19,TRADE
VIC1,2026/06/06 15:05:00,5123.62,36.94,TRADE
VIC1,2026/06/06 15:10:00,5170.57,22.99,TRADE
VIC1,2026/06/06 15:15:00,5118.38,22.66,TRADE
VIC1,2026/06/06 15:20:00,5243.74,36.40,TRADE
VIC1,2026/06/06 15:25:00,5302.83,38,TRADE
VIC1,2026/06/06 15:30:00,5358.6,54.74,TRADE
VIC1,2026/06/06 15:35:00,5385.29,43.19,TRADE
VIC1,2026/06/06 15:40:00,5415.84,62.73,TRADE
VIC1,2026/06/06 15:45:00,5428.63,63.53,TRADE
VIC1,2026/06/06 15:50:00,5569.68,80.50,TRADE
VIC1,2026/06/06 15:55:00,5592.41,84.60,TRADE
VIC1,2026/06/06 16:00:00,5570.83,87.17,TRADE
VIC1,2026/06/06 16:05:00,5721.88,93.26,TRADE
VIC1,2026/06/06 16:10:00,5735.76,92.41,TRADE
VIC1,2026/06/06 16:15:00,5802.68,110.50,TRADE
VIC1,2026/06/06 16:20:00,5850.17,110.50,TRADE
VIC1,2026/06/06 16:25:00,5860.88,110.50,TRADE
VIC1,2026/06/06 16:30:00,5920.97,115.66,TRADE
VIC1,2026/06/06 16:35:00,6032.62,97.25,TRADE
VIC1,2026/06/06 16:40:00,6109.26,100.01,TRADE
VIC1,2026/06/06 16:45:00,6119.68,108.81,TRADE
VIC1,2026/06/06 16:50:00,6279.84,110.50,TRADE
VIC1,2026/06/06 16:55:00,6293.86,110.50,TRADE
VIC1,2026/06/06 17:00:00,6366.25,116.13,TRADE
VIC1,2026/06/06 17:05:00,6404.78,104,TRADE
VIC1,2026/06/06 17:10:00,6487.34,97.25,TRADE
VIC1,2026/06/06 17:15:00,6459.1,97.71,TRADE
VIC1,2026/06/06 17:20:00,6584.21,110.50,TRADE
VIC1,2026/06/06 17:25:00,6653.2,110.50,TRADE
VIC1,2026/06/06 17:30:00,6652.55,110.50,TRADE
VIC1,2026/06/06 17:35:00,6766.2,109.19,TRADE
VIC1,2026/06/06 17:40:00,6835.07,110.50,TRADE
VIC1,2026/06/06 17:45:00,6863.31,106.19,TRADE
VIC1,2026/06/06 17:50:00,6894.41,103.65,TRADE
VIC1,2026/06/06 17:55:00,6848.39,105.89,TRADE
VIC1,2026/06/06 18:00:00,6832.62,110.50,TRADE
VIC1,2026/06/06 18:05:00,6878.59,110.50,TRADE
VIC1,2026/06/06 18:10:00,6822.4,97.25,TRADE
VIC1,2026/06/06 18:15:00,6779.75,98.78,TRADE
VIC1,2026/06/06 18:20:00,6869.09,110.50,TRADE
VIC1,2026/06/06 18:25:00,6805.09,105.89,TRADE
VIC1,2026/06/06 18:30:00,6819.15,107.19,TRADE
VIC1,2026/06/06 18:35:00,6798.61,110.50,TRADE
VIC1,2026/06/06 18:40:00,6706.78,104.55,TRADE
VIC1,2026/06/06 18:45:00,6768.66,110.50,TRADE
VIC1,2026/06/06 18:50:00,6695.75,103.74,TRADE
VIC1,2026/06/06 18:55:00,6694.85,97.25,TRADE
VIC1,2026/06/06 19:00:00,6709.29,105,TRADE
VIC1,2026/06/06 19:05:00,6684.96,105.31,TRADE
VIC1,2026/06/06 19:10:00,6657.98,101.67,TRADE
VIC1,2026/06/06 19:15:00,6604.18,100.52,TRADE
VIC1,2026/06/06 19:20:00,6624.19,97.25,TRADE
VIC1,2026/06/06 19:25:00,6477.34,94.25,TRADE
VIC1,2026/06/06 19:30:00,6497.11,97.25,TRADE
VIC1,2026/06/06 19:35:00,6538.25,97.25,TRADE
VIC1,2026/06/06 19:40:00,6451.85,95.45,TRADE
VIC1,2026/06/06 19:45:00,6503.63,99.73,TRADE
VIC1,2026/06/06 19:50:00,6400.49,91.70,TRADE
VIC1,2026/06/06 19:55:00,6478.87,97.25,TRADE
VIC1,2026/06/06 20:00:00,6444.64,93.30,TRADE
VIC1,2026/06/06 20:05:00,6419.81,107.29,TRADE
VIC1,2026/06/06 20:10:00,6418.39,97.25,TRADE
VIC1,2026/06/06 20:15:00,6291.93,94.25,TRADE
VIC1,2026/06/06 20:20:00,6315.16,97.53,TRADE
VIC1,2026/06/06 20:25:00,6284.08,104.02,TRADE
VIC1,2026/06/06 20:30:00,6320.39,94.25,TRADE
VIC1,2026/06/06 20:35:00,6283.51,98.17,TRADE
VIC1,2026/06/06 20:40:00,6222.75,97.25,TRADE
VIC1,2026/06/06 20:45:00,6163.84,97.25,TRADE
VIC1,2026/06/06 20:50:00,6163.14,98.77,TRADE
VIC1,2026/06/06 20:55:00,6160.31,97.43,TRADE
VIC1,2026/06/06 21:00:00,6158.72,95.79,TRADE
VIC1,2026/06/06 21:05:00,6113.65,99.18,TRADE
VIC1,2026/06/06 21:10:00,6184.15,107.39,TRADE
VIC1,2026/06/06 21:15:00,6174.97,106.33,TRADE
VIC1,2026/06/06 21:20:00,6173.72,105,TRADE
VIC1,2026/06/06 21:25:00,6106.67,103.81,TRADE
VIC1,2026/06/06 21:30:00,6061.42,110.50,TRADE
VIC1,2026/06/06 21:35:00,6017.07,100.99,TRADE
VIC1,2026/06/06 21:40:00,6039.74,110.50,TRADE
VIC1,2026/06/06 21:45:00,6040.99,114.96,TRADE
VIC1,2026/06/06 21:50:00,5951.59,109.55,TRADE
VIC1,2026/06/06 21:55:00,5962.97,110.49,TRADE
VIC1,2026/06/06 22:00:00,5945.46,104.34,TRADE
VIC1,2026/06/06 22:05:00,5915.16,110.50,TRADE
VIC1,2026/06/06 22:10:00,5891.24,110.50,TRADE
VIC1,2026/06/06 22:15:00,5800.83,112.66,TRADE
VIC1,2026/06/06 22:20:00,5857.57,110.50,TRADE
VIC1,2026/06/06 22:25:00,5834.11,110.50,TRADE
VIC1,2026/06/06 22:30:00,5730.2,110.67,TRADE
VIC1,2026/06/06 22:35:00,5747.68,94.81,TRADE
VIC1,2026/06/06 22:40:00,5718.84,102.12,TRADE
VIC1,2026/06/06 22:45:00,5699.07,110.50,TRADE
VIC1,2026/06/06 22:50:00,5663.33,110.50,TRADE
VIC1,2026/06/06 22:55:00,5574.82,91.92,TRADE
VIC1,2026/06/06 23:00:00,5587.17,86.83,TRADE
VIC1,2026/06/06 23:05:00,5548.29,90.54,TRADE
VIC1,2026/06/06 23:10:00,5699.94,107,TRADE
VIC1,2026/06/06 23:15:00,5744.13,108.13,TRADE
VIC1,2026/06/06 23:20:00,5761.41,93.79,TRADE
VIC1,2026/06/06 23:25:00,5730.33,92.68,TRADE
VIC1,2026/06/06 23:30:00,5716.4,88.41,TRADE
VIC1,2026/06/06 23:35:00,5701.53,90.26,TRADE
VIC1,2026/06/06 23:40:00,5595.67,85.55,TRADE
VIC1,2026/06/06 23:45:00,5623.85,81.32,TRADE
VIC1,2026/06/06 23:50:00,5572.95,81.53,TRADE
VIC1,2026/06/06 23:55:00,5557.38,80.58,TRADE
VIC1,2026/06/07 00:00:00,5513.86,81.19,TRADE
VIC1,2026/06/07 00:05:00,5487,87.76,TRADE
VIC1,2026/06/07 00:10:00,5489.11,88.88,TRADE
VIC1,2026/06/07 00:15:00,5476.89,89.33,TRADE
VIC1,2026/06/07 00:20:00,5404.33,89.85,TRADE
VIC1,2026/06/07 00:25:00,5344.54,88.95,TRADE
VIC1,2026/06/07 00:30:00,5379.99,90,TRADE
VIC1,2026/06/07 00:35:00,5362.97,89.65,TRADE
VIC1,2026/06/07 00:40:00,5340.49,89.13,TRADE
VIC1,2026/06/07 00:45:00,5301.54,85.99,TRADE
VIC1,2026/06/07 00:50:00,5286.99,89.26,TRADE
VIC1,2026/06/07 00:55:00,5261.31,87.70,TRADE
VIC1,2026/06/07 01:00:00,5166.66,80.50,TRADE
VIC1,2026/06/07 01:05:00,5128.99,88.88,TRADE
VIC1,2026/06/07 01:10:00,5102.33,90.39,TRADE
VIC1,2026/06/07 01:15:00,5115.2,92.29,TRADE
VIC1,2026/06/07 01:20:00,5117.33,89.43,TRADE
VIC1,2026/06/07 01:25:00,5013.79,88.65,TRADE
VIC1,2026/06/07 01:30:00,5082.64,87.98,TRADE
VIC1,2026/06/07 01:35:00,5026.88,87.35,TRADE
VIC1,2026/06/07 01:40:00,5011.78,84.86,TRADE
VIC1,2026/06/07 01:45:00,4977.54,82.87,TRADE
VIC1,2026/06/07 01:50:00,4892.75,80.50,TRADE
VIC1,2026/06/07 01:55:00,4933.06,83.17,TRADE
VIC1,2026/06/07 02:00:00,4876.89,76.66,TRADE
VIC1,2026/06/07 02:05:00,4823.47,79.39,TRADE
VIC1,2026/06/07 02:10:00,4903.57,81.88,TRADE
VIC1,2026/06/07 02:15:00,4864.38,81.86,TRADE
VIC1,2026/06/07 02:20:00,4835.97,80.50,TRADE
VIC1,2026/06/07 02:25:00,4809.61,80.50,TRADE
VIC1,2026/06/07 02:30:00,4703.95,76.66,TRADE
VIC1,2026/06/07 02:35:00,4687.03,76.16,TRADE
VIC1,2026/06/07 02:40:00,4745.14,80.50,TRADE
VIC1,2026/06/07 02:45:00,4742.11,80.50,TRADE
VIC1,2026/06/07 02:50:00,4646.6,72.12,TRADE
VIC1,2026/06/07 02:55:00,4730.94,80.50,TRADE
VIC1,2026/06/07 03:00:00,4693.85,75.94,TRADE
VIC1,2026/06/07 03:05:00,4697.98,80.17,TRADE
VIC1,2026/06/07 03:10:00,4692.7,75.93,TRADE
VIC1,2026/06/07 03:15:00,4617.39,72.57,TRADE
VIC1,2026/06/07 03:20:00,4689.43,73.10,TRADE
VIC1,2026/06/07 03:25:00,4676.55,80.50,TRADE
VIC1,2026/06/07 03:30:00,4574.42,72.90,TRADE
VIC1,2026/06/07 03:35:00,4619,73.02,TRADE
VIC1,2026/06/07 03:40:00,4626.09,75.62,TRADE
VIC1,2026/06/07 03:45:00,4634.89,80.50,TRADE
VIC1,2026/06/07 03:50:00,4598.34,72.87,TRADE
VIC1,2026/06/07 03:55:00,4504.15,68.48,TRADE
VIC1,2026/06/07 04:00:00,4516.01,71.31,TRADE
VIC1,2026/06/07 04:05:00,4564.16,72.96,TRADE
VIC1,2026/06/07 04:10:00,4599.52,79.06,TRADE
VIC1,2026/06/07 04:15:00,4588.54,76.66,TRADE
VIC1,2026/06/07 04:20:00,4561.23,75.28,TRADE
VIC1,2026/06/07 04:25:00,4579.38,75.92,TRADE
VIC1,2026/06/07 04:30:00,4576.75,75.95,TRADE
VIC1,2026/06/07 04:35:00,4565.1,78.32,TRADE
VIC1,2026/06/07 04:40:00,4502.88,76.66,TRADE
VIC1,2026/06/07 04:45:00,4547.45,77.78,TRADE
VIC1,2026/06/07 04:50:00,4585.24,80.50,TRADE
VIC1,2026/06/07 04:55:00,4514.73,77.82,TRADE
VIC1,2026/06/07 05:00:00,4578.67,80.50,TRADE
VIC1,2026/06/07 05:05:00,4597.84,80.50,TRADE
VIC1,2026/06/07 05:10:00,4620.74,82.14,TRADE
VIC1,2026/06/07 05:15:00,4628.47,80.50,TRADE
VIC1,2026/06/07 05:20:00,4565.18,81.43,TRADE
VIC1,2026/06/07 05:25:00,4565.57,80.50,TRADE
VIC1,2026/06/07 05:30:00,4580.75,80.50,TRADE
VIC1,2026/06/07 05:35:00,4583.7,80.50,TRADE
VIC1,2026/06/07 05:40:00,4652.55,82.64,TRADE
VIC1,2026/06/07 05:45:00,4601.51,84.53,TRADE
VIC1,2026/06/07 05:50:00,4683.45,82.86,TRADE
VIC1,2026/06/07 05:55:00,4706.21,82.01,TRADE
VIC1,2026/06/07 06:00:00,4739.88,88.69,TRADE
VIC1,2026/06/07 06:05:00,4765.37,85.07,TRADE
VIC1,2026/06/07 06:10:00,4753.55,89.69,TRADE
VIC1,2026/06/07 06:15:00,4772.01,93.26,TRADE
VIC1,2026/06/07 06:20:00,4854.07,97.85,TRADE
VIC1,2026/06/07 06:25:00,4897.7,98.48,TRADE
VIC1,2026/06/07 06:30:00,4917.1,110.50,TRADE
VIC1,2026/06/07 06:35:00,4926.22,104.93,TRADE
VIC1,2026/06/07 06:40:00,4953.75,105.02,TRADE
VIC1,2026/06/07 06:45:00,5001.3,113.51,TRADE
VIC1,2026/06/07 06:50:00,4929.51,110.50,TRADE
VIC1,2026/06/07 06:55:00,4973.54,110.84,TRADE
VIC1,2026/06/07 07:00:00,4997.61,110.50,TRADE
VIC1,2026/06/07 07:05:00,5056.65,110.50,TRADE
VIC1,2026/06/07 07:10:00,5077.65,111.61,TRADE
VIC1,2026/06/07 07:15:00,5149.61,106.87,TRADE
VIC1,2026/06/07 07:20:00,5168.67,108.48,TRADE
VIC1,2026/06/07 07:25:00,5283.21,108.93,TRADE
VIC1,2026/06/07 07:30:00,5298.16,99.50,TRADE
VIC1,2026/06/07 07:35:00,5332.29,90.24,TRADE
VIC1,2026/06/07 07:40:00,5364.99,102.56,TRADE
VIC1,2026/06/07 07:45:00,5438,80.50,TRADE
VIC1,2026/06/07 07:50:00,5468.15,80.50,TRADE
VIC1,2026/06/07 07:55:00,5457.87,76.37,TRADE
VIC1,2026/06/07 08:00:00,5420.66,57.20,TRADE
VIC1,2026/06/07 08:05:00,5456.3,55.75,TRADE
VIC1,2026/06/07 08:10:00,5477.15,73.30,TRADE
VIC1,2026/06/07 08:15:00,5514.05,72.32,TRADE
VIC1,2026/06/07 08:20:00,5534.1,63.69,TRADE
VIC1,2026/06/07 08:25:00,5479.6,39.64,TRADE
VIC1,2026/06/07 08:30:00,5525.92,43.19,TRADE
VIC1,2026/06/07 08:35:00,5496.22,72.09,TRADE
VIC1,2026/06/07 08:40:00,5478.09,47.02,TRADE
VIC1,2026/06/07 08:45:00,5426.87,71.31,TRADE
VIC1,2026/06/07 08:50:00,5359.12,43.19,TRADE
VIC1,2026/06/07 08:55:00,5342.87,33.63,TRADE
VIC1,2026/06/07 09:00:00,5395.69,57.59,TRADE
VIC1,2026/06/07 09:05:00,5360.66,37.99,TRADE
VIC1,2026/06/07 09:10:00,5292.42,54.86,TRADE
VIC1,2026/06/07 09:15:00,5307.46,43.68,TRADE
VIC1,2026/06/07 09:20:00,5279.95,43.19,TRADE
VIC1,2026/06/07 09:25:00,5274.05,38,TRADE
VIC1,2026/06/07 09:30:00,5205.44,43.19,TRADE
VIC1,2026/06/07 09:35:00,5105.86,39.31,TRADE
VIC1,2026/06/07 09:40:00,4988.19,34.81,TRADE
VIC1,2026/06/07 09:45:00,4895.73,36.43,TRADE
VIC1,2026/06/07 09:50:00,4926.68,36.93,TRADE
VIC1,2026/06/07 09:55:00,4885.64,34.09,TRADE
VIC1,2026/06/07 10:00:00,4833.07,36.22,TRADE
VIC1,2026/06/07 10:05:00,4781.55,39.61,TRADE
VIC1,2026/06/07 10:10:00,4816.14,43.19,TRADE
VIC1,2026/06/07 10:15:00,4805.48,43.19,TRADE
VIC1,2026/06/07 10:20:00,4721.61,39.53,TRADE
VIC1,2026/06/07 10:25:00,4717.21,39.18,TRADE
VIC1,2026/06/07 10:30:00,4714.33,38.65,TRADE
VIC1,2026/06/07 10:35:00,4731.91,38.92,TRADE
VIC1,2026/06/07 10:40:00,4701.98,38.92,TRADE
VIC1,2026/06/07 10:45:00,4664.35,33.50,TRADE
VIC1,2026/06/07 10:50:00,4606.48,27.32,TRADE
VIC1,2026/06/07 10:55:00,4660.22,40.19,TRADE
VIC1,2026/06/07 11:00:00,4619.21,42.59,TRADE
VIC1,2026/06/07 11:05:00,4552.84,37.82,TRADE
VIC1,2026/06/07 11:10:00,4700.94,43.19,TRADE
VIC1,2026/06/07 11:15:00,4684.11,42.08,TRADE
VIC1,2026/06/07 11:20:00,4688.88,46.07,TRADE
VIC1,2026/06/07 11:25:00,4752.97,48.23,TRADE
VIC1,2026/06/07 11:30:00,4724.27,46.34,TRADE
VIC1,2026/06/07 11:35:00,4606.8,40.36,TRADE
VIC1,2026/06/07 11:40:00,4701.12,48.79,TRADE
VIC1,2026/06/07 11:45:00,4644.96,49.06,TRADE
VIC1,2026/06/07 11:50:00,4612.41,44.94,TRADE
VIC1,2026/06/07 11:55:00,4483.88,43.82,TRADE
VIC1,2026/06/07 12:00:00,4521.89,42.51,TRADE
VIC1,2026/06/07 12:05:00,4477,42.82,TRADE
VIC1,2026/06/07 12:10:00,4477.89,43.30,TRADE
VIC1,2026/06/07 12:15:00,4418.97,48.94,TRADE
VIC1,2026/06/07 12:20:00,4459.63,46.64,TRADE
VIC1,2026/06/07 12:25:00,4470.1,44.04,TRADE
VIC1,2026/06/07 12:30:00,4425.43,42.88,TRADE
VIC1,2026/06/07 12:35:00,4464.59,44.41,TRADE
VIC1,2026/06/07 12:40:00,4502.39,45.41,TRADE
VIC1,2026/06/07 12:45:00,4490.77,44.67,TRADE
VIC1,2026/06/07 12:50:00,4492.39,44.67,TRADE
VIC1,2026/06/07 12:55:00,4468.73,44.16,TRADE
VIC1,2026/06/07 13:00:00,4464.98,42.93,TRADE
VIC1,2026/06/07 13:05:00,4569.27,43.83,TRADE
VIC1,2026/06/07 13:10:00,4627.27,49.01,TRADE
VIC1,2026/06/07 13:15:00,4631.38,48.97,TRADE
VIC1,2026/06/07 13:20:00,4655.2,49.33,TRADE
VIC1,2026/06/07 13:25:00,4675.04,49.41,TRADE
VIC1,2026/06/07 13:30:00,4688.71,45.28,TRADE
VIC1,2026/06/07 13:35:00,4715.22,43.51,TRADE
VIC1,2026/06/07 13:40:00,4745.14,48.68,TRADE
VIC1,2026/06/07 13:45:00,4667.19,49.49,TRADE
VIC1,2026/06/07 13:50:00,4796.85,49.79,TRADE
VIC1,2026/06/07 13:55:00,4801.15,49.44,TRADE
VIC1,2026/06/07 14:00:00,4830.47,49.76,TRADE
VIC1,2026/06/07 14:05:00,4847.16,50,TRADE
VIC1,2026/06/07 14:10:00,4869.54,59.90,TRADE
VIC1,2026/06/07 14:15:00,4825,50.94,TRADE
VIC1,2026/06/07 14:20:00,4880.13,50.13,TRADE
VIC1,2026/06/07 14:25:00,4930.54,50.50,TRADE
VIC1,2026/06/07 14:30:00,4938.07,54.56,TRADE
VIC1,2026/06/07 14:35:00,4983.87,60.18,TRADE
VIC1,2026/06/07 14:40:00,5080.31,65.67,TRADE
VIC1,2026/06/07 14:45:00,5039.67,66.14,TRADE
VIC1,2026/06/07 14:50:00,5201.07,64.29,TRADE
VIC1,2026/06/07 14:55:00,5225.37,64.88,TRADE
VIC1,2026/06/07 15:00:00,5199.75,66.17,TRADE
VIC1,2026/06/07 15:05:00,5271.11,64.48,TRADE
VIC1,2026/06/07 15:10:00,5294.47,62.77,TRADE
VIC1,2026/06/07 15:15:00,5341.4,65.28,TRADE
VIC1,2026/06/07 15:20:00,5376.54,68.62,TRADE
VIC1,2026/06/07 15:25:00,5289.87,67.11,TRADE
VIC1,2026/06/07 15:30:00,5289.16,64.66,TRADE
VIC1,2026/06/07 15:35:00,5353.96,65.05,TRADE
VIC1,2026/06/07 15:40:00,5513.1,69.40,TRADE
VIC1,2026/06/07 15:45:00,5567.21,94.91,TRADE
VIC1,2026/06/07 15:50:00,5591.59,94.14,TRADE
VIC1,2026/06/07 15:55:00,5617.55,97.25,TRADE
VIC1,2026/06/07 16:00:00,5666.12,110.50,TRADE
VIC1,2026/06/07 16:05:00,5715.27,108.41,TRADE
VIC1,2026/06/07 16:10:00,5676.37,102.33,TRADE
VIC1,2026/06/07 16:15:00,5723.8,98.32,TRADE
VIC1,2026/06/07 16:20:00,5793.71,107.61,TRADE
VIC1,2026/06/07 16:25:00,5807.84,107.07,TRADE
VIC1,2026/06/07 16:30:00,5952.35,110.50,TRADE
VIC1,2026/06/07 16:35:00,5953.36,94.25,TRADE
VIC1,2026/06/07 16:40:00,5884.82,94.25,TRADE
VIC1,2026/06/07 16:45:00,6024,97.25,TRADE
VIC1,2026/06/07 16:50:00,6084.39,105,TRADE
VIC1,2026/06/07 16:55:00,6176.88,109.29,TRADE
VIC1,2026/06/07 17:00:00,6245.35,97.25,TRADE
VIC1,2026/06/07 17:05:00,6186.15,104.76,TRADE
VIC1,2026/06/07 17:10:00,6252.31,97.64,TRADE
VIC1,2026/06/07 17:15:00,6213.79,94.25,TRADE
VIC1,2026/06/07 17:20:00,6301.46,97.80,TRADE
VIC1,2026/06/07 17:25:00,6364.06,106.49,TRADE
VIC1,2026/06/07 17:30:00,6497.12,109.42,TRADE
VIC1,2026/06/07 17:35:00,6534.55,104.34,TRADE
VIC1,2026/06/07 17:40:00,6513,97.25,TRADE
VIC1,2026/06/07 17:45:00,6647.22,97.25,TRADE
VIC1,2026/06/07 17:50:00,6619.83,110.50,TRADE
VIC1,2026/06/07 17:55:00,6653.68,105.89,TRADE
VIC1,2026/06/07 18:00:00,6624.79,100.66,TRADE
VIC1,2026/06/07 18:05:00,6566.06,97.25,TRADE
VIC1,2026/06/07 18:10:00,6540.67,105.89,TRADE
VIC1,2026/06/07 18:15:00,6592.74,97.25,TRADE
VIC1,2026/06/07 18:20:00,6596.59,94.09,TRADE
VIC1,2026/06/07 18:25:00,6576.66,94.92,TRADE
VIC1,2026/06/07 18:30:00,6608.3,110.50,TRADE
VIC1,2026/06/07 18:35:00,6577.08,105.89,TRADE
VIC1,2026/06/07 18:40:00,6536.6,91.67,TRADE
VIC1,2026/06/07 18:45:00,6541.47,94.25,TRADE
VIC1,2026/06/07 18:50:00,6475.76,105.02,TRADE
VIC1,2026/06/07 18:55:00,6437.33,95.22,TRADE
VIC1,2026/06/07 19:00:00,6409.99,91.40,TRADE
VIC1,2026/06/07 19:05:00,6496.59,97.25,TRADE
VIC1,2026/06/07 19:10:00,6456,94.25,TRADE
VIC1,2026/06/07 19:15:00,6463.65,94.25,TRADE
VIC1,2026/06/07 19:20:00,6433.61,82.07,TRADE
VIC1,2026/06/07 19:25:00,6386.8,91.44,TRADE
VIC1,2026/06/07 19:30:00,6376.33,93.03,TRADE
VIC1,2026/06/07 19:35:00,6276.02,84.75,TRADE
VIC1,2026/06/07 19:40:00,6277.34,93.69,TRADE
VIC1,2026/06/07 19:45:00,6254.23,85.99,TRADE
VIC1,2026/06/07 19:50:00,6216.33,80.50,TRADE
VIC1,2026/06/07 19:55:00,6191.08,92.35,TRADE
VIC1,2026/06/07 20:00:00,6216.19,80.80,TRADE
VIC1,2026/06/07 20:05:00,6247.69,78.57,TRADE
VIC1,2026/06/07 20:10:00,6193.22,93.69,TRADE
VIC1,2026/06/07 20:15:00,6203.19,82.70,TRADE
VIC1,2026/06/07 20:20:00,6215.96,91.87,TRADE
VIC1,2026/06/07 20:25:00,6176.21,82.08,TRADE
VIC1,2026/06/07 20:30:00,6200.77,85.82,TRADE
VIC1,2026/06/07 20:35:00,6103.51,97.25,TRADE
VIC1,2026/06/07 20:40:00,6058.8,93.49,TRADE
VIC1,2026/06/07 20:45:00,6097.95,99.05,TRADE
VIC1,2026/06/07 20:50:00,6094.33,88.04,TRADE
VIC1,2026/06/07 20:55:00,5983.25,100.11,TRADE
VIC1,2026/06/07 21:00:00,6033.22,86.21,TRADE
VIC1,2026/06/07 21:05:00,6047.72,96.36,TRADE
VIC1,2026/06/07 21:10:00,6024.07,106.10,TRADE
VIC1,2026/06/07 21:15:00,5992.65,96.39,TRADE
VIC1,2026/06/07 21:20:00,5897.29,96.36,TRADE
VIC1,2026/06/07 21:25:00,5872.13,100.06,TRADE
VIC1,2026/06/07 21:30:00,5902.04,97.47,TRADE
VIC1,2026/06/07 21:35:00,5858.2,84.44,TRADE
VIC1,2026/06/07 21:40:00,5791.97,97.49,TRADE
VIC1,2026/06/07 21:45:00,5850.73,99.39,TRADE
VIC1,2026/06/07 21:50:00,5846.93,90.07,TRADE
VIC1,2026/06/07 21:55:00,5747.08,88.62,TRADE
VIC1,2026/06/07 22:00:00,5791.45,88.34,TRADE
VIC1,2026/06/07 22:05:00,5751.7,91.69,TRADE
VIC1,2026/06/07 22:10:00,5727.06,98.63,TRADE
VIC1,2026/06/07 22:15:00,5688.1,98.70,TRADE
VIC1,2026/06/07 22:20:00,5630.55,88.93,TRADE
VIC1,2026/06/07 22:25:00,5579.62,80.50,TRADE
VIC1,2026/06/07 22:30:00,5565.15,81.19,TRADE
VIC1,2026/06/07 22:35:00,5560.61,80.62,TRADE
VIC1,2026/06/07 22:40:00,5549.91,87.79,TRADE
VIC1,2026/06/07 22:45:00,5523.19,84.18,TRADE
VIC1,2026/06/07 22:50:00,5538.77,81.84,TRADE
VIC1,2026/06/07 22:55:00,5460.01,80.50,TRADE
VIC1,2026/06/07 23:00:00,5457.05,76.45,TRADE
VIC1,2026/06/07 23:05:00,5472.34,81.75,TRADE
VIC1,2026/06/07 23:10:00,5527.7,88.86,TRADE
VIC1,2026/06/07 23:15:00,5594.78,90.23,TRADE
VIC1,2026/06/07 23:20:00,5590.26,84.21,TRADE
VIC1,2026/06/07 23:25:00,5584.34,87.21,TRADE
VIC1,2026/06/07 23:30:00,5618.16,81.70,TRADE
VIC1,2026/06/07 23:35:00,5535.16,91.81,TRADE
VIC1,2026/06/07 23:40:00,5507.15,90.89,TRADE
VIC1,2026/06/07 23:45:00,5481.81,84.61,TRADE
VIC1,2026/06/07 23:50:00,5444.47,85.07,TRADE
VIC1,2026/06/07 23:55:00,5392.1,80.50,TRADE
VIC1,2026/06/08 00:00:00,5390.77,80.50,TRADE
VIC1,2026/06/08 00:05:00,5346.69,89.81,TRADE
VIC1,2026/06/08 00:10:00,5393.56,91.11,TRADE
VIC1,2026/06/08 00:15:00,5337.26,90.46,TRADE
VIC1,2026/06/08 00:20:00,5363.82,90.54,TRADE
VIC1,2026/06/08 00:25:00,5348.23,90.63,TRADE
VIC1,2026/06/08 00:30:00,5336.3,89.96,TRADE
VIC1,2026/06/08 00:35:00,5309.5,90.61,TRADE
VIC1,2026/06/08 00:40:00,5211.42,88.28,TRADE
VIC1,2026/06/08 00:45:00,5181.65,90.85,TRADE
VIC1,2026/06/08 00:50:00,5227.69,92.42,TRADE
VIC1,2026/06/08 00:55:00,5160.66,90.88,TRADE
VIC1,2026/06/08 01:00:00,5079.92,87.56,TRADE
VIC1,2026/06/08 01:05:00,5137,91.60,TRADE
VIC1,2026/06/08 01:10:00,5086.92,90.83,TRADE
VIC1,2026/06/08 01:15:00,5075.05,92.67,TRADE
VIC1,2026/06/08 01:20:00,5058.01,86.33,TRADE
VIC1,2026/06/08 01:25:00,4938.93,77.66,TRADE
VIC1,2026/06/08 01:30:00,4904.03,73.34,TRADE
VIC1,2026/06/08 01:35:00,4906.9,70.49,TRADE
VIC1,2026/06/08 01:40:00,4886.93,70,TRADE
VIC1,2026/06/08 01:45:00,4926.81,70.01,TRADE
VIC1,2026/06/08 01:50:00,4910.56,67.71,TRADE
VIC1,2026/06/08 01:55:00,4883.05,69.40,TRADE
VIC1,2026/06/08 02:00:00,4869,65.94,TRADE
VIC1,2026/06/08 02:05:00,4851.32,75.80,TRADE
VIC1,2026/06/08 02:10:00,4854.24,73.19,TRADE
VIC1,2026/06/08 02:15:00,4818.04,73.74,TRADE
VIC1,2026/06/08 02:20:00,4738.52,56.62,TRADE
VIC1,2026/06/08 02:25:00,4703.58,59.91,TRADE
VIC1,2026/06/08 02:30:00,4746.05,65.58,TRADE
VIC1,2026/06/08 02:35:00,4745.84,66.10,TRADE
VIC1,2026/06/08 02:40:00,4677.86,64.42,TRADE
VIC1,2026/06/08 02:45:00,4757.88,65.08,TRADE
VIC1,2026/06/08 02:50:00,4735.81,61.34,TRADE
VIC1,2026/06/08 02:55:00,4720.29,61.33,TRADE
VIC1,2026/06/08 03:00:00,4703.65,65.90,TRADE
VIC1,2026/06/08 03:05:00,4631.2,63.51,TRADE
VIC1,2026/06/08 03:10:00,4614.6,65.63,TRADE
VIC1,2026/06/08 03:15:00,4673.23,65.99,TRADE
VIC1,2026/06/08 03:20:00,4677.62,70.22,TRADE
VIC1,2026/06/08 03:25:00,4582.25,60.94,TRADE
VIC1,2026/06/08 03:30:00,4672.38,65.52,TRADE
VIC1,2026/06/08 03:35:00,4656.39,63.75,TRADE
VIC1,2026/06/08 03:40:00,4660.48,60.91,TRADE
VIC1,2026/06/08 03:45:00,4646.23,60.35,TRADE
VIC1,2026/06/08 03:50:00,4546.53,57.24,TRADE
VIC1,2026/06/08 03:55:00,4546.31,60.20,TRADE
VIC1,2026/06/08 04:00:00,4632.1,55.42,TRADE
VIC1,2026/06/08 04:05:00,4645.76,56.09,TRADE
VIC1,2026/06/08 04:10:00,4576.03,63.49,TRADE
VIC1,2026/06/08 04:15:00,4663.73,57.22,TRADE
VIC1,2026/06/08 04:20:00,4659.47,61.35,TRADE
VIC1,2026/06/08 04:25:00,4679.44,61.80,TRADE
VIC1,2026/06/08 04:30:00,4666.03,58.13,TRADE
VIC1,2026/06/08 04:35:00,4619.2,59.70,TRADE
VIC1,2026/06/08 04:40:00,4632.32,67.99,TRADE
VIC1,2026/06/08 04:45:00,4663.67,67.87,TRADE
VIC1,2026/06/08 04:50:00,4691.27,59.41,TRADE
VIC1,2026/06/08 04:55:00,4644.89,63.09,TRADE
VIC1,2026/06/08 05:00:00,4680.45,66.90,TRADE
VIC1,2026/06/08 05:05:00,4724.14,62.89,TRADE
VIC1,2026/06/08 05:10:00,4772.03,62.95,TRADE
VIC1,2026/06/08 05:15:00,4812.35,71.44,TRADE
VIC1,2026/06/08 05:20:00,4744.55,62.45,TRADE
VIC1,2026/06/08 05:25:00,4772.73,61.97,TRADE
VIC1,2026/06/08 05:30:00,4814.22,61.97,TRADE
VIC1,2026/06/08 05:35:00,4836.34,64.99,TRADE
VIC1,2026/06/08 05:40:00,4811.95,67.43,TRADE
VIC1,2026/06/08 05:45:00,4903.61,67.45,TRADE
VIC1,2026/06/08 05:50:00,4912.02,67.46,TRADE
VIC1,2026/06/08 05:55:00,4917.9,69.15,TRADE
VIC1,2026/06/08 06:00:00,4955.99,69.11,TRADE
VIC1,2026/06/08 06:05:00,4965.96,63.16,TRADE
VIC1,2026/06/08 06:10:00,4966.46,65.96,TRADE
VIC1,2026/06/08 06:15:00,4982.05,68.70,TRADE
VIC1,2026/06/08 06:20:00,5045.18,73.26,TRADE
VIC1,2026/06/08 06:25:00,5158.25,70.93,TRADE
VIC1,2026/06/08 06:30:00,5154.95,74.05,TRADE
VIC1,2026/06/08 06:35:00,5192.73,76.94,TRADE
VIC1,2026/06/08 06:40:00,5239.07,76.41,TRADE
VIC1,2026/06/08 06:45:00,5273.72,88.50,TRADE
VIC1,2026/06/08 06:50:00,5305.65,90.24,TRADE
VIC1,2026/06/08 06:55:00,5339.71,93.24,TRADE
VIC1,2026/06/08 07:00:00,5319.04,90.18,TRADE
VIC1,2026/06/08 07:05:00,5356.12,93.69,TRADE
VIC1,2026/06/08 07:10:00,5092.6,84.09,TRADE
VIC1,2026/06/08 07:15:00,5135.14,83.76,TRADE
VIC1,2026/06/08 07:20:00,5256.33,80.50,TRADE
VIC1,2026/06/08 07:25:00,5342.89,74.69,TRADE
VIC1,2026/06/08 07:30:00,5304.65,76.03,TRADE
VIC1,2026/06/08 07:35:00,5390.62,89.68,TRADE
VIC1,2026/06/08 07:40:00,5411.85,71.44,TRADE
VIC1,2026/06/08 07:45:00,5488.46,63.64,TRADE
VIC1,2026/06/08 07:50:00,5493.82,59.48,TRADE
VIC1,2026/06/08 07:55:00,5471.28,50.08,TRADE
VIC1,2026/06/08 08:00:00,5577.85,36.89,TRADE
VIC1,2026/06/08 08:05:00,5623.69,37.09,TRADE
VIC1,2026/06/08 08:10:00,5535.55,35.36,TRADE
VIC1,2026/06/08 08:15:00,5569.48,34.24,TRADE
VIC1,2026/06/08 08:20:00,5650.68,32.15,TRADE
VIC1,2026/06/08 08:25:00,5657.86,33.77,TRADE
VIC1,2026/06/08 08:30:00,5643.68,33.78,TRADE
VIC1,2026/06/08 08:35:00,5590.48,32.93,TRADE
VIC1,2026/06/08 08:40:00,5679.21,14.84,TRADE
VIC1,2026/06/08 08:45:00,5725.58,8.94,TRADE
VIC1,2026/06/08 08:50:00,5745.85,14.73,TRADE
VIC1,2026/06/08 08:55:00,5687.62,7.77,TRADE
VIC1,2026/06/08 09:00:00,5746.25,19.18,TRADE
VIC1,2026/06/08 09:05:00,5620.04,10.65,TRADE
VIC1,2026/06/08 09:10:00,5634.12,8.94,TRADE
VIC1,2026/06/08 09:15:00,5587.21,10.48,TRADE
VIC1,2026/06/08 09:20:00,5519.35,5.74,TRADE
VIC1,2026/06/08 09:25:00,5470.8,7.62,TRADE
VIC1,2026/06/08 09:30:00,5327.3,8.94,TRADE
VIC1,2026/06/08 09:35:00,5338.81,8.95,TRADE
VIC1,2026/06/08 09:40:00,5303.32,8.95,TRADE
VIC1,2026/06/08 09:45:00,5136,10.50,TRADE
VIC1,2026/06/08 09:50:00,5137.55,15.06,TRADE
VIC1,2026/06/08 09:55:00,5028.69,15.75,TRADE
VIC1,2026/06/08 10:00:00,4962.5,16.66,TRADE
VIC1,2026/06/08 10:05:00,4904.29,18.66,TRADE
VIC1,2026/06/08 10:10:00,4830.49,10.50,TRADE
VIC1,2026/06/08 10:15:00,4789.06,15.06,TRADE
VIC1,2026/06/08 10:20:00,4807.28,10.50,TRADE
VIC1,2026/06/08 10:25:00,4774.34,10.50,TRADE
VIC1,2026/06/08 10:30:00,4647.38,10.50,TRADE
VIC1,2026/06/08 10:35:00,4628.14,-0.10,TRADE
VIC1,2026/06/08 10:40:00,4617.65,10.50,TRADE
VIC1,2026/06/08 10:45:00,4540.81,5.83,TRADE
VIC1,2026/06/08 10:50:00,4490.3,0,TRADE
VIC1,2026/06/08 10:55:00,4413.86,10.50,TRADE
VIC1,2026/06/08 11:00:00,4232.69,0,TRADE
VIC1,2026/06/08 11:05:00,4282.83,14.23,TRADE
VIC1,2026/06/08 11:10:00,4383.57,10.50,TRADE
VIC1,2026/06/08 11:15:00,4321.19,5.95,TRADE
VIC1,2026/06/08 11:20:00,4317.79,6.02,TRADE
VIC1,2026/06/08 11:25:00,4243.01,0,TRADE
VIC1,2026/06/08 11:30:00,4258.52,14.48,TRADE
VIC1,2026/06/08 11:35:00,4204.83,15.06,TRADE
VIC1,2026/06/08 11:40:00,4125.97,6.01,TRADE
VIC1,2026/06/08 11:45:00,4105.21,1.23,TRADE
VIC1,2026/06/08 11:50:00,4141.24,5.08,TRADE
VIC1,2026/06/08 11:55:00,4086,14.16,TRADE
VIC1,2026/06/08 12:00:00,4037.7,1,TRADE
VIC1,2026/06/08 12:05:00,4078.16,10.50,TRADE
VIC1,2026/06/08 12:10:00,4040.86,10.50,TRADE
VIC1,2026/06/08 12:15:00,4066.7,1,TRADE
VIC1,2026/06/08 12:20:00,3946.68,-0.10,TRADE
VIC1,2026/06/08 12:25:00,3999.82,-0.05,TRADE
VIC1,2026/06/08 12:30:00,4046.22,10.50,TRADE
VIC1,2026/06/08 12:35:00,4004.94,10.50,TRADE
VIC1,2026/06/08 12:40:00,3910.35,0,TRADE
VIC1,2026/06/08 12:45:00,3987.28,1,TRADE
VIC1,2026/06/08 12:50:00,4005.39,8.95,TRADE
VIC1,2026/06/08 12:55:00,3973.46,14.19,TRADE
VIC1,2026/06/08 13:00:00,3870.28,-0.05,TRADE
VIC1,2026/06/08 13:05:00,3992.3,1,TRADE
VIC1,2026/06/08 13:10:00,3920.69,1,TRADE
VIC1,2026/06/08 13:15:00,3941.12,1,TRADE
VIC1,2026/06/08 13:20:00,3968.23,1,TRADE
VIC1,2026/06/08 13:25:00,3989.42,1,TRADE
VIC1,2026/06/08 13:30:00,4041.19,8.95,TRADE
VIC1,2026/06/08 13:35:00,4061.7,8.95,TRADE
VIC1,2026/06/08 13:40:00,4005.53,1,TRADE
VIC1,2026/06/08 13:45:00,4082.9,14.99,TRADE
VIC1,2026/06/08 13:50:00,4143.98,14.99,TRADE
VIC1,2026/06/08 13:55:00,4149.53,8.95,TRADE
VIC1,2026/06/08 14:00:00,4220.84,1,TRADE
VIC1,2026/06/08 14:05:00,4176.46,1,TRADE
VIC1,2026/06/08 14:10:00,4177.19,14.23,TRADE
VIC1,2026/06/08 14:15:00,4285.81,12.25,TRADE
VIC1,2026/06/08 14:20:00,4322.86,7.64,TRADE
VIC1,2026/06/08 14:25:00,4285.84,14.23,TRADE
VIC1,2026/06/08 14:30:00,4374.68,14.19,TRADE
VIC1,2026/06/08 14:35:00,4433.78,5.19,TRADE
VIC1,2026/06/08 14:40:00,4470.68,1,TRADE
VIC1,2026/06/08 14:45:00,4523.48,1,TRADE
VIC1,2026/06/08 14:50:00,4456.05,-0.05,TRADE
VIC1,2026/06/08 14:55:00,4525.03,-0.10,TRADE
VIC1,2026/06/08 15:00:00,4674.19,1,TRADE
VIC1,2026/06/08 15:05:00,4699.94,1,TRADE
VIC1,2026/06/08 15:10:00,4741.01,1,TRADE
VIC1,2026/06/08 15:15:00,4783.9,-2.13,TRADE
VIC1,2026/06/08 15:20:00,4851.63,-1.17,TRADE
VIC1,2026/06/08 15:25:00,4911.7,-1.14,TRADE
VIC1,2026/06/08 15:30:00,4981.41,-2.45,TRADE
VIC1,2026/06/08 15:35:00,4976.54,-2.06,TRADE
VIC1,2026/06/08 15:40:00,5114.83,-2.15,TRADE
VIC1,2026/06/08 15:45:00,5161.94,-1.17,TRADE
VIC1,2026/06/08 15:50:00,5176.35,-1.20,TRADE
VIC1,2026/06/08 15:55:00,5291.71,16.43,TRADE
VIC1,2026/06/08 16:00:00,5372.52,39.99,TRADE
VIC1,2026/06/08 16:05:00,5476.94,34.24,TRADE
VIC1,2026/06/08 16:10:00,5528.78,35.94,TRADE
VIC1,2026/06/08 16:15:00,5550.16,63.39,TRADE
VIC1,2026/06/08 16:20:00,5645.28,70.24,TRADE
VIC1,2026/06/08 16:25:00,5840.88,88.59,TRADE
VIC1,2026/06/08 16:30:00,5940.99,89.35,TRADE
VIC1,2026/06/08 16:35:00,6036.61,77.75,TRADE
VIC1,2026/06/08 16:40:00,6099.19,79.48,TRADE
VIC1,2026/06/08 16:45:00,6243.2,103.21,TRADE
VIC1,2026/06/08 16:50:00,6288.16,94.25,TRADE
VIC1,2026/06/08 16:55:00,6343.84,80.50,TRADE
VIC1,2026/06/08 17:00:00,6381.28,86.63,TRADE
VIC1,2026/06/08 17:05:00,6517.48,93.69,TRADE
VIC1,2026/06/08 17:10:00,6598.15,82.29,TRADE
VIC1,2026/06/08 17:15:00,6587.64,94.25,TRADE
VIC1,2026/06/08 17:20:00,6722.85,93.69,TRADE
VIC1,2026/06/08 17:25:00,6754.18,93.69,TRADE
VIC1,2026/06/08 17:30:00,6866.24,94.25,TRADE
VIC1,2026/06/08 17:35:00,6860.19,85.78,TRADE
VIC1,2026/06/08 17:40:00,6935.86,88.04,TRADE
VIC1,2026/06/08 17:45:00,6985.76,91.28,TRADE
VIC1,2026/06/08 17:50:00,7036.08,85.39,TRADE
VIC1,2026/06/08 17:55:00,7139.12,93.69,TRADE
VIC1,2026/06/08 18:00:00,7153.31,93.69,TRADE
VIC1,2026/06/08 18:05:00,7142.93,94.25,TRADE
VIC1,2026/06/08 18:10:00,7043.4,84.73,TRADE
VIC1,2026/06/08 18:15:00,7154.51,88.38,TRADE
VIC1,2026/06/08 18:20:00,7122.85,94.25,TRADE
VIC1,2026/06/08 18:25:00,7128.6,93.69,TRADE
VIC1,2026/06/08 18:30:00,7019.29,81.43,TRADE
VIC1,2026/06/08 18:35:00,7040.12,89.21,TRADE
VIC1,2026/06/08 18:40:00,7001.42,93.69,TRADE
VIC1,2026/06/08 18:45:00,7030.1,93.69,TRADE
VIC1,2026/06/08 18:50:00,7024.95,80.50,TRADE
VIC1,2026/06/08 18:55:00,7022.26,80.50,TRADE
VIC1,2026/06/08 19:00:00,7036.25,92.48,TRADE
VIC1,2026/06/08 19:05:00,6959.29,80.50,TRADE
VIC1,2026/06/08 19:10:00,6925.63,78.39,TRADE
VIC1,2026/06/08 19:15:00,6977.23,78.62,TRADE
VIC1,2026/06/08 19:20:00,6988.18,78.57,TRADE
VIC1,2026/06/08 19:25:00,6950.74,78.57,TRADE
VIC1,2026/06/08 19:30:00,6951.59,80.50,TRADE
VIC1,2026/06/08 19:35:00,6871.37,80.50,TRADE
VIC1,2026/06/08 19:40:00,6774.61,78.57,TRADE
VIC1,2026/06/08 19:45:00,6762.96,78.25,TRADE
VIC1,2026/06/08 19:50:00,6767.89,74.92,TRADE
VIC1,2026/06/08 19:55:00,6796.34,69.86,TRADE
VIC1,2026/06/08 20:00:00,6732.73,74.69,TRADE
VIC1,2026/06/08 20:05:00,6680.23,69.99,TRADE
VIC1,2026/06/08 20:10:00,6694.57,67.73,TRADE
VIC1,2026/06/08 20:15:00,6683.73,69.99,TRADE
VIC1,2026/06/08 20:20:00,6671.05,64.47,TRADE
VIC1,2026/06/08 20:25:00,6588.3,64.47,TRADE
VIC1,2026/06/08 20:30:00,6535.33,64.47,TRADE
VIC1,2026/06/08 20:35:00,6472.25,62.95,TRADE
VIC1,2026/06/08 20:40:00,6477.34,67.13,TRADE
VIC1,2026/06/08 20:45:00,6493.03,68.59,TRADE
VIC1,2026/06/08 20:50:00,6407.35,64.33,TRADE
VIC1,2026/06/08 20:55:00,6330.89,58.89,TRADE
VIC1,2026/06/08 21:00:00,6383.67,64.47,TRADE
VIC1,2026/06/08 21:05:00,6302.27,64.50,TRADE
VIC1,2026/06/08 21:10:00,6328.48,64.47,TRADE
VIC1,2026/06/08 21:15:00,6289.84,64.47,TRADE
VIC1,2026/06/08 21:20:00,6181.03,44.32,TRADE
VIC1,2026/06/08 21:25:00,6145.09,28.21,TRADE
VIC1,2026/06/08 21:30:00,6208.04,28.21,TRADE
VIC1,2026/06/08 21:35:00,6069.71,44.32,TRADE
VIC1,2026/06/08 21:40:00,6049.28,64.46,TRADE
VIC1,2026/06/08 21:45:00,6001.97,58.75,TRADE
VIC1,2026/06/08 21:50:00,5996.02,26.16,TRADE
VIC1,2026/06/08 21:55:00,5971.44,26.10,TRADE
VIC1,2026/06/08 22:00:00,5952.92,14.96,TRADE
VIC1,2026/06/08 22:05:00,5904.17,14.58,TRADE
VIC1,2026/06/08 22:10:00,5787.88,8.94,TRADE
VIC1,2026/06/08 22:15:00,5758.17,8.94,TRADE
VIC1,2026/06/08 22:20:00,5739.22,8.94,TRADE
VIC1,2026/06/08 22:25:00,5694.55,10.50,TRADE
VIC1,2026/06/08 22:30:00,5695.69,-0.10,TRADE
VIC1,2026/06/08 22:35:00,5571.15,5.08,TRADE
VIC1,2026/06/08 22:40:00,5475.35,5.08,TRADE
VIC1,2026/06/08 22:45:00,5543.25,8.94,TRADE
VIC1,2026/06/08 22:50:00,5500.62,8.94,TRADE
VIC1,2026/06/08 22:55:00,5444.58,8.94,TRADE
VIC1,2026/06/08 23:00:00,5383.48,6.82,TRADE
VIC1,2026/06/08 23:05:00,5374.8,8.94,TRADE
VIC1,2026/06/08 23:10:00,5496.28,14.52,TRADE
VIC1,2026/06/08 23:15:00,5555.47,14.63,TRADE
VIC1,2026/06/08 23:20:00,5458.83,10.50,TRADE
VIC1,2026/06/08 23:25:00,5452.92,9.50,TRADE
VIC1,2026/06/08 23:30:00,5435.78,8.95,TRADE
VIC1,2026/06/08 23:35:00,5523.78,10.50,TRADE
VIC1,2026/06/08 23:40:00,5378.93,8.95,TRADE
VIC1,2026/06/08 23:45:00,5377.57,8.95,TRADE
VIC1,2026/06/08 23:50:00,5375.96,8.94,TRADE
VIC1,2026/06/08 23:55:00,5334.29,8.95,TRADE
VIC1,2026/06/09 00:00:00,5224.14,0,TRADE
VIC1,2026/06/09 00:05:00,5282.06,9.56,TRADE
VIC1,2026/06/09 00:10:00,5272.26,14.45,TRADE
VIC1,2026/06/09 00:15:00,5282.4,0,TRADE
VIC1,2026/06/09 00:20:00,5253.78,8.95,TRADE
VIC1,2026/06/09 00:25:00,5141.86,4.71,TRADE
VIC1,2026/06/09 00:30:00,5160.02,0,TRADE
VIC1,2026/06/09 00:35:00,5157.58,6.62,TRADE
VIC1,2026/06/09 00:40:00,5132.28,6.79,TRADE
VIC1,2026/06/09 00:45:00,5078.01,1,TRADE
VIC1,2026/06/09 00:50:00,5110.19,1,TRADE
VIC1,2026/06/09 00:55:00,5067.19,5.10,TRADE
VIC1,2026/06/09 01:00:00,4965.02,5.08,TRADE
VIC1,2026/06/09 01:05:00,4938.86,5.08,TRADE
VIC1,2026/06/09 01:10:00,4957.92,5.08,TRADE
VIC1,2026/06/09 01:15:00,4943.7,5.08,TRADE
VIC1,2026/06/09 01:20:00,4844.89,5.08,TRADE
VIC1,2026/06/09 01:25:00,4869.32,1,TRADE
VIC1,2026/06/09 01:30:00,4778.14,0,TRADE
VIC1,2026/06/09 01:35:00,4750,7.68,TRADE
VIC1,2026/06/09 01:40:00,4823.6,1,TRADE
VIC1,2026/06/09 01:45:00,4728.54,1,TRADE
VIC1,2026/06/09 01:50:00,4808.22,5.08,TRADE
VIC1,2026/06/09 01:55:00,4728.29,0,TRADE
VIC1,2026/06/09 02:00:00,4747.94,0.01,TRADE
VIC1,2026/06/09 02:05:00,4737.94,0.01,TRADE
VIC1,2026/06/09 02:10:00,4650.53,0,TRADE
VIC1,2026/06/09 02:15:00,4648.68,-0.05,TRADE
VIC1,2026/06/09 02:20:00,4663.11,0.01,TRADE
VIC1,2026/06/09 02:25:00,4692.96,0.01,TRADE
VIC1,2026/06/09 02:30:00,4572.55,0,TRADE
VIC1,2026/06/09 02:35:00,4640.86,1,TRADE
VIC1,2026/06/09 02:40:00,4658.6,1,TRADE
VIC1,2026/06/09 02:45:00,4637.5,1,TRADE
VIC1,2026/06/09 02:50:00,4617.82,5.08,TRADE
VIC1,2026/06/09 02:55:00,4518.76,5.08,TRADE
VIC1,2026/06/09 03:00:00,4572.72,1,TRADE
VIC1,2026/06/09 03:05:00,4495.39,0.93,TRADE
VIC1,2026/06/09 03:10:00,4614.12,5.08,TRADE
VIC1,2026/06/09 03:15:00,4481.21,-0.10,TRADE
VIC1,2026/06/09 03:20:00,4517.19,0.01,TRADE
VIC1,2026/06/09 03:25:00,4503.52,-0.10,TRADE
VIC1,2026/06/09 03:30:00,4552.68,1,TRADE
VIC1,2026/06/09 03:35:00,4559.53,0.01,TRADE
VIC1,2026/06/09 03:40:00,4565.56,1,TRADE
VIC1,2026/06/09 03:45:00,4564.61,-0.05,TRADE
VIC1,2026/06/09 03:50:00,4490.88,1,TRADE
VIC1,2026/06/09 03:55:00,4508.26,1,TRADE
VIC1,2026/06/09 04:00:00,4470.65,0,TRADE
VIC1,2026/06/09 04:05:00,4543.08,1,TRADE
VIC1,2026/06/09 04:10:00,4600.19,1,TRADE
VIC1,2026/06/09 04:15:00,4544.68,0,TRADE
VIC1,2026/06/09 04:20:00,4566.52,0,TRADE
VIC1,2026/06/09 04:25:00,4587.56,0,TRADE
VIC1,2026/06/09 04:30:00,4625.02,0,TRADE
VIC1,2026/06/09 04:35:00,4652,0,TRADE
VIC1,2026/06/09 04:40:00,4595.06,0,TRADE
VIC1,2026/06/09 04:45:00,4694.5,0,TRADE
VIC1,2026/06/09 04:50:00,4700.01,0,TRADE
VIC1,2026/06/09 04:55:00,4680.04,0,TRADE
VIC1,2026/06/09 05:00:00,4695.17,0,TRADE
VIC1,2026/06/09 05:05:00,4783.55,0,TRADE
VIC1,2026/06/09 05:10:00,4828.58,0,TRADE
VIC1,2026/06/09 05:15:00,4880.21,-0.05,TRADE
VIC1,2026/06/09 05:20:00,4869.37,-0.05,TRADE
VIC1,2026/06/09 05:25:00,4838.21,-0.05,TRADE
VIC1,2026/06/09 05:30:00,4884.41,-0.05,TRADE
VIC1,2026/06/09 05:35:00,4957.11,-0.05,TRADE
VIC1,2026/06/09 05:40:00,5022.28,-0.05,TRADE
VIC1,2026/06/09 05:45:00,4964.01,-0.10,TRADE
VIC1,2026/06/09 05:50:00,5074.36,0,TRADE
VIC1,2026/06/09 05:55:00,5183.22,0.01,TRADE
VIC1,2026/06/09 06:00:00,5286.89,5.08,TRADE
VIC1,2026/06/09 06:05:00,5367.52,1.06,TRADE
VIC1,2026/06/09 06:10:00,5431.6,1.05,TRADE
VIC1,2026/06/09 06:15:00,5544.94,1.15,TRADE
VIC1,2026/06/09 06:20:00,5628.31,0.01,TRADE
VIC1,2026/06/09 06:25:00,5749.98,1.15,TRADE
VIC1,2026/06/09 06:30:00,5857.24,7.93,TRADE
VIC1,2026/06/09 06:35:00,5962.08,5.08,TRADE
VIC1,2026/06/09 06:40:00,6074.9,9.84,TRADE
VIC1,2026/06/09 06:45:00,6188.56,10.50,TRADE
VIC1,2026/06/09 06:50:00,6295.98,13.83,TRADE
VIC1,2026/06/09 06:55:00,6446.27,31.69,TRADE
VIC1,2026/06/09 07:00:00,6454.92,20.71,TRADE
VIC1,2026/06/09 07:05:00,6583.72,10.65,TRADE
VIC1,2026/06/09 07:10:00,6617.36,10.60,TRADE
VIC1,2026/06/09 07:15:00,6805.93,10.65,TRADE
VIC1,2026/06/09 07:20:00,6950.14,10.65,TRADE
VIC1,2026/06/09 07:25:00,6974.1,10.50,TRADE
VIC1,2026/06/09 07:30:00,7032.26,10.50,TRADE
VIC1,2026/06/09 07:35:00,7104.12,10.50,TRADE
VIC1,2026/06/09 07:40:00,7228.71,10.50,TRADE
VIC1,2026/06/09 07:45:00,7310.8,10.65,TRADE
VIC1,2026/06/09 07:50:00,7256.56,6.71,TRADE
VIC1,2026/06/09 07:55:00,7327.29,22.96,TRADE
VIC1,2026/06/09 08:00:00,7421.38,16.12,TRADE
VIC1,2026/06/09 08:05:00,7437.91,20.74,TRADE
VIC1,2026/06/09 08:10:00,7484.61,33.55,TRADE
VIC1,2026/06/09 08:15:00,7495.88,52.36,TRADE
VIC1,2026/06/09 08:20:00,7486.15,17.10,TRADE
VIC1,2026/06/09 08:25:00,7457.01,11.18,TRADE
VIC1,2026/06/09 08:30:00,7390.17,11.07,TRADE
VIC1,2026/06/09 08:35:00,7384.63,10.99,TRADE
VIC1,2026/06/09 08:40:00,7306.09,8.94,TRADE
VIC1,2026/06/09 08:45:00,7179.15,5.50,TRADE
VIC1,2026/06/09 08:50:00,7144.24,8.78,TRADE
VIC1,2026/06/09 08:55:00,7141.44,15.31,TRADE
VIC1,2026/06/09 09:00:00,7020.33,-0.05,TRADE
VIC1,2026/06/09 09:05:00,7089.32,-0.05,TRADE
VIC1,2026/06/09 09:10:00,6974.09,0.01,TRADE
VIC1,2026/06/09 09:15:00,6915.89,-0.05,TRADE
VIC1,2026/06/09 09:20:00,6857.74,-0.05,TRADE
VIC1,2026/06/09 09:25:00,6661.63,-2.29,TRADE
VIC1,2026/06/09 09:30:00,6611.1,-0.10,TRADE
VIC1,2026/06/09 09:35:00,6588.18,-0.10,TRADE
VIC1,2026/06/09 09:40:00,6490.01,-0.10,TRADE
VIC1,2026/06/09 09:45:00,6453.09,-0.05,TRADE
VIC1,2026/06/09 09:50:00,6521.96,-0.05,TRADE
VIC1,2026/06/09 09:55:00,6513.84,-0.05,TRADE
VIC1,2026/06/09 10:00:00,6443.11,-0.10,TRADE
VIC1,2026/06/09 10:05:00,6362.95,0,TRADE
VIC1,2026/06/09 10:10:00,6401.29,1.15,TRADE
VIC1,2026/06/09 10:15:00,6330.14,-0.05,TRADE
VIC1,2026/06/09 10:20:00,6307.26,-0.10,TRADE
VIC1,2026/06/09 10:25:00,6270.65,-0.10,TRADE
VIC1,2026/06/09 10:30:00,6092.32,-0.10,TRADE
VIC1,2026/06/09 10:35:00,5985.25,-0.10,TRADE
VIC1,2026/06/09 10:40:00,5959.45,-0.10,TRADE
VIC1,2026/06/09 10:45:00,5864.6,-0.10,TRADE
VIC1,2026/06/09 10:50:00,5697.42,-0.10,TRADE
VIC1,2026/06/09 10:55:00,5713.27,-0.10,TRADE
VIC1,2026/06/09 11:00:00,5640.27,-0.05,TRADE
VIC1,2026/06/09 11:05:00,5573.88,-0.05,TRADE
VIC1,2026/06/09 11:10:00,5623.71,-0.02,TRADE
VIC1,2026/06/09 11:15:00,5618.86,0,TRADE
VIC1,2026/06/09 11:20:00,5652.75,1.13,TRADE
VIC1,2026/06/09 11:25:00,5640.27,8.78,TRADE
VIC1,2026/06/09 11:30:00,5587.78,-0.05,TRADE
VIC1,2026/06/09 11:35:00,5490.45,1.13,TRADE
VIC1,2026/06/09 11:40:00,5491.85,1.13,TRADE
VIC1,2026/06/09 11:45:00,5455.25,6.17,TRADE
VIC1,2026/06/09 11:50:00,5421.12,6.16,TRADE
VIC1,2026/06/09 11:55:00,5367.73,1.12,TRADE
VIC1,2026/06/09 12:00:00,5169.06,-0.05,TRADE
VIC1,2026/06/09 12:05:00,5229.26,-0.05,TRADE
VIC1,2026/06/09 12:10:00,5194.44,-0.02,TRADE
VIC1,2026/06/09 12:15:00,5112.59,-0.10,TRADE
VIC1,2026/06/09 12:20:00,5163.23,-0.10,TRADE
VIC1,2026/06/09 12:25:00,5127.59,-0.10,TRADE
VIC1,2026/06/09 12:30:00,5043.78,-3.47,TRADE
VIC1,2026/06/09 12:35:00,4980.86,-6.88,TRADE
VIC1,2026/06/09 12:40:00,4995.64,-2.41,TRADE
VIC1,2026/06/09 12:45:00,5044.71,-2.41,TRADE
VIC1,2026/06/09 12:50:00,4955.6,-2.26,TRADE
VIC1,2026/06/09 12:55:00,4949.03,-3.63,TRADE
VIC1,2026/06/09 13:00:00,5041.58,-0.10,TRADE
VIC1,2026/06/09 13:05:00,5062.26,-0.10,TRADE
VIC1,2026/06/09 13:10:00,5083.5,-0.05,TRADE
VIC1,2026/06/09 13:15:00,5143.06,-0.05,TRADE
VIC1,2026/06/09 13:20:00,5040.76,-0.05,TRADE
VIC1,2026/06/09 13:25:00,4986.74,-0.10,TRADE
VIC1,2026/06/09 13:30:00,5085.55,-0.05,TRADE
VIC1,2026/06/09 13:35:00,5088.87,-0.05,TRADE
VIC1,2026/06/09 13:40:00,4971.18,-0.10,TRADE
VIC1,2026/06/09 13:45:00,5056.25,-0.10,TRADE
VIC1,2026/06/09 13:50:00,5072.22,-0.10,TRADE
VIC1,2026/06/09 13:55:00,4947.19,-2.29,TRADE
VIC1,2026/06/09 14:00:00,4989.71,-0.10,TRADE
VIC1,2026/06/09 14:05:00,5081.77,-0.10,TRADE
VIC1,2026/06/09 14:10:00,4977.9,-2.26,TRADE
VIC1,2026/06/09 14:15:00,4984.78,-0.10,TRADE
VIC1,2026/06/09 14:20:00,5050.36,-0.10,TRADE
VIC1,2026/06/09 14:25:00,5086.83,-0.10,TRADE
VIC1,2026/06/09 14:30:00,5063.16,-0.10,TRADE
VIC1,2026/06/09 14:35:00,5095.1,-0.10,TRADE
VIC1,2026/06/09 14:40:00,5097.97,-0.10,TRADE
VIC1,2026/06/09 14:45:00,5112.47,-0.10,TRADE
VIC1,2026/06/09 14:50:00,5131.37,-0.10,TRADE
VIC1,2026/06/09 14:55:00,5104.25,-3.01,TRADE
VIC1,2026/06/09 15:00:00,5097.71,-2.26,TRADE
VIC1,2026/06/09 15:05:00,5170.24,-0.10,TRADE
VIC1,2026/06/09 15:10:00,5170.02,-2.29,TRADE
VIC1,2026/06/09 15:15:00,5196.82,-2.29,TRADE
VIC1,2026/06/09 15:20:00,5153.1,-11.74,TRADE
VIC1,2026/06/09 15:25:00,5313.68,-2.29,TRADE
VIC1,2026/06/09 15:30:00,5288.58,-3.50,TRADE
VIC1,2026/06/09 15:35:00,5450.27,-0.10,TRADE
VIC1,2026/06/09 15:40:00,5471.21,-2.29,TRADE
VIC1,2026/06/09 15:45:00,5483.31,-0.10,TRADE
VIC1,2026/06/09 15:50:00,5573.88,-3.45,TRADE
VIC1,2026/06/09 15:55:00,5685.99,-3.44,TRADE
VIC1,2026/06/09 16:00:00,5796.63,-2.36,TRADE
VIC1,2026/06/09 16:05:00,5910.67,-2.29,TRADE
VIC1,2026/06/09 16:10:00,5981.75,-2.38,TRADE
VIC1,2026/06/09 16:15:00,6070.64,-2.29,TRADE
VIC1,2026/06/09 16:20:00,6141.17,-2,TRADE
VIC1,2026/06/09 16:25:00,6205.39,-0.10,TRADE
VIC1,2026/06/09 16:30:00,6288.26,-0.10,TRADE
VIC1,2026/06/09 16:35:00,6347.59,-0.10,TRADE
VIC1,2026/06/09 16:40:00,6350.01,0,TRADE
VIC1,2026/06/09 16:45:00,6493,1.12,TRADE
VIC1,2026/06/09 16:50:00,6565.62,1.14,TRADE
VIC1,2026/06/09 16:55:00,6645.07,16.80,TRADE
VIC1,2026/06/09 17:00:00,6642.23,16.86,TRADE
VIC1,2026/06/09 17:05:00,6801.61,9.63,TRADE
VIC1,2026/06/09 17:10:00,6813.4,1.13,TRADE
VIC1,2026/06/09 17:15:00,6899.96,1.12,TRADE
VIC1,2026/06/09 17:20:00,7020.15,22.09,TRADE
VIC1,2026/06/09 17:25:00,7044.49,23.73,TRADE
VIC1,2026/06/09 17:30:00,7116.19,8.94,TRADE
VIC1,2026/06/09 17:35:00,7174.96,5.08,TRADE
VIC1,2026/06/09 17:40:00,7166.08,10.80,TRADE
VIC1,2026/06/09 17:45:00,7298.53,10.73,TRADE
VIC1,2026/06/09 17:50:00,7332.87,15.68,TRADE
VIC1,2026/06/09 17:55:00,7345.36,17.44,TRADE
VIC1,2026/06/09 18:00:00,7384.4,15.68,TRADE
VIC1,2026/06/09 18:05:00,7275.48,4.69,TRADE
VIC1,2026/06/09 18:10:00,7270.58,9.18,TRADE
VIC1,2026/06/09 18:15:00,7220.45,9.04,TRADE
VIC1,2026/06/09 18:20:00,7342.94,15.68,TRADE
VIC1,2026/06/09 18:25:00,7318.71,5.55,TRADE
VIC1,2026/06/09 18:30:00,7237.93,4.69,TRADE
VIC1,2026/06/09 18:35:00,7292.01,15.77,TRADE
VIC1,2026/06/09 18:40:00,7234.65,8.94,TRADE
VIC1,2026/06/09 18:45:00,7272.14,16.73,TRADE
VIC1,2026/06/09 18:50:00,7283.01,10.65,TRADE
VIC1,2026/06/09 18:55:00,7179.84,9.92,TRADE
VIC1,2026/06/09 19:00:00,7135.46,10.65,TRADE
VIC1,2026/06/09 19:05:00,7146.7,10.67,TRADE
VIC1,2026/06/09 19:10:00,7076.4,10.65,TRADE
VIC1,2026/06/09 19:15:00,7063.24,17.10,TRADE
VIC1,2026/06/09 19:20:00,7015.64,9.21,TRADE
VIC1,2026/06/09 19:25:00,7027.5,9.13,TRADE
VIC1,2026/06/09 19:30:00,7011,8.94,TRADE
VIC1,2026/06/09 19:35:00,6998.39,5.55,TRADE
VIC1,2026/06/09 19:40:00,7012.36,7.96,TRADE
VIC1,2026/06/09 19:45:00,6910.39,5.08,TRADE
VIC1,2026/06/09 19:50:00,6860.78,0.01,TRADE
VIC1,2026/06/09 19:55:00,6918.77,1.65,TRADE
VIC1,2026/06/09 20:00:00,6916.11,0.01,TRADE
VIC1,2026/06/09 20:05:00,6838.85,-0.05,TRADE
VIC1,2026/06/09 20:10:00,6810.88,-0.05,TRADE
VIC1,2026/06/09 20:15:00,6801.01,-0.05,TRADE
VIC1,2026/06/09 20:20:00,6781.3,-0.05,TRADE
VIC1,2026/06/09 20:25:00,6621.24,-0.10,TRADE
VIC1,2026/06/09 20:30:00,6602.65,-0.10,TRADE
VIC1,2026/06/09 20:35:00,6645.22,-0.10,TRADE
VIC1,2026/06/09 20:40:00,6571.47,-0.10,TRADE
VIC1,2026/06/09 20:45:00,6542.33,-0.10,TRADE
VIC1,2026/06/09 20:50:00,6523.02,-0.10,TRADE
VIC1,2026/06/09 20:55:00,6492.71,-0.10,TRADE
VIC1,2026/06/09 21:00:00,6370.33,-2.26,TRADE
VIC1,2026/06/09 21:05:00,6300.74,-2.26,TRADE
VIC1,2026/06/09 21:10:00,6252.25,-2,TRADE
VIC1,2026/06/09 21:15:00,6295.25,-2.10,TRADE
VIC1,2026/06/09 21:20:00,6204.64,-2.29,TRADE
VIC1,2026/06/09 21:25:00,6169.83,-4.68,TRADE
VIC1,2026/06/09 21:30:00,6229.21,-2.29,TRADE
VIC1,2026/06/09 21:35:00,6180.66,-2.29,TRADE
VIC1,2026/06/09 21:40:00,6088.28,-2.29,TRADE
VIC1,2026/06/09 21:45:00,6070.25,-2.26,TRADE
VIC1,2026/06/09 21:50:00,6022.93,-2.29,TRADE
VIC1,2026/06/09 21:55:00,5950.71,-2.99,TRADE
VIC1,2026/06/09 22:00:00,5822.76,-3.05,TRADE
VIC1,2026/06/09 22:05:00,5723.89,-3.02,TRADE
VIC1,2026/06/09 22:10:00,5816.13,-2.99,TRADE
VIC1,2026/06/09 22:15:00,5756.31,-3.11,TRADE
VIC1,2026/06/09 22:20:00,5644.71,-4.69,TRADE
VIC1,2026/06/09 22:25:00,5671.7,-4.68,TRADE
VIC1,2026/06/09 22:30:00,5606.81,-4.68,TRADE
VIC1,2026/06/09 22:35:00,5577.29,-3.07,TRADE
VIC1,2026/06/09 22:40:00,5505.9,-3.10,TRADE
VIC1,2026/06/09 22:45:00,5368.82,-4.68,TRADE
VIC1,2026/06/09 22:50:00,5351.81,-5.32,TRADE
VIC1,2026/06/09 22:55:00,5337.24,-3.22,TRADE
VIC1,2026/06/09 23:00:00,5362.77,-3.21,TRADE
VIC1,2026/06/09 23:05:00,5312.99,-5.39,TRADE
VIC1,2026/06/09 23:10:00,5449.69,-3,TRADE
VIC1,2026/06/09 23:15:00,5442.6,-3.44,TRADE
VIC1,2026/06/09 23:20:00,5384.45,-11.74,TRADE
VIC1,2026/06/09 23:25:00,5415.42,-2.99,TRADE
VIC1,2026/06/09 23:30:00,5295.91,-3.01,TRADE
VIC1,2026/06/09 23:35:00,5257.59,-5.73,TRADE
VIC1,2026/06/09 23:40:00,5299.06,-2.29,TRADE
VIC1,2026/06/09 23:45:00,5168.71,-3.01,TRADE
VIC1,2026/06/09 23:50:00,5136.99,-5.77,TRADE
VIC1,2026/06/09 23:55:00,5066.44,-3.35,TRADE
VIC1,2026/06/10 00:00:00,5114.25,-3.01,TRADE
VIC1,2026/06/10 00:05:00,5074.24,-3.37,TRADE
VIC1,2026/06/10 00:10:00,5102.29,-3.01,TRADE
VIC1,2026/06/10 00:15:00,5061.93,-3.01,TRADE
VIC1,2026/06/10 00:20:00,5038.15,-3.01,TRADE
VIC1,2026/06/10 00:25:00,5002.11,-3.01,TRADE
VIC1,2026/06/10 00:30:00,4887.61,-3.19,TRADE
VIC1,2026/06/10 00:35:00,4933.07,-3.01,TRADE
VIC1,2026/06/10 00:40:00,4884.99,-3.01,TRADE
VIC1,2026/06/10 00:45:00,4836.29,-2.99,TRADE
VIC1,2026/06/10 00:50:00,4817.63,-2.99,TRADE
VIC1,2026/06/10 00:55:00,4775.7,-3.01,TRADE
VIC1,2026/06/10 01:00:00,4793.77,-3.01,TRADE
VIC1,2026/06/10 01:05:00,4777,-3.01,TRADE
VIC1,2026/06/10 01:10:00,4776.14,-3.01,TRADE
VIC1,2026/06/10 01:15:00,4694.08,-3.26,TRADE
VIC1,2026/06/10 01:20:00,4636.82,-3.20,TRADE
VIC1,2026/06/10 01:25:00,4682.11,-3.20,TRADE
VIC1,2026/06/10 01:30:00,4637.95,-3.20,TRADE
VIC1,2026/06/10 01:35:00,4522.93,-5.36,TRADE
VIC1,2026/06/10 01:40:00,4598.87,-3.23,TRADE
VIC1,2026/06/10 01:45:00,4556.87,-5.34,TRADE
VIC1,2026/06/10 01:50:00,4456.59,-3.09,TRADE
VIC1,2026/06/10 01:55:00,4538.49,-5.29,TRADE
VIC1,2026/06/10 02:00:00,4444.76,-5.19,TRADE
VIC1,2026/06/10 02:05:00,4441.98,-3.01,TRADE
VIC1,2026/06/10 02:10:00,4479.38,-3.10,TRADE
VIC1,2026/06/10 02:15:00,4422.54,-5.17,TRADE
VIC1,2026/06/10 02:20:00,4431.27,-11.74,TRADE
VIC1,2026/06/10 02:25:00,4498.14,-3.14,TRADE
VIC1,2026/06/10 02:30:00,4425.83,-2.99,TRADE
VIC1,2026/06/10 02:35:00,4440.72,-5.28,TRADE
VIC1,2026/06/10 02:40:00,4432.08,-3.09,TRADE
VIC1,2026/06/10 02:45:00,4327.14,-11.74,TRADE
VIC1,2026/06/10 02:50:00,4319.57,-3.01,TRADE
VIC1,2026/06/10 02:55:00,4375.6,-3.01,TRADE
VIC1,2026/06/10 03:00:00,4292.93,-11.74,TRADE
VIC1,2026/06/10 03:05:00,4388.79,-2.99,TRADE
VIC1,2026/06/10 03:10:00,4308.05,-11.74,TRADE
VIC1,2026/06/10 03:15:00,4398.74,-5.28,TRADE
VIC1,2026/06/10 03:20:00,4341.41,-3,TRADE
VIC1,2026/06/10 03:25:00,4332.51,-2.90,TRADE
VIC1,2026/06/10 03:30:00,4287.75,-3.01,TRADE
VIC1,2026/06/10 03:35:00,4264.27,-3.01,TRADE
VIC1,2026/06/10 03:40:00,4259.76,-3.01,TRADE
VIC1,2026/06/10 03:45:00,4324.76,-3.01,TRADE
VIC1,2026/06/10 03:50:00,4351.74,-2.99,TRADE
VIC1,2026/06/10 03:55:00,4286.8,-3.01,TRADE
VIC1,2026/06/10 04:00:00,4328.86,-2.99,TRADE
VIC1,2026/06/10 04:05:00,4267.88,-3.01,TRADE
VIC1,2026/06/10 04:10:00,4273.17,-11.74,TRADE
VIC1,2026/06/10 04:15:00,4375.59,-3,TRADE
VIC1,2026/06/10 04:20:00,4383.13,-2.92,TRADE
VIC1,2026/06/10 04:25:00,4403.1,-3.04,TRADE
VIC1,2026/06/10 04:30:00,4386.26,-5.12,TRADE
VIC1,2026/06/10 04:35:00,4319.73,-5.10,TRADE
VIC1,2026/06/10 04:40:00,4375.64,-3.08,TRADE
VIC1,2026/06/10 04:45:00,4394.23,-3.12,TRADE
VIC1,2026/06/10 04:50:00,4397.96,-3.01,TRADE
VIC1,2026/06/10 04:55:00,4381.11,-3.04,TRADE
VIC1,2026/06/10 05:00:00,4405.49,-3.07,TRADE
VIC1,2026/06/10 05:05:00,4409.41,-3.12,TRADE
VIC1,2026/06/10 05:10:00,4471.42,-3.01,TRADE
VIC1,2026/06/10 05:15:00,4495.39,-3.01,TRADE
VIC1,2026/06/10 05:20:00,4529.25,-2.67,TRADE
VIC1,2026/06/10 05:25:00,4562.01,-2.29,TRADE
VIC1,2026/06/10 05:30:00,4608.59,-2.29,TRADE
VIC1,2026/06/10 05:35:00,4618.02,-2.29,TRADE
VIC1,2026/06/10 05:40:00,4691.81,-2.26,TRADE
VIC1,2026/06/10 05:45:00,4716.62,-2.26,TRADE
VIC1,2026/06/10 05:50:00,4778.71,-2.04,TRADE
VIC1,2026/06/10 05:55:00,4817.3,-2.04,TRADE
VIC1,2026/06/10 06:00:00,4857.53,-2.09,TRADE
VIC1,2026/06/10 06:05:00,4907.92,-2,TRADE
VIC1,2026/06/10 06:10:00,5029.9,-1.10,TRADE
VIC1,2026/06/10 06:15:00,5107.77,-0.10,TRADE
VIC1,2026/06/10 06:20:00,5145.49,-0.10,TRADE
VIC1,2026/06/10 06:25:00,5231.77,-0.10,TRADE
VIC1,2026/06/10 06:30:00,5305.77,-0.10,TRADE
VIC1,2026/06/10 06:35:00,5374.23,-0.10,TRADE
VIC1,2026/06/10 06:40:00,5465.93,-0.10,TRADE
VIC1,2026/06/10 06:45:00,5529.4,-0.05,TRADE
VIC1,2026/06/10 06:50:00,5588.33,-0.05,TRADE
VIC1,2026/06/10 06:55:00,5660.16,0,TRADE
VIC1,2026/06/10 07:00:00,5732.12,0,TRADE
VIC1,2026/06/10 07:05:00,5848.56,0,TRADE
VIC1,2026/06/10 07:10:00,5882.06,0,TRADE
VIC1,2026/06/10 07:15:00,6028.37,1.01,TRADE
VIC1,2026/06/10 07:20:00,6093.37,0.01,TRADE
VIC1,2026/06/10 07:25:00,6156.36,1.13,TRADE
VIC1,2026/06/10 07:30:00,6213.52,1.13,TRADE
VIC1,2026/06/10 07:35:00,6279.16,1.13,TRADE
VIC1,2026/06/10 07:40:00,6322.21,5.08,TRADE
VIC1,2026/06/10 07:45:00,6365.33,17.71,TRADE
VIC1,2026/06/10 07:50:00,6376.89,10.50,TRADE
VIC1,2026/06/10 07:55:00,6417.28,10.50,TRADE
VIC1,2026/06/10 08:00:00,6389.06,9.51,TRADE
VIC1,2026/06/10 08:05:00,6372.68,10.50,TRADE
VIC1,2026/06/10 08:10:00,6447.7,16.68,TRADE
VIC1,2026/06/10 08:15:00,6481.97,10.65,TRADE
VIC1,2026/06/10 08:20:00,6481.02,10.50,TRADE
VIC1,2026/06/10 08:25:00,6487.36,10.50,TRADE
VIC1,2026/06/10 08:30:00,6456.83,10.50,TRADE
VIC1,2026/06/10 08:35:00,6401.9,8.94,TRADE
VIC1,2026/06/10 08:40:00,6381.54,8.94,TRADE
VIC1,2026/06/10 08:45:00,6383.7,9.87,TRADE
VIC1,2026/06/10 08:50:00,6406.03,10.65,TRADE
VIC1,2026/06/10 08:55:00,6429.19,10.50,TRADE
VIC1,2026/06/10 09:00:00,6479.21,8.94,TRADE
VIC1,2026/06/10 09:05:00,6438.17,10.50,TRADE
VIC1,2026/06/10 09:10:00,6457.29,10.50,TRADE
VIC1,2026/06/10 09:15:00,6463.71,8.97,TRADE
VIC1,2026/06/10 09:20:00,6440.72,54.65,TRADE
VIC1,2026/06/10 09:25:00,6490.07,55.81,TRADE
VIC1,2026/06/10 09:30:00,6464.91,10.50,TRADE
VIC1,2026/06/10 09:35:00,6437.54,0,TRADE
VIC1,2026/06/10 09:40:00,6413.45,20.73,TRADE
VIC1,2026/06/10 09:45:00,6389.63,10.50,TRADE
VIC1,2026/06/10 09:50:00,6025.66,1.02,TRADE
VIC1,2026/06/10 09:55:00,6301.5,36.71,TRADE
VIC1,2026/06/10 10:00:00,6433.61,1.68,TRADE
VIC1,2026/06/10 10:05:00,6246.95,-0.05,TRADE
VIC1,2026/06/10 10:10:00,6283.54,9.90,TRADE
VIC1,2026/06/10 10:15:00,6241.37,15.68,TRADE
VIC1,2026/06/10 10:20:00,6242.77,1.03,TRADE
VIC1,2026/06/10 10:25:00,6195.08,-0.05,TRADE
VIC1,2026/06/10 10:30:00,6161.35,0,TRADE
VIC1,2026/06/10 10:35:00,6156.47,10.50,TRADE
VIC1,2026/06/10 10:40:00,6136.99,-0.02,TRADE
VIC1,2026/06/10 10:45:00,6130.31,1.14,TRADE
VIC1,2026/06/10 10:50:00,6157.11,0.42,TRADE
VIC1,2026/06/10 10:55:00,6092.17,10.50,TRADE
VIC1,2026/06/10 11:00:00,6044.76,9.87,TRADE
VIC1,2026/06/10 11:05:00,5984.59,1.06,TRADE
VIC1,2026/06/10 11:10:00,6150.02,0,TRADE
VIC1,2026/06/10 11:15:00,6168.35,5.08,TRADE
VIC1,2026/06/10 11:20:00,6090.05,-0.02,TRADE
VIC1,2026/06/10 11:25:00,6057.06,8.94,TRADE
VIC1,2026/06/10 11:30:00,5961.87,10.50,TRADE
VIC1,2026/06/10 11:35:00,5871.64,10.65,TRADE
VIC1,2026/06/10 11:40:00,5864.1,10.50,TRADE
VIC1,2026/06/10 11:45:00,5857.55,8.57,TRADE
VIC1,2026/06/10 11:50:00,5783.6,2.49,TRADE
VIC1,2026/06/10 11:55:00,5796.09,16.29,TRADE
VIC1,2026/06/10 12:00:00,5761.34,52.97,TRADE
VIC1,2026/06/10 12:05:00,5731.29,55.21,TRADE
VIC1,2026/06/10 12:10:00,5733.97,10.65,TRADE
VIC1,2026/06/10 12:15:00,5788.89,54.50,TRADE
VIC1,2026/06/10 12:20:00,5801.37,56.17,TRADE
VIC1,2026/06/10 12:25:00,5882.36,63.90,TRADE
VIC1,2026/06/10 12:30:00,5887.94,60,TRADE
VIC1,2026/06/10 12:35:00,5888.8,52.50,TRADE
VIC1,2026/06/10 12:40:00,5903.84,52.26,TRADE
VIC1,2026/06/10 12:45:00,5872.75,53.63,TRADE
VIC1,2026/06/10 12:50:00,5909.87,70.06,TRADE
VIC1,2026/06/10 12:55:00,5916.03,65.59,TRADE
VIC1,2026/06/10 13:00:00,5971.78,55.25,TRADE
VIC1,2026/06/10 13:05:00,5997.34,57.09,TRADE
VIC1,2026/06/10 13:10:00,6015.61,55.28,TRADE
VIC1,2026/06/10 13:15:00,6004.11,56.56,TRADE
VIC1,2026/06/10 13:20:00,5991.74,58.61,TRADE
VIC1,2026/06/10 13:25:00,5998.76,55.71,TRADE
VIC1,2026/06/10 13:30:00,6020.73,56.20,TRADE
VIC1,2026/06/10 13:35:00,5971.62,54.90,TRADE
VIC1,2026/06/10 13:40:00,6001.82,80.50,TRADE
VIC1,2026/06/10 13:45:00,6001.77,80.50,TRADE
VIC1,2026/06/10 13:50:00,5968,62.31,TRADE
VIC1,2026/06/10 13:55:00,6007.33,73.21,TRADE
VIC1,2026/06/10 14:00:00,6034.13,71.34,TRADE
VIC1,2026/06/10 14:05:00,5972.55,66.46,TRADE
VIC1,2026/06/10 14:10:00,5907.1,72.05,TRADE
VIC1,2026/06/10 14:15:00,5878.22,72.79,TRADE
VIC1,2026/06/10 14:20:00,5867.02,80.50,TRADE
VIC1,2026/06/10 14:25:00,5912.26,83.66,TRADE
VIC1,2026/06/10 14:30:00,5921.1,110.50,TRADE
VIC1,2026/06/10 14:35:00,5932.1,80.50,TRADE
VIC1,2026/06/10 14:40:00,5981.86,80.75,TRADE
VIC1,2026/06/10 14:45:00,5992.79,63.78,TRADE
VIC1,2026/06/10 14:50:00,6062.89,65.56,TRADE
VIC1,2026/06/10 14:55:00,6158.04,88.90,TRADE
VIC1,2026/06/10 15:00:00,6171.6,80.50,TRADE
VIC1,2026/06/10 15:05:00,6182.84,76.99,TRADE
VIC1,2026/06/10 15:10:00,6189.03,73.74,TRADE
VIC1,2026/06/10 15:15:00,6226.34,73.95,TRADE
VIC1,2026/06/10 15:20:00,6247.05,90.73,TRADE
VIC1,2026/06/10 15:25:00,6295.34,113.53,TRADE
VIC1,2026/06/10 15:30:00,6301.81,112.51,TRADE
VIC1,2026/06/10 15:35:00,6269.62,110.50,TRADE
VIC1,2026/06/10 15:40:00,6325.01,111.39,TRADE
VIC1,2026/06/10 15:45:00,6347.21,112.73,TRADE
VIC1,2026/06/10 15:50:00,6364.11,111.51,TRADE
VIC1,2026/06/10 15:55:00,6417.56,112.34,TRADE
VIC1,2026/06/10 16:00:00,6472.41,120.17,TRADE
VIC1,2026/06/10 16:05:00,6528.07,115.69,TRADE
VIC1,2026/06/10 16:10:00,6581.89,115.69,TRADE
VIC1,2026/06/10 16:15:00,6615.97,119.65,TRADE
VIC1,2026/06/10 16:20:00,6636.06,116.03,TRADE
VIC1,2026/06/10 16:25:00,6660.48,121.48,TRADE
VIC1,2026/06/10 16:30:00,6721.05,122.01,TRADE
VIC1,2026/06/10 16:35:00,6730.76,120.91,TRADE
VIC1,2026/06/10 16:40:00,6724,124.15,TRADE
VIC1,2026/06/10 16:45:00,6801.36,129.73,TRADE
VIC1,2026/06/10 16:50:00,6826.21,120.88,TRADE
VIC1,2026/06/10 16:55:00,6888.06,120.88,TRADE
VIC1,2026/06/10 17:00:00,6934.03,122.02,TRADE
VIC1,2026/06/10 17:05:00,6984.03,120.88,TRADE
VIC1,2026/06/10 17:10:00,6981.75,115,TRADE
VIC1,2026/06/10 17:15:00,7064.08,120.88,TRADE
VIC1,2026/06/10 17:20:00,7159.47,120.88,TRADE
VIC1,2026/06/10 17:25:00,7168.53,120.88,TRADE
VIC1,2026/06/10 17:30:00,7225.6,124,TRADE
VIC1,2026/06/10 17:35:00,7259.2,119.25,TRADE
VIC1,2026/06/10 17:40:00,7305.48,119.22,TRADE
VIC1,2026/06/10 17:45:00,7356.47,119.25,TRADE
VIC1,2026/06/10 17:50:00,7390.98,120.88,TRADE
VIC1,2026/06/10 17:55:00,7372.98,120.88,TRADE
VIC1,2026/06/10 18:00:00,7385.94,120.88,TRADE
VIC1,2026/06/10 18:05:00,7339.92,119.25,TRADE
VIC1,2026/06/10 18:10:00,7029.66,120.88,TRADE
VIC1,2026/06/10 18:15:00,6995.72,119.25,TRADE
VIC1,2026/06/10 18:20:00,7020.74,119.25,TRADE
VIC1,2026/06/10 18:25:00,7017.08,120.88,TRADE
VIC1,2026/06/10 18:30:00,7010.36,119.25,TRADE
VIC1,2026/06/10 18:35:00,6994.48,118.31,TRADE
VIC1,2026/06/10 18:40:00,6982.53,115,TRADE
VIC1,2026/06/10 18:45:00,6961.36,114.41,TRADE
VIC1,2026/06/10 18:50:00,6963.54,110.50,TRADE
VIC1,2026/06/10 18:55:00,6941.81,115,TRADE
VIC1,2026/06/10 19:00:00,6920.97,114.92,TRADE
VIC1,2026/06/10 19:05:00,7040.69,118.51,TRADE
VIC1,2026/06/10 19:10:00,7071.52,115,TRADE
VIC1,2026/06/10 19:15:00,7145.96,115.69,TRADE
VIC1,2026/06/10 19:20:00,7101.21,115,TRADE
VIC1,2026/06/10 19:25:00,7118.03,111.83,TRADE
VIC1,2026/06/10 19:30:00,7098.3,110.50,TRADE
VIC1,2026/06/10 19:35:00,7088.86,110.50,TRADE
VIC1,2026/06/10 19:40:00,7075.73,110.50,TRADE
VIC1,2026/06/10 19:45:00,7062.74,110.50,TRADE
VIC1,2026/06/10 19:50:00,7035.72,110.50,TRADE
VIC1,2026/06/10 19:55:00,7004.78,110.50,TRADE
VIC1,2026/06/10 20:00:00,6967.78,110.50,TRADE
VIC1,2026/06/10 20:05:00,6943.37,110.50,TRADE
VIC1,2026/06/10 20:10:00,6976.25,114.67,TRADE
VIC1,2026/06/10 20:15:00,6957.22,107.91,TRADE
VIC1,2026/06/10 20:20:00,6992.84,115,TRADE
VIC1,2026/06/10 20:25:00,6865.67,110.50,TRADE
VIC1,2026/06/10 20:30:00,6823.62,110.50,TRADE
VIC1,2026/06/10 20:35:00,6787.73,115.69,TRADE
VIC1,2026/06/10 20:40:00,6874,110.50,TRADE
VIC1,2026/06/10 20:45:00,6783.48,110.50,TRADE
VIC1,2026/06/10 20:50:00,6753.91,110.50,TRADE
VIC1,2026/06/10 20:55:00,6639.25,110.50,TRADE
VIC1,2026/06/10 21:00:00,6648.52,105.89,TRADE
VIC1,2026/06/10 21:05:00,6654.19,115.88,TRADE
VIC1,2026/06/10 21:10:00,6534,120.88,TRADE
VIC1,2026/06/10 21:15:00,6538.18,120.88,TRADE
VIC1,2026/06/10 21:20:00,6470.23,115.69,TRADE
VIC1,2026/06/10 21:25:00,6531.92,123.73,TRADE
VIC1,2026/06/10 21:30:00,6416.82,115.72,TRADE
VIC1,2026/06/10 21:35:00,6420.21,124.07,TRADE
VIC1,2026/06/10 21:40:00,6382.62,127.26,TRADE
VIC1,2026/06/10 21:45:00,6338.48,114.78,TRADE
VIC1,2026/06/10 21:50:00,6337.87,110.50,TRADE
VIC1,2026/06/10 21:55:00,6179.16,110.50,TRADE
VIC1,2026/06/10 22:00:00,6144.29,110.50,TRADE
VIC1,2026/06/10 22:05:00,6129.19,110.50,TRADE
VIC1,2026/06/10 22:10:00,6033.38,110.50,TRADE
VIC1,2026/06/10 22:15:00,5999.51,110.50,TRADE
VIC1,2026/06/10 22:20:00,6043.05,110.50,TRADE
VIC1,2026/06/10 22:25:00,5953.22,99.37,TRADE
VIC1,2026/06/10 22:30:00,5965.96,99.89,TRADE
VIC1,2026/06/10 22:35:00,5922.22,91.17,TRADE
VIC1,2026/06/10 22:40:00,5896.22,96.27,TRADE
VIC1,2026/06/10 22:45:00,5870.53,105.54,TRADE
VIC1,2026/06/10 22:50:00,5779.92,101.88,TRADE
VIC1,2026/06/10 22:55:00,5744.83,93.42,TRADE
VIC1,2026/06/10 23:00:00,5720.78,91.92,TRADE
VIC1,2026/06/10 23:05:00,5810.29,98.47,TRADE
VIC1,2026/06/10 23:10:00,5857.33,101.08,TRADE
VIC1,2026/06/10 23:15:00,5835.44,109.44,TRADE
VIC1,2026/06/10 23:20:00,5858.17,101.76,TRADE
VIC1,2026/06/10 23:25:00,5852.49,94.65,TRADE
VIC1,2026/06/10 23:30:00,5843.99,101.99,TRADE
VIC1,2026/06/10 23:35:00,5761.57,101.93,TRADE
VIC1,2026/06/10 23:40:00,5776.65,94.95,TRADE
VIC1,2026/06/10 23:45:00,5652.7,92.78,TRADE
VIC1,2026/06/10 23:50:00,5633.44,104.22,TRADE
VIC1,2026/06/10 23:55:00,5575.37,98.60,TRADE
VIC1,2026/06/11 00:00:00,5577.56,86.81,TRADE
VIC1,2026/06/11 00:05:00,5607.26,94.33,TRADE
VIC1,2026/06/11 00:10:00,5631.2,110.50,TRADE
VIC1,2026/06/11 00:15:00,5569.7,101.97,TRADE
VIC1,2026/06/11 00:20:00,5533.34,93.54,TRADE
VIC1,2026/06/11 00:25:00,5532.16,92.67,TRADE
VIC1,2026/06/11 00:30:00,5527.29,92.43,TRADE
VIC1,2026/06/11 00:35:00,5502.52,99.63,TRADE
VIC1,2026/06/11 00:40:00,5473.94,96.91,TRADE
VIC1,2026/06/11 00:45:00,5357.07,100.03,TRADE
VIC1,2026/06/11 00:50:00,5339.42,97.80,TRADE
VIC1,2026/06/11 00:55:00,5361.83,99.79,TRADE
VIC1,2026/06/11 01:00:00,5334.65,91.46,TRADE
VIC1,2026/06/11 01:05:00,5272.85,97.03,TRADE
VIC1,2026/06/11 01:10:00,5312.98,103.10,TRADE
VIC1,2026/06/11 01:15:00,5290.02,93.64,TRADE
VIC1,2026/06/11 01:20:00,5280.5,92.15,TRADE
VIC1,2026/06/11 01:25:00,5241.8,107.73,TRADE
VIC1,2026/06/11 01:30:00,5154.82,98.02,TRADE
VIC1,2026/06/11 01:35:00,5135.59,92.68,TRADE
VIC1,2026/06/11 01:40:00,5104.27,110.50,TRADE
VIC1,2026/06/11 01:45:00,5094.54,102.31,TRADE
VIC1,2026/06/11 01:50:00,5084.28,92.19,TRADE
VIC1,2026/06/11 01:55:00,5000.15,106.07,TRADE
VIC1,2026/06/11 02:00:00,5037.86,90.57,TRADE
VIC1,2026/06/11 02:05:00,5005.98,92.14,TRADE
VIC1,2026/06/11 02:10:00,4966.1,90.19,TRADE
VIC1,2026/06/11 02:15:00,5005.22,99.38,TRADE
VIC1,2026/06/11 02:20:00,4927.15,99.21,TRADE
VIC1,2026/06/11 02:25:00,4924.18,81.59,TRADE
VIC1,2026/06/11 02:30:00,4958.18,94.50,TRADE
VIC1,2026/06/11 02:35:00,4938.59,98.56,TRADE
VIC1,2026/06/11 02:40:00,4931.42,95.29,TRADE
VIC1,2026/06/11 02:45:00,4911.31,99.28,TRADE
VIC1,2026/06/11 02:50:00,4914.41,95.27,TRADE
VIC1,2026/06/11 02:55:00,4881.22,100.78,TRADE
VIC1,2026/06/11 03:00:00,4881.44,95.55,TRADE
VIC1,2026/06/11 03:05:00,4817.72,91.11,TRADE
VIC1,2026/06/11 03:10:00,4888.08,97.74,TRADE
VIC1,2026/06/11 03:15:00,4892.74,97.72,TRADE
VIC1,2026/06/11 03:20:00,4870.66,95.41,TRADE
VIC1,2026/06/11 03:25:00,4905.55,95.35,TRADE
VIC1,2026/06/11 03:30:00,4887.37,97.56,TRADE
VIC1,2026/06/11 03:35:00,4905.94,96.29,TRADE
VIC1,2026/06/11 03:40:00,4827.56,96.84,TRADE
VIC1,2026/06/11 03:45:00,4842.24,103.96,TRADE
VIC1,2026/06/11 03:50:00,4813.97,88.73,TRADE
VIC1,2026/06/11 03:55:00,4812.95,94.78,TRADE
VIC1,2026/06/11 04:00:00,4820.22,97.50,TRADE
VIC1,2026/06/11 04:05:00,4864.4,99,TRADE
VIC1,2026/06/11 04:10:00,4871.39,97.59,TRADE
VIC1,2026/06/11 04:15:00,4829.59,96.06,TRADE
VIC1,2026/06/11 04:20:00,4911.76,91.35,TRADE
VIC1,2026/06/11 04:25:00,4958.6,94.72,TRADE
VIC1,2026/06/11 04:30:00,4961.54,99.06,TRADE
VIC1,2026/06/11 04:35:00,4952.57,98.24,TRADE
VIC1,2026/06/11 04:40:00,4998.57,98.30,TRADE
VIC1,2026/06/11 04:45:00,5032.55,110.50,TRADE
VIC1,2026/06/11 04:50:00,5019.74,96.06,TRADE
VIC1,2026/06/11 04:55:00,4993.39,97.51,TRADE
VIC1,2026/06/11 05:00:00,5002.43,107.11,TRADE
VIC1,2026/06/11 05:05:00,5062.23,110.50,TRADE
VIC1,2026/06/11 05:10:00,5180.61,95.32,TRADE
VIC1,2026/06/11 05:15:00,5196.91,110.50,TRADE
VIC1,2026/06/11 05:20:00,5307.3,113.52,TRADE
VIC1,2026/06/11 05:25:00,5313.7,110.50,TRADE
VIC1,2026/06/11 05:30:00,5411.87,125.03,TRADE
VIC1,2026/06/11 05:35:00,5360.61,110.50,TRADE
VIC1,2026/06/11 05:40:00,5420.79,112.55,TRADE
VIC1,2026/06/11 05:45:00,5461.92,110.50,TRADE
VIC1,2026/06/11 05:50:00,5579.95,129.26,TRADE
VIC1,2026/06/11 05:55:00,5529.94,128.30,TRADE
VIC1,2026/06/11 06:00:00,5563.85,131.57,TRADE
VIC1,2026/06/11 06:05:00,5712.68,130.60,TRADE
VIC1,2026/06/11 06:10:00,5803.91,128.23,TRADE
VIC1,2026/06/11 06:15:00,6007.94,145.78,TRADE
VIC1,2026/06/11 06:20:00,6105.13,128.92,TRADE
VIC1,2026/06/11 06:25:00,6139.96,145.12,TRADE
VIC1,2026/06/11 06:30:00,6197.98,187.33,TRADE
VIC1,2026/06/11 06:35:00,6273.29,128.76,TRADE
VIC1,2026/06/11 06:40:00,6463.21,141.08,TRADE
VIC1,2026/06/11 06:45:00,6500.02,190.47,TRADE
VIC1,2026/06/11 06:50:00,6580.04,178.69,TRADE
VIC1,2026/06/11 06:55:00,6683.73,136.12,TRADE
VIC1,2026/06/11 07:00:00,6859.12,179.90,TRADE
VIC1,2026/06/11 07:05:00,6907.16,178.69,TRADE
VIC1,2026/06/11 07:10:00,6925.87,136.60,TRADE
VIC1,2026/06/11 07:15:00,7173.02,178.69,TRADE
VIC1,2026/06/11 07:20:00,7249.67,190.47,TRADE
VIC1,2026/06/11 07:25:00,7325.14,206.86,TRADE
VIC1,2026/06/11 07:30:00,7388.81,184.96,TRADE
VIC1,2026/06/11 07:35:00,7416.97,140.69,TRADE
VIC1,2026/06/11 07:40:00,7461.11,173.82,TRADE
VIC1,2026/06/11 07:45:00,7504.06,181.84,TRADE
VIC1,2026/06/11 07:50:00,7540.89,173.32,TRADE
VIC1,2026/06/11 07:55:00,7614.07,178.69,TRADE
VIC1,2026/06/11 08:00:00,7603.87,178.69,TRADE
VIC1,2026/06/11 08:05:00,7630.58,140.69,TRADE
VIC1,2026/06/11 08:10:00,7640.32,178.69,TRADE
VIC1,2026/06/11 08:15:00,7643.31,140.69,TRADE
VIC1,2026/06/11 08:20:00,7600.04,151.24,TRADE
VIC1,2026/06/11 08:25:00,7621.83,176.07,TRADE
VIC1,2026/06/11 08:30:00,7430.66,128.29,TRADE
VIC1,2026/06/11 08:35:00,7425.14,140.69,TRADE
VIC1,2026/06/11 08:40:00,7333.35,128.04,TRADE
VIC1,2026/06/11 08:45:00,7289.25,125.13,TRADE
VIC1,2026/06/11 08:50:00,7199.88,119.99,TRADE
VIC1,2026/06/11 08:55:00,7123.72,125.35,TRADE
VIC1,2026/06/11 09:00:00,7047.67,110.50,TRADE
VIC1,2026/06/11 09:05:00,6919.17,110.50,TRADE
VIC1,2026/06/11 09:10:00,6907.8,115.46,TRADE
VIC1,2026/06/11 09:15:00,6795.97,110.50,TRADE
VIC1,2026/06/11 09:20:00,6811.57,110.50,TRADE
VIC1,2026/06/11 09:25:00,6674.7,88.96,TRADE
VIC1,2026/06/11 09:30:00,6603.65,80.85,TRADE
VIC1,2026/06/11 09:35:00,6499.38,91.70,TRADE
VIC1,2026/06/11 09:40:00,6513.88,97.50,TRADE
VIC1,2026/06/11 09:45:00,6452.21,96.64,TRADE
VIC1,2026/06/11 09:50:00,6295.8,80.35,TRADE
VIC1,2026/06/11 09:55:00,6299.58,86.22,TRADE
VIC1,2026/06/11 10:00:00,6251.59,85.34,TRADE
VIC1,2026/06/11 10:05:00,6196.05,94.50,TRADE
VIC1,2026/06/11 10:10:00,6095.61,94.50,TRADE
VIC1,2026/06/11 10:15:00,6083.43,95.39,TRADE
VIC1,2026/06/11 10:20:00,6035.09,97.50,TRADE
VIC1,2026/06/11 10:25:00,6000.37,94.50,TRADE
VIC1,2026/06/11 10:30:00,5927.67,93.93,TRADE
VIC1,2026/06/11 10:35:00,5853.24,93.54,TRADE
VIC1,2026/06/11 10:40:00,5830.29,84.03,TRADE
VIC1,2026/06/11 10:45:00,5777.47,91.77,TRADE
VIC1,2026/06/11 10:50:00,5695.24,90.83,TRADE
VIC1,2026/06/11 10:55:00,5691.12,90.83,TRADE
VIC1,2026/06/11 11:00:00,5626.71,80.50,TRADE
VIC1,2026/06/11 11:05:00,5637.43,92.29,TRADE
VIC1,2026/06/11 11:10:00,5800.03,92.36,TRADE
VIC1,2026/06/11 11:15:00,5778.53,94.50,TRADE
VIC1,2026/06/11 11:20:00,5695.26,94.50,TRADE
VIC1,2026/06/11 11:25:00,5645.1,92.37,TRADE
VIC1,2026/06/11 11:30:00,5636.03,92.65,TRADE
VIC1,2026/06/11 11:35:00,5561.71,80.50,TRADE
VIC1,2026/06/11 11:40:00,5465.86,80.50,TRADE
VIC1,2026/06/11 11:45:00,5535.12,90,TRADE
VIC1,2026/06/11 11:50:00,5505.92,91.36,TRADE
VIC1,2026/06/11 11:55:00,5458.12,90.66,TRADE
VIC1,2026/06/11 12:00:00,5407.87,90,TRADE
VIC1,2026/06/11 12:05:00,5285.01,80.50,TRADE
VIC1,2026/06/11 12:10:00,5317.46,88.43,TRADE
VIC1,2026/06/11 12:15:00,5258.09,80.50,TRADE
VIC1,2026/06/11 12:20:00,5275.36,80.50,TRADE
VIC1,2026/06/11 12:25:00,5229.42,83.26,TRADE
VIC1,2026/06/11 12:30:00,5157.33,86.24,TRADE
VIC1,2026/06/11 12:35:00,5075.66,83.37,TRADE
VIC1,2026/06/11 12:40:00,5053.07,85.65,TRADE
VIC1,2026/06/11 12:45:00,5031.77,76.66,TRADE
VIC1,2026/06/11 12:50:00,4996.26,74.27,TRADE
VIC1,2026/06/11 12:55:00,4996.47,74.27,TRADE
VIC1,2026/06/11 13:00:00,4947.71,84.38,TRADE
VIC1,2026/06/11 13:05:00,4904.29,76.66,TRADE
VIC1,2026/06/11 13:10:00,4991.77,72.75,TRADE
VIC1,2026/06/11 13:15:00,4990.02,60.88,TRADE
VIC1,2026/06/11 13:20:00,5038.59,71.31,TRADE
VIC1,2026/06/11 13:25:00,5049.63,73.74,TRADE
VIC1,2026/06/11 13:30:00,4987.53,75.74,TRADE
VIC1,2026/06/11 13:35:00,4948.85,52.70,TRADE
VIC1,2026/06/11 13:40:00,4887.94,54.89,TRADE
VIC1,2026/06/11 13:45:00,4942.07,64.77,TRADE
VIC1,2026/06/11 13:50:00,4886.72,62.30,TRADE
VIC1,2026/06/11 13:55:00,4898.03,63.79,TRADE
VIC1,2026/06/11 14:00:00,4935.24,53.99,TRADE
VIC1,2026/06/11 14:05:00,4871.22,60.18,TRADE
VIC1,2026/06/11 14:10:00,4895.49,60.84,TRADE
VIC1,2026/06/11 14:15:00,4903.63,78.46,TRADE
VIC1,2026/06/11 14:20:00,4931.64,51.67,TRADE
VIC1,2026/06/11 14:25:00,4900.71,36.66,TRADE
VIC1,2026/06/11 14:30:00,4957.44,52.59,TRADE
VIC1,2026/06/11 14:35:00,4942.57,51.67,TRADE
VIC1,2026/06/11 14:40:00,5052.91,71.31,TRADE
VIC1,2026/06/11 14:45:00,5057.23,43.19,TRADE
VIC1,2026/06/11 14:50:00,5100.34,51.67,TRADE
VIC1,2026/06/11 14:55:00,5165.91,53.19,TRADE
VIC1,2026/06/11 15:00:00,5184.55,51.67,TRADE
VIC1,2026/06/11 15:05:00,5273.01,54.73,TRADE
VIC1,2026/06/11 15:10:00,5304.08,70.64,TRADE
VIC1,2026/06/11 15:15:00,5278.92,63.80,TRADE
VIC1,2026/06/11 15:20:00,5338.94,54.43,TRADE
VIC1,2026/06/11 15:25:00,5448.96,55.18,TRADE
VIC1,2026/06/11 15:30:00,5541.76,54.93,TRADE
VIC1,2026/06/11 15:35:00,5547.73,80.63,TRADE
VIC1,2026/06/11 15:40:00,5640.97,82.29,TRADE
VIC1,2026/06/11 15:45:00,5757.69,84.20,TRADE
VIC1,2026/06/11 15:50:00,5820.09,99.57,TRADE
VIC1,2026/06/11 15:55:00,5895.6,98.69,TRADE
VIC1,2026/06/11 16:00:00,5925.45,109.67,TRADE
VIC1,2026/06/11 16:05:00,6037.24,93.17,TRADE
VIC1,2026/06/11 16:10:00,6133.4,98.71,TRADE
VIC1,2026/06/11 16:15:00,6211.66,100.38,TRADE
VIC1,2026/06/11 16:20:00,6294.15,105.16,TRADE
VIC1,2026/06/11 16:25:00,6391.85,103.47,TRADE
VIC1,2026/06/11 16:30:00,6461.75,110.50,TRADE
VIC1,2026/06/11 16:35:00,6481.79,110.50,TRADE
VIC1,2026/06/11 16:40:00,6538.82,110.82,TRADE
VIC1,2026/06/11 16:45:00,6555.12,112.52,TRADE
VIC1,2026/06/11 16:50:00,6607.23,112.59,TRADE
VIC1,2026/06/11 16:55:00,6662.94,110.72,TRADE
VIC1,2026/06/11 17:00:00,6731.26,114.29,TRADE
VIC1,2026/06/11 17:05:00,6760.02,110.65,TRADE
VIC1,2026/06/11 17:10:00,6615.74,102.59,TRADE
VIC1,2026/06/11 17:15:00,6794.44,105,TRADE
VIC1,2026/06/11 17:20:00,6784.97,110.50,TRADE
VIC1,2026/06/11 17:25:00,6900.3,115,TRADE
VIC1,2026/06/11 17:30:00,6987.84,115,TRADE
VIC1,2026/06/11 17:35:00,7039.04,105,TRADE
VIC1,2026/06/11 17:40:00,7166.17,115,TRADE
VIC1,2026/06/11 17:45:00,7031,100.71,TRADE
VIC1,2026/06/11 17:50:00,7075.92,98.81,TRADE
VIC1,2026/06/11 17:55:00,7178,102.02,TRADE
VIC1,2026/06/11 18:00:00,7202.09,103.97,TRADE
VIC1,2026/06/11 18:05:00,7335.86,101.73,TRADE
VIC1,2026/06/11 18:10:00,7402.12,103.29,TRADE
VIC1,2026/06/11 18:15:00,7430.72,97.25,TRADE
VIC1,2026/06/11 18:20:00,7464.44,97.25,TRADE
VIC1,2026/06/11 18:25:00,7438.25,95.96,TRADE
VIC1,2026/06/11 18:30:00,7359.59,94.25,TRADE
VIC1,2026/06/11 18:35:00,7413.86,97.80,TRADE
VIC1,2026/06/11 18:40:00,7432.47,99.47,TRADE
VIC1,2026/06/11 18:45:00,7414.66,97.25,TRADE
VIC1,2026/06/11 18:50:00,7442.24,97.25,TRADE
VIC1,2026/06/11 18:55:00,7381.15,97.25,TRADE
VIC1,2026/06/11 19:00:00,7363.26,93.69,TRADE
VIC1,2026/06/11 19:05:00,7372.17,89.61,TRADE
VIC1,2026/06/11 19:10:00,7329.27,90.31,TRADE
VIC1,2026/06/11 19:15:00,7234.66,88.18,TRADE
VIC1,2026/06/11 19:20:00,7214.23,86.73,TRADE
VIC1,2026/06/11 19:25:00,7177.52,80.50,TRADE
VIC1,2026/06/11 19:30:00,7219.84,89.16,TRADE
VIC1,2026/06/11 19:35:00,7208.02,88.04,TRADE
VIC1,2026/06/11 19:40:00,7198.75,85.88,TRADE
VIC1,2026/06/11 19:45:00,7137.01,78.32,TRADE
VIC1,2026/06/11 19:50:00,7144.98,78.57,TRADE
VIC1,2026/06/11 19:55:00,7119.25,76.40,TRADE
VIC1,2026/06/11 20:00:00,7037.65,75.92,TRADE
VIC1,2026/06/11 20:05:00,7026.95,78.57,TRADE
VIC1,2026/06/11 20:10:00,7043.85,78.57,TRADE
VIC1,2026/06/11 20:15:00,7031.23,73.32,TRADE
VIC1,2026/06/11 20:20:00,6980.91,67.42,TRADE
VIC1,2026/06/11 20:25:00,6971.23,75.18,TRADE
VIC1,2026/06/11 20:30:00,6917.97,68.27,TRADE
VIC1,2026/06/11 20:35:00,6908.75,74.06,TRADE
VIC1,2026/06/11 20:40:00,6749.43,75.79,TRADE
VIC1,2026/06/11 20:45:00,6747.46,72.58,TRADE
VIC1,2026/06/11 20:50:00,6789.37,64.47,TRADE
VIC1,2026/06/11 20:55:00,6768.61,67.92,TRADE
VIC1,2026/06/11 21:00:00,6668.69,64.60,TRADE
VIC1,2026/06/11 21:05:00,6704.18,67.70,TRADE
VIC1,2026/06/11 21:10:00,6614.91,67.53,TRADE
VIC1,2026/06/11 21:15:00,6616.32,64.48,TRADE
VIC1,2026/06/11 21:20:00,6495.51,63.74,TRADE
VIC1,2026/06/11 21:25:00,6431.43,62.61,TRADE
VIC1,2026/06/11 21:30:00,6399.42,58.92,TRADE
VIC1,2026/06/11 21:35:00,6363.48,61.01,TRADE
VIC1,2026/06/11 21:40:00,6402.67,59.24,TRADE
VIC1,2026/06/11 21:45:00,6318.49,55.51,TRADE
VIC1,2026/06/11 21:50:00,6215.98,55.92,TRADE
VIC1,2026/06/11 21:55:00,6166.95,44.32,TRADE
VIC1,2026/06/11 22:00:00,6180.96,53.21,TRADE
VIC1,2026/06/11 22:05:00,6104.09,58,TRADE
VIC1,2026/06/11 22:10:00,6108.94,36.66,TRADE
VIC1,2026/06/11 22:15:00,6136.36,64.36,TRADE
VIC1,2026/06/11 22:20:00,5951.15,58,TRADE
VIC1,2026/06/11 22:25:00,5942.55,58,TRADE
VIC1,2026/06/11 22:30:00,5960.71,20.32,TRADE
VIC1,2026/06/11 22:35:00,5915.68,18.41,TRADE
VIC1,2026/06/11 22:40:00,5793.04,10.67,TRADE
VIC1,2026/06/11 22:45:00,5800.17,10.66,TRADE
VIC1,2026/06/11 22:50:00,5779.63,20.27,TRADE
VIC1,2026/06/11 22:55:00,5755.55,17.26,TRADE
VIC1,2026/06/11 23:00:00,5763.33,57.26,TRADE
VIC1,2026/06/11 23:05:00,5731.54,71.31,TRADE
VIC1,2026/06/11 23:10:00,5832.58,77.65,TRADE
VIC1,2026/06/11 23:15:00,5766.43,57.99,TRADE
VIC1,2026/06/11 23:20:00,5718.48,62.42,TRADE
VIC1,2026/06/11 23:25:00,5743.14,64.62,TRADE
VIC1,2026/06/11 23:30:00,5717.15,64.56,TRADE
VIC1,2026/06/11 23:35:00,5640.61,66.32,TRADE
VIC1,2026/06/11 23:40:00,5635.62,66.69,TRADE
VIC1,2026/06/11 23:45:00,5543.37,71.98,TRADE
VIC1,2026/06/11 23:50:00,5535.06,66,TRADE
VIC1,2026/06/11 23:55:00,5396.52,20.14,TRADE
VIC1,2026/06/12 00:00:00,5409.45,20.19,TRADE
VIC1,2026/06/12 00:05:00,5475.87,56.90,TRADE
VIC1,2026/06/12 00:10:00,5419.86,10.65,TRADE
VIC1,2026/06/12 00:15:00,5428.25,19.18,TRADE
VIC1,2026/06/12 00:20:00,5390.48,12.32,TRADE
VIC1,2026/06/12 00:25:00,5349.96,15.35,TRADE
VIC1,2026/06/12 00:30:00,5309.31,14.92,TRADE
VIC1,2026/06/12 00:35:00,5291.64,10.50,TRADE
VIC1,2026/06/12 00:40:00,5241.16,8.83,TRADE
VIC1,2026/06/12 00:45:00,5119.17,0,TRADE
VIC1,2026/06/12 00:50:00,5120.79,1,TRADE
VIC1,2026/06/12 00:55:00,5107.57,-0.05,TRADE
VIC1,2026/06/12 01:00:00,4992.27,0,TRADE
VIC1,2026/06/12 01:05:00,5061.04,1,TRADE
VIC1,2026/06/12 01:10:00,5100.29,9.29,TRADE
VIC1,2026/06/12 01:15:00,5061.44,0,TRADE
VIC1,2026/06/12 01:20:00,5018.18,0,TRADE
VIC1,2026/06/12 01:25:00,4928.88,-0.05,TRADE
VIC1,2026/06/12 01:30:00,4922.82,-0.05,TRADE
VIC1,2026/06/12 01:35:00,4868.08,-0.05,TRADE
VIC1,2026/06/12 01:40:00,4809.44,-0.10,TRADE
VIC1,2026/06/12 01:45:00,4840.13,-0.10,TRADE
VIC1,2026/06/12 01:50:00,4799.17,-0.10,TRADE
VIC1,2026/06/12 01:55:00,4790.6,-0.10,TRADE
VIC1,2026/06/12 02:00:00,4720.58,-1.14,TRADE
VIC1,2026/06/12 02:05:00,4771.82,-0.10,TRADE
VIC1,2026/06/12 02:10:00,4768.53,-0.10,TRADE
VIC1,2026/06/12 02:15:00,4737.55,-2,TRADE
VIC1,2026/06/12 02:20:00,4757.1,-1.11,TRADE
VIC1,2026/06/12 02:25:00,4646.8,-1.10,TRADE
VIC1,2026/06/12 02:30:00,4636.73,-1.13,TRADE
VIC1,2026/06/12 02:35:00,4626.92,-0.10,TRADE
VIC1,2026/06/12 02:40:00,4614.19,-0.10,TRADE
VIC1,2026/06/12 02:45:00,4659.83,-0.10,TRADE
VIC1,2026/06/12 02:50:00,4667.27,-0.10,TRADE
VIC1,2026/06/12 02:55:00,4585.37,-0.10,TRADE
VIC1,2026/06/12 03:00:00,4608.34,-0.10,TRADE
VIC1,2026/06/12 03:05:00,4618.08,-0.10,TRADE
VIC1,2026/06/12 03:10:00,4583.69,-0.10,TRADE
VIC1,2026/06/12 03:15:00,4585.29,-0.10,TRADE
VIC1,2026/06/12 03:20:00,4545.52,-0.10,TRADE
VIC1,2026/06/12 03:25:00,4504.32,-0.10,TRADE
VIC1,2026/06/12 03:30:00,4609.34,-0.10,TRADE
VIC1,2026/06/12 03:35:00,4605.6,-0.10,TRADE
VIC1,2026/06/12 03:40:00,4524.99,-0.10,TRADE
VIC1,2026/06/12 03:45:00,4580.67,-0.10,TRADE
VIC1,2026/06/12 03:50:00,4567.3,-0.10,TRADE
VIC1,2026/06/12 03:55:00,4572.28,-0.10,TRADE
VIC1,2026/06/12 04:00:00,4555.41,-0.10,TRADE
VIC1,2026/06/12 04:05:00,4495.56,-0.10,TRADE
VIC1,2026/06/12 04:10:00,4566.68,-0.10,TRADE
VIC1,2026/06/12 04:15:00,4551.12,-0.10,TRADE
VIC1,2026/06/12 04:20:00,4524.89,-0.10,TRADE
VIC1,2026/06/12 04:25:00,4581.6,-0.10,TRADE
VIC1,2026/06/12 04:30:00,4512.79,-0.10,TRADE
VIC1,2026/06/12 04:35:00,4577.46,-0.10,TRADE
VIC1,2026/06/12 04:40:00,4576.66,-2,TRADE
VIC1,2026/06/12 04:45:00,4596.21,-0.10,TRADE
VIC1,2026/06/12 04:50:00,4531.14,-0.10,TRADE
VIC1,2026/06/12 04:55:00,4562.22,-0.10,TRADE
VIC1,2026/06/12 05:00:00,4586.82,-0.10,TRADE
VIC1,2026/06/12 05:05:00,4690.52,-0.10,TRADE
VIC1,2026/06/12 05:10:00,4760.81,-0.10,TRADE
VIC1,2026/06/12 05:15:00,4744.92,-0.10,TRADE
VIC1,2026/06/12 05:20:00,4840.76,-0.10,TRADE
VIC1,2026/06/12 05:25:00,4865.88,-0.10,TRADE
VIC1,2026/06/12 05:30:00,4920.25,-0.10,TRADE
VIC1,2026/06/12 05:35:00,4917.13,-0.10,TRADE
VIC1,2026/06/12 05:40:00,4919.64,-0.10,TRADE
VIC1,2026/06/12 05:45:00,4963.35,-0.10,TRADE
VIC1,2026/06/12 05:50:00,5006.84,-0.10,TRADE
VIC1,2026/06/12 05:55:00,5137.92,-0.05,TRADE
VIC1,2026/06/12 06:00:00,5181.05,-0.05,TRADE
VIC1,2026/06/12 06:05:00,5162.48,-0.05,TRADE
VIC1,2026/06/12 06:10:00,5323.23,0,TRADE
VIC1,2026/06/12 06:15:00,5440.23,-0.05,TRADE
VIC1,2026/06/12 06:20:00,5486.68,-0.05,TRADE
VIC1,2026/06/12 06:25:00,5566.8,0,TRADE
VIC1,2026/06/12 06:30:00,5537.13,-0.05,TRADE
VIC1,2026/06/12 06:35:00,5624.4,-0.10,TRADE
VIC1,2026/06/12 06:40:00,5809.16,-0.05,TRADE
VIC1,2026/06/12 06:45:00,5915.06,-0.05,TRADE
VIC1,2026/06/12 06:50:00,5888.2,-0.05,TRADE
VIC1,2026/06/12 06:55:00,6001.47,-0.05,TRADE
VIC1,2026/06/12 07:00:00,6138.55,5.08,TRADE
VIC1,2026/06/12 07:05:00,6218.79,10.22,TRADE
VIC1,2026/06/12 07:10:00,6328.15,5.08,TRADE
VIC1,2026/06/12 07:15:00,6418.16,31.69,TRADE
VIC1,2026/06/12 07:20:00,6401.56,10.50,TRADE
VIC1,2026/06/12 07:25:00,6431.33,10.50,TRADE
VIC1,2026/06/12 07:30:00,6546.8,10.65,TRADE
VIC1,2026/06/12 07:35:00,6607.9,10.65,TRADE
VIC1,2026/06/12 07:40:00,6633.32,23.87,TRADE
VIC1,2026/06/12 07:45:00,6707.95,24.04,TRADE
VIC1,2026/06/12 07:50:00,6744.9,27.78,TRADE
VIC1,2026/06/12 07:55:00,6767.11,31.02,TRADE
VIC1,2026/06/12 08:00:00,6792.37,10.65,TRADE
VIC1,2026/06/12 08:05:00,6708.93,9.73,TRADE
VIC1,2026/06/12 08:10:00,6795.5,10.50,TRADE
VIC1,2026/06/12 08:15:00,6779.7,10.50,TRADE
VIC1,2026/06/12 08:20:00,6739.18,10.50,TRADE
VIC1,2026/06/12 08:25:00,6714.69,10.50,TRADE
VIC1,2026/06/12 08:30:00,6607.38,-0.05,TRADE
VIC1,2026/06/12 08:35:00,6497.2,-0.05,TRADE
VIC1,2026/06/12 08:40:00,6469.46,-0.05,TRADE
VIC1,2026/06/12 08:45:00,6296.95,-1.16,TRADE
VIC1,2026/06/12 08:50:00,6257.08,-0.10,TRADE
VIC1,2026/06/12 08:55:00,6172.39,-2.17,TRADE
VIC1,2026/06/12 09:00:00,6192.57,-2.16,TRADE
VIC1,2026/06/12 09:05:00,6097.71,-2.26,TRADE
VIC1,2026/06/12 09:10:00,6068.76,-2.26,TRADE
VIC1,2026/06/12 09:15:00,6057.49,-2.29,TRADE
VIC1,2026/06/12 09:20:00,6029.65,-2.99,TRADE
VIC1,2026/06/12 09:25:00,5951.14,-2.29,TRADE
VIC1,2026/06/12 09:30:00,5910.82,-3,TRADE
VIC1,2026/06/12 09:35:00,5851.67,-2.67,TRADE
VIC1,2026/06/12 09:40:00,5723.72,-2.99,TRADE
VIC1,2026/06/12 09:45:00,5698.53,-2.29,TRADE
VIC1,2026/06/12 09:50:00,5567.76,-3.49,TRADE
VIC1,2026/06/12 09:55:00,5525.43,-3.49,TRADE
VIC1,2026/06/12 10:00:00,5502.37,-4.65,TRADE
VIC1,2026/06/12 10:05:00,5421.72,-3.20,TRADE
VIC1,2026/06/12 10:10:00,5379.24,-3.49,TRADE
VIC1,2026/06/12 10:15:00,5419.76,-3.14,TRADE
VIC1,2026/06/12 10:20:00,5354.97,-6.67,TRADE
VIC1,2026/06/12 10:25:00,5367.83,-3,TRADE
VIC1,2026/06/12 10:30:00,5293.68,-3.49,TRADE
VIC1,2026/06/12 10:35:00,5243.68,-3.01,TRADE
VIC1,2026/06/12 10:40:00,5144.51,-6.67,TRADE
VIC1,2026/06/12 10:45:00,5138.07,-7.23,TRADE
VIC1,2026/06/12 10:50:00,5168.17,-6.45,TRADE
VIC1,2026/06/12 10:55:00,5196.55,-6.67,TRADE
VIC1,2026/06/12 11:00:00,5090.69,-8.73,TRADE
VIC1,2026/06/12 11:05:00,5241.49,-6.67,TRADE
VIC1,2026/06/12 11:10:00,5403.82,-3.49,TRADE
VIC1,2026/06/12 11:15:00,5450.11,-3.49,TRADE
VIC1,2026/06/12 11:20:00,5431.5,-4.75,TRADE
VIC1,2026/06/12 11:25:00,5345.39,-6.43,TRADE
VIC1,2026/06/12 11:30:00,5406.08,-4.75,TRADE
VIC1,2026/06/12 11:35:00,5346.45,-7.45,TRADE
VIC1,2026/06/12 11:40:00,5335.77,-7.25,TRADE
VIC1,2026/06/12 11:45:00,5377.38,-7.25,TRADE
VIC1,2026/06/12 11:50:00,5355.53,-3.49,TRADE
VIC1,2026/06/12 11:55:00,5323.84,-4.75,TRADE
VIC1,2026/06/12 12:00:00,5150.26,-8.97,TRADE
VIC1,2026/06/12 12:05:00,5098.89,-7.36,TRADE
VIC1,2026/06/12 12:10:00,4943.07,-7.43,TRADE
VIC1,2026/06/12 12:15:00,4853.21,-7.38,TRADE
VIC1,2026/06/12 12:20:00,4857.77,-7.25,TRADE
VIC1,2026/06/12 12:25:00,4783.26,-7.47,TRADE
VIC1,2026/06/12 12:30:00,4732.53,-7.45,TRADE
VIC1,2026/06/12 12:35:00,4641.31,-7.25,TRADE
VIC1,2026/06/12 12:40:00,4688.45,-7.23,TRADE
VIC1,2026/06/12 12:45:00,4705.09,-7.41,TRADE
VIC1,2026/06/12 12:50:00,4646.96,-8.49,TRADE
VIC1,2026/06/12 12:55:00,4519.43,-9.18,TRADE
VIC1,2026/06/12 13:00:00,4527.77,-11.95,TRADE
VIC1,2026/06/12 13:05:00,4525.94,-12.10,TRADE
VIC1,2026/06/12 13:10:00,4622.92,-12.10,TRADE
VIC1,2026/06/12 13:15:00,4594.65,-12.10,TRADE
VIC1,2026/06/12 13:20:00,4622,-10.75,TRADE
VIC1,2026/06/12 13:25:00,4667.17,-11.07,TRADE
VIC1,2026/06/12 13:30:00,4696.61,-11.09,TRADE
VIC1,2026/06/12 13:35:00,4728.34,-9.17,TRADE
VIC1,2026/06/12 13:40:00,4668.57,-7.39,TRADE
VIC1,2026/06/12 13:45:00,4707.4,-11.77,TRADE
VIC1,2026/06/12 13:50:00,4796.61,-7.49,TRADE
VIC1,2026/06/12 13:55:00,4884.41,-7.51,TRADE
VIC1,2026/06/12 14:00:00,4802.89,-7.49,TRADE
VIC1,2026/06/12 14:05:00,4956.66,-7.55,TRADE
VIC1,2026/06/12 14:10:00,4922.98,-7.55,TRADE
VIC1,2026/06/12 14:15:00,4943.47,-3.49,TRADE
VIC1,2026/06/12 14:20:00,4927.59,-7.25,TRADE
VIC1,2026/06/12 14:25:00,5022.63,-4.84,TRADE
VIC1,2026/06/12 14:30:00,4988.56,-4.75,TRADE
VIC1,2026/06/12 14:35:00,5028.85,-4.81,TRADE
VIC1,2026/06/12 14:40:00,5078.83,-6.65,TRADE
VIC1,2026/06/12 14:45:00,5068.85,-7.41,TRADE
VIC1,2026/06/12 14:50:00,5058.02,-11.95,TRADE
VIC1,2026/06/12 14:55:00,5183.59,-8.91,TRADE
VIC1,2026/06/12 15:00:00,5165.61,-7.25,TRADE
VIC1,2026/06/12 15:05:00,5176.85,-7.61,TRADE
VIC1,2026/06/12 15:10:00,5179.3,-5.94,TRADE
VIC1,2026/06/12 15:15:00,5177.8,-7.72,TRADE
VIC1,2026/06/12 15:20:00,5257.98,-4.78,TRADE
VIC1,2026/06/12 15:25:00,5277,-7.51,TRADE
VIC1,2026/06/12 15:30:00,5278.33,-10.07,TRADE
VIC1,2026/06/12 15:35:00,5420.36,-7.51,TRADE
VIC1,2026/06/12 15:40:00,5486.2,-7.53,TRADE
VIC1,2026/06/12 15:45:00,5498.56,-4.91,TRADE
VIC1,2026/06/12 15:50:00,5589.16,-3.01,TRADE
VIC1,2026/06/12 15:55:00,5636.83,-3.01,TRADE
VIC1,2026/06/12 16:00:00,5648.55,-2.99,TRADE
VIC1,2026/06/12 16:05:00,5777.83,-3,TRADE
VIC1,2026/06/12 16:10:00,5733.18,-4.75,TRADE
VIC1,2026/06/12 16:15:00,5849.49,-5.14,TRADE
VIC1,2026/06/12 16:20:00,5897.37,-2.29,TRADE
VIC1,2026/06/12 16:25:00,5922.93,-0.46,TRADE
VIC1,2026/06/12 16:30:00,5973.46,-0.10,TRADE
VIC1,2026/06/12 16:35:00,6062.84,18.51,TRADE
VIC1,2026/06/12 16:40:00,6140.07,8.94,TRADE
VIC1,2026/06/12 16:45:00,6237.19,34.19,TRADE
VIC1,2026/06/12 16:50:00,6215.16,5.57,TRADE
VIC1,2026/06/12 16:55:00,6257.68,10.33,TRADE
VIC1,2026/06/12 17:00:00,6337.89,10.65,TRADE
VIC1,2026/06/12 17:05:00,6369.23,9.37,TRADE
VIC1,2026/06/12 17:10:00,6413.89,10.65,TRADE
VIC1,2026/06/12 17:15:00,6403.83,8.94,TRADE
VIC1,2026/06/12 17:20:00,6474.06,46.50,TRADE
VIC1,2026/06/12 17:25:00,6573.48,88.35,TRADE
VIC1,2026/06/12 17:30:00,6579.14,78.25,TRADE
VIC1,2026/06/12 17:35:00,6509.92,8.94,TRADE
VIC1,2026/06/12 17:40:00,6629.12,-614.77,TRADE
VIC1,2026/06/12 17:45:00,6743.93,8.29,TRADE
VIC1,2026/06/12 17:50:00,6579.22,23.66,TRADE
VIC1,2026/06/12 17:55:00,6836.87,23.44,TRADE
VIC1,2026/06/12 18:00:00,6776.93,8.94,TRADE
VIC1,2026/06/12 18:05:00,6696.47,16.97,TRADE
VIC1,2026/06/12 18:10:00,6629.36,-1.68,TRADE
VIC1,2026/06/12 18:15:00,6520.45,26.61,TRADE
VIC1,2026/06/12 18:20:00,6649.28,36.68,TRADE
VIC1,2026/06/12 18:25:00,6615.11,1.68,TRADE
VIC1,2026/06/12 18:30:00,6616.94,1.68,TRADE
VIC1,2026/06/12 18:35:00,6737.16,2.86,TRADE
VIC1,2026/06/12 18:40:00,6473.35,-11.95,TRADE
VIC1,2026/06/12 18:45:00,6440.86,-2.05,TRADE
VIC1,2026/06/12 18:50:00,6503.4,36.68,TRADE
VIC1,2026/06/12 18:55:00,6495.39,9.67,TRADE
VIC1,2026/06/12 19:00:00,6447.01,-11.95,TRADE
VIC1,2026/06/12 19:05:00,6614.49,10.50,TRADE
VIC1,2026/06/12 19:10:00,6380.74,10.50,TRADE
VIC1,2026/06/12 19:15:00,6423.88,-4.68,TRADE
VIC1,2026/06/12 19:20:00,6413.18,1.20,TRADE
VIC1,2026/06/12 19:25:00,6271.73,-12.69,TRADE
VIC1,2026/06/12 19:30:00,6280.5,-2.91,TRADE
VIC1,2026/06/12 19:35:00,6263.77,-3.10,TRADE
VIC1,2026/06/12 19:40:00,6318.46,-3.13,TRADE
VIC1,2026/06/12 19:45:00,6278.27,-0.10,TRADE
VIC1,2026/06/12 19:50:00,6233.32,-3.16,TRADE
VIC1,2026/06/12 19:55:00,6087.76,-4.68,TRADE
VIC1,2026/06/12 20:00:00,6131.07,-2.29,TRADE
VIC1,2026/06/12 20:05:00,6041.05,-0.10,TRADE
VIC1,2026/06/12 20:10:00,6102.08,-0.10,TRADE
VIC1,2026/06/12 20:15:00,6094.5,-0.10,TRADE
VIC1,2026/06/12 20:20:00,6074.81,-5.51,TRADE
VIC1,2026/06/12 20:25:00,6084.7,-6.38,TRADE
VIC1,2026/06/12 20:30:00,6012.14,-2.29,TRADE
VIC1,2026/06/12 20:35:00,6003.66,-2.29,TRADE
VIC1,2026/06/12 20:40:00,6002.71,-6.19,TRADE
VIC1,2026/06/12 20:45:00,5989.22,-6.18,TRADE
VIC1,2026/06/12 20:50:00,6000.39,-4.68,TRADE
VIC1,2026/06/12 20:55:00,5959.54,-4.68,TRADE
VIC1,2026/06/12 21:00:00,5933.26,-5.19,TRADE
VIC1,2026/06/12 21:05:00,5856.16,-4.68,TRADE
VIC1,2026/06/12 21:10:00,5769.2,-4.68,TRADE
VIC1,2026/06/12 21:15:00,5786.24,-4.68,TRADE
VIC1,2026/06/12 21:20:00,5719.62,-5.90,TRADE
VIC1,2026/06/12 21:25:00,5794.82,-2.29,TRADE
VIC1,2026/06/12 21:30:00,5722,-3.13,TRADE
VIC1,2026/06/12 21:35:00,5680.47,-12.73,TRADE
VIC1,2026/06/12 21:40:00,5667.82,-4.52,TRADE
VIC1,2026/06/12 21:45:00,5660.63,-2.07,TRADE
VIC1,2026/06/12 21:50:00,5626.31,-3.17,TRADE
VIC1,2026/06/12 21:55:00,5455.25,-6.12,TRADE
VIC1,2026/06/12 22:00:00,5536.89,-3.13,TRADE
VIC1,2026/06/12 22:05:00,5447.45,-5.21,TRADE
VIC1,2026/06/12 22:10:00,5445.61,-5.16,TRADE
VIC1,2026/06/12 22:15:00,5432.74,-3.20,TRADE
VIC1,2026/06/12 22:20:00,5333.84,-3.23,TRADE
VIC1,2026/06/12 22:25:00,5317.63,-3.09,TRADE
VIC1,2026/06/12 22:30:00,5375.48,-2.29,TRADE
VIC1,2026/06/12 22:35:00,5303.95,-3.01,TRADE
VIC1,2026/06/12 22:40:00,5245.1,-15.41,TRADE
VIC1,2026/06/12 22:45:00,5283.13,-3.25,TRADE
VIC1,2026/06/12 22:50:00,5121.14,-3.08,TRADE
VIC1,2026/06/12 22:55:00,5108.56,-12.10,TRADE
VIC1,2026/06/12 23:00:00,5184.69,-3.07,TRADE
VIC1,2026/06/12 23:05:00,5139.1,-3.01,TRADE
VIC1,2026/06/12 23:10:00,5037.91,-11.95,TRADE
VIC1,2026/06/12 23:15:00,5283.65,-3.01,TRADE
VIC1,2026/06/12 23:20:00,5215.8,-3.09,TRADE
VIC1,2026/06/12 23:25:00,5221.97,-3.12,TRADE
VIC1,2026/06/12 23:30:00,5233.65,-12.10,TRADE
VIC1,2026/06/12 23:35:00,5144.9,-12.10,TRADE
VIC1,2026/06/12 23:40:00,5120.48,-2.90,TRADE
VIC1,2026/06/12 23:45:00,5035.93,-3.01,TRADE
VIC1,2026/06/12 23:50:00,5037.31,-3.01,TRADE
VIC1,2026/06/12 23:55:00,4990.11,-12.10,TRADE
VIC1,2026/06/13 00:00:00,4978.59,-12.73,TRADE
VIC1,2026/06/13 00:05:00,5060.11,-4.92,TRADE
VIC1,2026/06/13 00:10:00,5070.69,-2.97,TRADE
VIC1,2026/06/13 00:15:00,4980.4,-12.10,TRADE
VIC1,2026/06/13 00:20:00,5022.97,-12.10,TRADE
VIC1,2026/06/13 00:25:00,4985.84,-3.01,TRADE
VIC1,2026/06/13 00:30:00,4935.4,-3.01,TRADE
VIC1,2026/06/13 00:35:00,4899.76,-12.10,TRADE
VIC1,2026/06/13 00:40:00,4819.18,-3.01,TRADE
VIC1,2026/06/13 00:45:00,4741.09,-12.10,TRADE
VIC1,2026/06/13 00:50:00,4729.05,-2,TRADE
VIC1,2026/06/13 00:55:00,4708.83,-3.01,TRADE
VIC1,2026/06/13 01:00:00,4707.62,-11.95,TRADE
VIC1,2026/06/13 01:05:00,4715.41,-2.29,TRADE
VIC1,2026/06/13 01:10:00,4617.37,-2.29,TRADE
VIC1,2026/06/13 01:15:00,4704.99,-2.90,TRADE
VIC1,2026/06/13 01:20:00,4618.05,-3.01,TRADE
VIC1,2026/06/13 01:25:00,4599.2,-3.01,TRADE
VIC1,2026/06/13 01:30:00,4567.51,-3.01,TRADE
VIC1,2026/06/13 01:35:00,4448.55,-2.91,TRADE
VIC1,2026/06/13 01:40:00,4378.39,-12.73,TRADE
VIC1,2026/06/13 01:45:00,4428.08,-12.10,TRADE
VIC1,2026/06/13 01:50:00,4401.27,-11.95,TRADE
VIC1,2026/06/13 01:55:00,4474.53,-3.01,TRADE
VIC1,2026/06/13 02:00:00,4458.45,-5.88,TRADE
VIC1,2026/06/13 02:05:00,4487.37,-3.01,TRADE
VIC1,2026/06/13 02:10:00,4422.87,-3.01,TRADE
VIC1,2026/06/13 02:15:00,4387.17,-12.10,TRADE
VIC1,2026/06/13 02:20:00,4420.27,-2.99,TRADE
VIC1,2026/06/13 02:25:00,4397.92,-5.90,TRADE
VIC1,2026/06/13 02:30:00,4370.58,-12.10,TRADE
VIC1,2026/06/13 02:35:00,4254.26,-5.02,TRADE
VIC1,2026/06/13 02:40:00,4260.33,-5.07,TRADE
VIC1,2026/06/13 02:45:00,4224.69,-3.01,TRADE
VIC1,2026/06/13 02:50:00,4256.03,-11.95,TRADE
VIC1,2026/06/13 02:55:00,4274.94,-12.10,TRADE
VIC1,2026/06/13 03:00:00,4174.78,-12.10,TRADE
VIC1,2026/06/13 03:05:00,4190.42,-12.10,TRADE
VIC1,2026/06/13 03:10:00,4174.38,-7.85,TRADE
VIC1,2026/06/13 03:15:00,4243.59,-12.10,TRADE
VIC1,2026/06/13 03:20:00,4236.1,-3.01,TRADE
VIC1,2026/06/13 03:25:00,4192.14,-12.73,TRADE
VIC1,2026/06/13 03:30:00,4136.41,-12.10,TRADE
VIC1,2026/06/13 03:35:00,4132.44,-12.10,TRADE
VIC1,2026/06/13 03:40:00,4132.65,-12.10,TRADE
VIC1,2026/06/13 03:45:00,4179.08,-12.10,TRADE
VIC1,2026/06/13 03:50:00,4179.02,-3,TRADE
VIC1,2026/06/13 03:55:00,4076.68,-2.99,TRADE
VIC1,2026/06/13 04:00:00,4181.16,-11.95,TRADE
VIC1,2026/06/13 04:05:00,4143.25,-5.48,TRADE
VIC1,2026/06/13 04:10:00,4173.76,-11.83,TRADE
VIC1,2026/06/13 04:15:00,4161.67,-12.10,TRADE
VIC1,2026/06/13 04:20:00,4083.8,-11.95,TRADE
VIC1,2026/06/13 04:25:00,4160.31,-11.95,TRADE
VIC1,2026/06/13 04:30:00,4152.85,-3.01,TRADE
VIC1,2026/06/13 04:35:00,4155.52,-3.01,TRADE
VIC1,2026/06/13 04:40:00,4088.71,-3.01,TRADE
VIC1,2026/06/13 04:45:00,4150.93,-7.23,TRADE
VIC1,2026/06/13 04:50:00,4145.67,-7.83,TRADE
VIC1,2026/06/13 04:55:00,4187.23,-7.79,TRADE
VIC1,2026/06/13 05:00:00,4167.26,-10.82,TRADE
VIC1,2026/06/13 05:05:00,4124.52,-12.10,TRADE
VIC1,2026/06/13 05:10:00,4143.05,-11.95,TRADE
VIC1,2026/06/13 05:15:00,4178.85,-8.14,TRADE
VIC1,2026/06/13 05:20:00,4190.93,-11.46,TRADE
VIC1,2026/06/13 05:25:00,4176.07,-4.70,TRADE
VIC1,2026/06/13 05:30:00,4250.05,-4.09,TRADE
VIC1,2026/06/13 05:35:00,4259.34,-10.84,TRADE
VIC1,2026/06/13 05:40:00,4198.63,-11.52,TRADE
VIC1,2026/06/13 05:45:00,4330.23,-3.01,TRADE
VIC1,2026/06/13 05:50:00,4341.95,-3.01,TRADE
VIC1,2026/06/13 05:55:00,4369.4,-10.97,TRADE
VIC1,2026/06/13 06:00:00,4397.3,-3.01,TRADE
VIC1,2026/06/13 06:05:00,4330.73,-11.95,TRADE
VIC1,2026/06/13 06:10:00,4404.71,-3.01,TRADE
VIC1,2026/06/13 06:15:00,4486.04,-3.01,TRADE
VIC1,2026/06/13 06:20:00,4528.22,-3.01,TRADE
VIC1,2026/06/13 06:25:00,4446.57,-3.01,TRADE
VIC1,2026/06/13 06:30:00,4458.07,-2.99,TRADE
VIC1,2026/06/13 06:35:00,4556.05,-3.08,TRADE
VIC1,2026/06/13 06:40:00,4555.07,-3.10,TRADE
VIC1,2026/06/13 06:45:00,4633.39,-3.01,TRADE
VIC1,2026/06/13 06:50:00,4636.86,-2.99,TRADE
VIC1,2026/06/13 06:55:00,4620.72,-2.99,TRADE
VIC1,2026/06/13 07:00:00,4663.29,-2.99,TRADE
VIC1,2026/06/13 07:05:00,4751.22,-2.99,TRADE
VIC1,2026/06/13 07:10:00,4739.14,-3.01,TRADE
VIC1,2026/06/13 07:15:00,4759.92,-2.67,TRADE
VIC1,2026/06/13 07:20:00,4816.42,-2.99,TRADE
VIC1,2026/06/13 07:25:00,4929.08,-2.50,TRADE
VIC1,2026/06/13 07:30:00,4924.98,-2.67,TRADE
VIC1,2026/06/13 07:35:00,5015.57,-2.50,TRADE
VIC1,2026/06/13 07:40:00,5049.39,-2.50,TRADE
VIC1,2026/06/13 07:45:00,5014,-2.50,TRADE
VIC1,2026/06/13 07:50:00,5117.91,-2.29,TRADE
VIC1,2026/06/13 07:55:00,5131.63,-2.29,TRADE
VIC1,2026/06/13 08:00:00,5107.86,-2.29,TRADE
VIC1,2026/06/13 08:05:00,5141.72,-2.29,TRADE
VIC1,2026/06/13 08:10:00,5182.22,-2.26,TRADE
VIC1,2026/06/13 08:15:00,5310.65,-1.13,TRADE
VIC1,2026/06/13 08:20:00,5324.75,-0.10,TRADE
VIC1,2026/06/13 08:25:00,5359.29,-0.10,TRADE
VIC1,2026/06/13 08:30:00,5357.61,-0.10,TRADE
VIC1,2026/06/13 08:35:00,5250.4,-1.68,TRADE
VIC1,2026/06/13 08:40:00,5360.54,-1.05,TRADE
VIC1,2026/06/13 08:45:00,5379.02,-0.10,TRADE
VIC1,2026/06/13 08:50:00,5272.31,-1.68,TRADE
VIC1,2026/06/13 08:55:00,5267.62,-1.68,TRADE
VIC1,2026/06/13 09:00:00,5353.31,-0.10,TRADE
VIC1,2026/06/13 09:05:00,5302.29,-0.10,TRADE
VIC1,2026/06/13 09:10:00,5378.86,-0.10,TRADE
VIC1,2026/06/13 09:15:00,5466.69,-0.10,TRADE
VIC1,2026/06/13 09:20:00,5419.28,-0.10,TRADE
VIC1,2026/06/13 09:25:00,5457.35,-0.10,TRADE
VIC1,2026/06/13 09:30:00,5383.55,-0.10,TRADE
VIC1,2026/06/13 09:35:00,5401.31,-0.10,TRADE
VIC1,2026/06/13 09:40:00,5444.24,-0.10,TRADE
VIC1,2026/06/13 09:45:00,5545.25,-0.10,TRADE
VIC1,2026/06/13 09:50:00,5502.44,-0.10,TRADE
VIC1,2026/06/13 09:55:00,5535.2,-0.10,TRADE
VIC1,2026/06/13 10:00:00,5569.17,-0.10,TRADE
VIC1,2026/06/13 10:05:00,5622.16,-0.10,TRADE
VIC1,2026/06/13 10:10:00,5665.76,-0.10,TRADE
VIC1,2026/06/13 10:15:00,5608.86,-0.10,TRADE
VIC1,2026/06/13 10:20:00,5621.66,-0.10,TRADE
VIC1,2026/06/13 10:25:00,5636.55,-0.10,TRADE
VIC1,2026/06/13 10:30:00,5586.03,-0.10,TRADE
VIC1,2026/06/13 10:35:00,5628.28,-0.10,TRADE
VIC1,2026/06/13 10:40:00,5649.29,-0.05,TRADE
VIC1,2026/06/13 10:45:00,5625.92,-0.05,TRADE
VIC1,2026/06/13 10:50:00,5599.79,-0.05,TRADE
VIC1,2026/06/13 10:55:00,5550.25,-0.05,TRADE
VIC1,2026/06/13 11:00:00,5572.08,-0.10,TRADE
VIC1,2026/06/13 11:05:00,5596.61,-0.10,TRADE
VIC1,2026/06/13 11:10:00,5831.9,-0.05,TRADE
VIC1,2026/06/13 11:15:00,5950.46,-0.05,TRADE
VIC1,2026/06/13 11:20:00,5956.53,-0.05,TRADE
VIC1,2026/06/13 11:25:00,5996.61,0,TRADE
VIC1,2026/06/13 11:30:00,5969.93,-0.05,TRADE
VIC1,2026/06/13 11:35:00,5985.26,-0.05,TRADE
VIC1,2026/06/13 11:40:00,5978.17,-0.05,TRADE
VIC1,2026/06/13 11:45:00,5946.06,0,TRADE
VIC1,2026/06/13 11:50:00,5838.13,0,TRADE
VIC1,2026/06/13 11:55:00,5866.26,0,TRADE
VIC1,2026/06/13 12:00:00,5871.77,0,TRADE
VIC1,2026/06/13 12:05:00,5930.33,1.68,TRADE
VIC1,2026/06/13 12:10:00,5863.89,0.01,TRADE
VIC1,2026/06/13 12:15:00,5915.79,4.69,TRADE
VIC1,2026/06/13 12:20:00,5906.01,9.58,TRADE
VIC1,2026/06/13 12:25:00,5944.69,3.02,TRADE
VIC1,2026/06/13 12:30:00,5899.59,5.08,TRADE
VIC1,2026/06/13 12:35:00,5831.65,5.08,TRADE
VIC1,2026/06/13 12:40:00,5832.63,9.50,TRADE
VIC1,2026/06/13 12:45:00,5827.26,8.95,TRADE
VIC1,2026/06/13 12:50:00,5787.41,10.50,TRADE
VIC1,2026/06/13 12:55:00,5869,11.15,TRADE
VIC1,2026/06/13 13:00:00,5876.78,21.43,TRADE
VIC1,2026/06/13 13:05:00,5884.82,10.67,TRADE
VIC1,2026/06/13 13:10:00,5971.13,10.50,TRADE
VIC1,2026/06/13 13:15:00,5982.39,10.50,TRADE
VIC1,2026/06/13 13:20:00,5952.71,10.50,TRADE
VIC1,2026/06/13 13:25:00,5953.85,10.50,TRADE
VIC1,2026/06/13 13:30:00,5920.64,8.94,TRADE
VIC1,2026/06/13 13:35:00,5887.88,10.50,TRADE
VIC1,2026/06/13 13:40:00,5975.06,15.06,TRADE
VIC1,2026/06/13 13:45:00,6009.36,10.65,TRADE
VIC1,2026/06/13 13:50:00,5984.37,8.94,TRADE
VIC1,2026/06/13 13:55:00,6061.46,10.67,TRADE
VIC1,2026/06/13 14:00:00,6072.37,36.66,TRADE
VIC1,2026/06/13 14:05:00,6103.5,41.63,TRADE
VIC1,2026/06/13 14:10:00,5995.96,49.91,TRADE
VIC1,2026/06/13 14:15:00,5990.82,54.64,TRADE
VIC1,2026/06/13 14:20:00,5901.54,48.68,TRADE
VIC1,2026/06/13 14:25:00,5966.92,54.69,TRADE
VIC1,2026/06/13 14:30:00,5998.27,54.69,TRADE
VIC1,2026/06/13 14:35:00,5925.12,54.69,TRADE
VIC1,2026/06/13 14:40:00,6029.55,73.68,TRADE
VIC1,2026/06/13 14:45:00,6026.55,55.44,TRADE
VIC1,2026/06/13 14:50:00,6001.38,54.69,TRADE
VIC1,2026/06/13 14:55:00,6067.96,55.66,TRADE
VIC1,2026/06/13 15:00:00,5942.86,50.94,TRADE
VIC1,2026/06/13 15:05:00,5945.48,53.11,TRADE
VIC1,2026/06/13 15:10:00,5942.32,54.70,TRADE
VIC1,2026/06/13 15:15:00,5957.55,55.82,TRADE
VIC1,2026/06/13 15:20:00,5956.04,56.30,TRADE
VIC1,2026/06/13 15:25:00,6013.83,58,TRADE
VIC1,2026/06/13 15:30:00,6026.1,71.95,TRADE
VIC1,2026/06/13 15:35:00,6062.65,58,TRADE
VIC1,2026/06/13 15:40:00,5913.58,58,TRADE
VIC1,2026/06/13 15:45:00,5952.94,70.14,TRADE
VIC1,2026/06/13 15:50:00,5961.68,65.97,TRADE
VIC1,2026/06/13 15:55:00,5973.38,65.44,TRADE
VIC1,2026/06/13 16:00:00,6074.49,70.53,TRADE
VIC1,2026/06/13 16:05:00,6120.11,64.11,TRADE
VIC1,2026/06/13 16:10:00,6115.47,65.88,TRADE
VIC1,2026/06/13 16:15:00,6130.93,65.94,TRADE
VIC1,2026/06/13 16:20:00,6191.32,63.78,TRADE
VIC1,2026/06/13 16:25:00,6255.24,71.49,TRADE
VIC1,2026/06/13 16:30:00,6322.05,74.69,TRADE
VIC1,2026/06/13 16:35:00,6228.32,66.42,TRADE
VIC1,2026/06/13 16:40:00,6369.41,69.22,TRADE
VIC1,2026/06/13 16:45:00,6306.34,66.91,TRADE
VIC1,2026/06/13 16:50:00,6303.06,69.28,TRADE
VIC1,2026/06/13 16:55:00,6445.5,74.15,TRADE
VIC1,2026/06/13 17:00:00,6479,73.08,TRADE
VIC1,2026/06/13 17:05:00,6531.55,70.51,TRADE
VIC1,2026/06/13 17:10:00,6509.08,68.29,TRADE
VIC1,2026/06/13 17:15:00,6495.21,70.51,TRADE
VIC1,2026/06/13 17:20:00,6594.3,70.51,TRADE
VIC1,2026/06/13 17:25:00,6639.9,71.43,TRADE
VIC1,2026/06/13 17:30:00,6602.21,73.24,TRADE
VIC1,2026/06/13 17:35:00,6678.44,73.41,TRADE
VIC1,2026/06/13 17:40:00,6641.23,70.51,TRADE
VIC1,2026/06/13 17:45:00,6663.56,73.43,TRADE
VIC1,2026/06/13 17:50:00,6662.11,73.41,TRADE
VIC1,2026/06/13 17:55:00,6627.46,74.18,TRADE
VIC1,2026/06/13 18:00:00,6592.14,73.61,TRADE
VIC1,2026/06/13 18:05:00,6594.56,70.51,TRADE
VIC1,2026/06/13 18:10:00,6659.24,70.63,TRADE
VIC1,2026/06/13 18:15:00,6645.51,69.45,TRADE
VIC1,2026/06/13 18:20:00,6610.23,70.54,TRADE
VIC1,2026/06/13 18:25:00,6574.01,70.51,TRADE
VIC1,2026/06/13 18:30:00,6474.03,70.51,TRADE
VIC1,2026/06/13 18:35:00,6438.59,70.29,TRADE
VIC1,2026/06/13 18:40:00,6374.64,65.84,TRADE
VIC1,2026/06/13 18:45:00,6426.29,70.44,TRADE
VIC1,2026/06/13 18:50:00,6415.52,70.51,TRADE
VIC1,2026/06/13 18:55:00,6363.45,68.50,TRADE
VIC1,2026/06/13 19:00:00,6275.36,63.17,TRADE
VIC1,2026/06/13 19:05:00,6380.9,68.62,TRADE
VIC1,2026/06/13 19:10:00,6347.97,70.51,TRADE
VIC1,2026/06/13 19:15:00,6343.73,67.73,TRADE
VIC1,2026/06/13 19:20:00,6271.53,67.76,TRADE
VIC1,2026/06/13 19:25:00,6376.74,70.51,TRADE
VIC1,2026/06/13 19:30:00,6222.24,66.54,TRADE
VIC1,2026/06/13 19:35:00,6184.46,71.73,TRADE
VIC1,2026/06/13 19:40:00,6211.35,72.27,TRADE
VIC1,2026/06/13 19:45:00,6166.41,70.51,TRADE
VIC1,2026/06/13 19:50:00,6162.12,70.51,TRADE
VIC1,2026/06/13 19:55:00,6166.19,70.51,TRADE
VIC1,2026/06/13 20:00:00,6160.81,68.69,TRADE
VIC1,2026/06/13 20:05:00,6126.89,67.85,TRADE
VIC1,2026/06/13 20:10:00,6117.98,69.83,TRADE
VIC1,2026/06/13 20:15:00,6041.32,70.51,TRADE
VIC1,2026/06/13 20:20:00,6041.58,70.51,TRADE
VIC1,2026/06/13 20:25:00,6013.19,70.54,TRADE
VIC1,2026/06/13 20:30:00,6015.41,70.51,TRADE
VIC1,2026/06/13 20:35:00,6047.77,70.54,TRADE
VIC1,2026/06/13 20:40:00,5954.65,70.51,TRADE
VIC1,2026/06/13 20:45:00,6040.66,70.51,TRADE
VIC1,2026/06/13 20:50:00,5994.51,70.51,TRADE
VIC1,2026/06/13 20:55:00,5999.98,70.51,TRADE
VIC1,2026/06/13 21:00:00,5964.98,69.53,TRADE
VIC1,2026/06/13 21:05:00,5861.01,70.59,TRADE
VIC1,2026/06/13 21:10:00,5847.67,70.51,TRADE
VIC1,2026/06/13 21:15:00,5915.77,70.51,TRADE
VIC1,2026/06/13 21:20:00,5936.42,74.69,TRADE
VIC1,2026/06/13 21:25:00,5852.22,70.51,TRADE
VIC1,2026/06/13 21:30:00,5853.85,62,TRADE
VIC1,2026/06/13 21:35:00,5817.17,68.76,TRADE
VIC1,2026/06/13 21:40:00,5792.64,71.62,TRADE
VIC1,2026/06/13 21:45:00,5689.93,58,TRADE
VIC1,2026/06/13 21:50:00,5643.39,62.34,TRADE
VIC1,2026/06/13 21:55:00,5653.31,68.17,TRADE
VIC1,2026/06/13 22:00:00,5542.71,63.17,TRADE
VIC1,2026/06/13 22:05:00,5488.52,65.17,TRADE
VIC1,2026/06/13 22:10:00,5500.32,68.51,TRADE
VIC1,2026/06/13 22:15:00,5481.98,79.73,TRADE
VIC1,2026/06/13 22:20:00,5506.2,63.46,TRADE
VIC1,2026/06/13 22:25:00,5505.06,59.07,TRADE
VIC1,2026/06/13 22:30:00,5480.22,64.11,TRADE
VIC1,2026/06/13 22:35:00,5500.79,64.59,TRADE
VIC1,2026/06/13 22:40:00,5497.66,59.17,TRADE
VIC1,2026/06/13 22:45:00,5359.39,67.70,TRADE
VIC1,2026/06/13 22:50:00,5292.62,69.47,TRADE
VIC1,2026/06/13 22:55:00,5278.87,63.18,TRADE
VIC1,2026/06/13 23:00:00,5304.85,68.15,TRADE
VIC1,2026/06/13 23:05:00,5340.45,72.24,TRADE
VIC1,2026/06/13 23:10:00,5353.87,70.56,TRADE
VIC1,2026/06/13 23:15:00,5406.39,71.09,TRADE
VIC1,2026/06/13 23:20:00,5434.98,75.64,TRADE
VIC1,2026/06/13 23:25:00,5457.94,75.54,TRADE
VIC1,2026/06/13 23:30:00,5445.22,72.22,TRADE
VIC1,2026/06/13 23:35:00,5476.04,64.67,TRADE
VIC1,2026/06/13 23:40:00,5468.59,75.85,TRADE
VIC1,2026/06/13 23:45:00,5444.59,72.75,TRADE
VIC1,2026/06/13 23:50:00,5383.4,83.85,TRADE
VIC1,2026/06/13 23:55:00,5299.81,67.82,TRADE
VIC1,2026/06/14 00:00:00,5299.06,65.42,TRADE
VIC1,2026/06/14 00:05:00,5290.86,67.78,TRADE
VIC1,2026/06/14 00:10:00,5261.13,69.44,TRADE
VIC1,2026/06/14 00:15:00,5244.19,65.54,TRADE
VIC1,2026/06/14 00:20:00,5266.82,67.06,TRADE
VIC1,2026/06/14 00:25:00,5251.11,67.37,TRADE
VIC1,2026/06/14 00:30:00,5223.88,72.93,TRADE
VIC1,2026/06/14 00:35:00,5133.3,67.65,TRADE
VIC1,2026/06/14 00:40:00,5090.22,61.37,TRADE
VIC1,2026/06/14 00:45:00,5021.41,66.85,TRADE
VIC1,2026/06/14 00:50:00,5065.76,75.31,TRADE
VIC1,2026/06/14 00:55:00,5060.36,74.51,TRADE
VIC1,2026/06/14 01:00:00,5065.94,58,TRADE
VIC1,2026/06/14 01:05:00,5041.68,58,TRADE
VIC1,2026/06/14 01:10:00,4937.43,67.25,TRADE
VIC1,2026/06/14 01:15:00,4967.67,67.21,TRADE
VIC1,2026/06/14 01:20:00,4963.09,68.87,TRADE
VIC1,2026/06/14 01:25:00,4898.6,58,TRADE
VIC1,2026/06/14 01:30:00,4911.43,58,TRADE
VIC1,2026/06/14 01:35:00,4860.08,67.33,TRADE
VIC1,2026/06/14 01:40:00,4824.49,61.66,TRADE
VIC1,2026/06/14 01:45:00,4788.57,66.40,TRADE
VIC1,2026/06/14 01:50:00,4693.78,66.41,TRADE
VIC1,2026/06/14 01:55:00,4667.18,46.53,TRADE
VIC1,2026/06/14 02:00:00,4676.02,58,TRADE
VIC1,2026/06/14 02:05:00,4616.26,66.39,TRADE
VIC1,2026/06/14 02:10:00,4675.89,66.28,TRADE
VIC1,2026/06/14 02:15:00,4664.39,58.67,TRADE
VIC1,2026/06/14 02:20:00,4663.45,66.67,TRADE
VIC1,2026/06/14 02:25:00,4646.24,48.68,TRADE
VIC1,2026/06/14 02:30:00,4615.39,47.21,TRADE
VIC1,2026/06/14 02:35:00,4603.3,58,TRADE
VIC1,2026/06/14 02:40:00,4613.85,58,TRADE
VIC1,2026/06/14 02:45:00,4518.52,58,TRADE
VIC1,2026/06/14 02:50:00,4471.24,45.25,TRADE
VIC1,2026/06/14 02:55:00,4532.78,48.68,TRADE
VIC1,2026/06/14 03:00:00,4501.31,59.37,TRADE
VIC1,2026/06/14 03:05:00,4410.9,58,TRADE
VIC1,2026/06/14 03:10:00,4504.98,46.84,TRADE
VIC1,2026/06/14 03:15:00,4512.31,47.55,TRADE
VIC1,2026/06/14 03:20:00,4499.72,57.36,TRADE
VIC1,2026/06/14 03:25:00,4508.99,58,TRADE
VIC1,2026/06/14 03:30:00,4413.46,49.88,TRADE
VIC1,2026/06/14 03:35:00,4451.04,47.10,TRADE
VIC1,2026/06/14 03:40:00,4477.12,51.53,TRADE
VIC1,2026/06/14 03:45:00,4464.31,57.23,TRADE
VIC1,2026/06/14 03:50:00,4449.75,47.38,TRADE
VIC1,2026/06/14 03:55:00,4405.11,47.97,TRADE
VIC1,2026/06/14 04:00:00,4402.54,57.58,TRADE
VIC1,2026/06/14 04:05:00,4416.99,55.05,TRADE
VIC1,2026/06/14 04:10:00,4411.3,55.05,TRADE
VIC1,2026/06/14 04:15:00,4430.38,57.74,TRADE
VIC1,2026/06/14 04:20:00,4400.49,55.10,TRADE
VIC1,2026/06/14 04:25:00,4410.74,46.10,TRADE
VIC1,2026/06/14 04:30:00,4419.36,65.84,TRADE
VIC1,2026/06/14 04:35:00,4413.53,66.39,TRADE
VIC1,2026/06/14 04:40:00,4468.99,57.58,TRADE
VIC1,2026/06/14 04:45:00,4437.74,50.94,TRADE
VIC1,2026/06/14 04:50:00,4474.15,55.05,TRADE
VIC1,2026/06/14 04:55:00,4552.1,55.73,TRADE
VIC1,2026/06/14 05:00:00,4540.26,55.05,TRADE
VIC1,2026/06/14 05:05:00,4545.76,56.85,TRADE
VIC1,2026/06/14 05:10:00,4617.47,55.05,TRADE
VIC1,2026/06/14 05:15:00,4530.78,55.05,TRADE
VIC1,2026/06/14 05:20:00,4529.74,55.05,TRADE
VIC1,2026/06/14 05:25:00,4546.35,55.05,TRADE
VIC1,2026/06/14 05:30:00,4577.14,55.05,TRADE
VIC1,2026/06/14 05:35:00,4595.63,54.54,TRADE
VIC1,2026/06/14 05:40:00,4628.4,55.05,TRADE
VIC1,2026/06/14 05:45:00,4621.68,55.05,TRADE
VIC1,2026/06/14 05:50:00,4643.22,55.05,TRADE
VIC1,2026/06/14 05:55:00,4706.59,55.05,TRADE
VIC1,2026/06/14 06:00:00,4743.6,55.05,TRADE
VIC1,2026/06/14 06:05:00,4768.34,55.05,TRADE
VIC1,2026/06/14 06:10:00,4824.61,55.05,TRADE
VIC1,2026/06/14 06:15:00,4872.41,61.94,TRADE
VIC1,2026/06/14 06:20:00,4889.25,61.40,TRADE
VIC1,2026/06/14 06:25:00,4841.94,58.53,TRADE
VIC1,2026/06/14 06:30:00,4875.56,61.52,TRADE
VIC1,2026/06/14 06:35:00,4894.98,60.31,TRADE
VIC1,2026/06/14 06:40:00,4917.12,62.67,TRADE
VIC1,2026/06/14 06:45:00,4973.03,64.84,TRADE
VIC1,2026/06/14 06:50:00,5005.7,66.21,TRADE
VIC1,2026/06/14 06:55:00,5035.97,65.45,TRADE
VIC1,2026/06/14 07:00:00,5115.39,66.64,TRADE
VIC1,2026/06/14 07:05:00,5187.77,69.27,TRADE
VIC1,2026/06/14 07:10:00,5137.75,63.65,TRADE
VIC1,2026/06/14 07:15:00,5232.96,70.52,TRADE
VIC1,2026/06/14 07:20:00,5349.28,78.30,TRADE
VIC1,2026/06/14 07:25:00,5419.03,68.64,TRADE
VIC1,2026/06/14 07:30:00,5461.92,68.85,TRADE
VIC1,2026/06/14 07:35:00,5480.86,63.50,TRADE
VIC1,2026/06/14 07:40:00,5470.22,68.39,TRADE
VIC1,2026/06/14 07:45:00,5514.01,73.30,TRADE
VIC1,2026/06/14 07:50:00,5550.5,76.45,TRADE
VIC1,2026/06/14 07:55:00,5683.93,76.30,TRADE
VIC1,2026/06/14 08:00:00,5677.51,72.06,TRADE
VIC1,2026/06/14 08:05:00,5706.06,72.57,TRADE
VIC1,2026/06/14 08:10:00,5753.91,76.45,TRADE
VIC1,2026/06/14 08:15:00,5716.77,76.45,TRADE
VIC1,2026/06/14 08:20:00,5714.75,68.98,TRADE
VIC1,2026/06/14 08:25:00,5616.38,55.05,TRADE
VIC1,2026/06/14 08:30:00,5594.28,55.05,TRADE
VIC1,2026/06/14 08:35:00,5656.57,66.40,TRADE
VIC1,2026/06/14 08:40:00,5607.39,54.69,TRADE
VIC1,2026/06/14 08:45:00,5562,54.69,TRADE
VIC1,2026/06/14 08:50:00,5603.51,55.05,TRADE
VIC1,2026/06/14 08:55:00,5526.9,55.05,TRADE
VIC1,2026/06/14 09:00:00,5489.36,48.52,TRADE
VIC1,2026/06/14 09:05:00,5381.31,48.52,TRADE
VIC1,2026/06/14 09:10:00,5469.45,50.72,TRADE
VIC1,2026/06/14 09:15:00,5450.1,38,TRADE
VIC1,2026/06/14 09:20:00,5320.35,34.36,TRADE
VIC1,2026/06/14 09:25:00,5307.58,55.05,TRADE
VIC1,2026/06/14 09:30:00,5294.95,55.05,TRADE
VIC1,2026/06/14 09:35:00,5258.05,22.67,TRADE
VIC1,2026/06/14 09:40:00,5235.32,36.66,TRADE
VIC1,2026/06/14 09:45:00,5179.73,21.22,TRADE
VIC1,2026/06/14 09:50:00,5096.23,9.67,TRADE
VIC1,2026/06/14 09:55:00,5064.53,36.66,TRADE
VIC1,2026/06/14 10:00:00,4858.83,15.06,TRADE
VIC1,2026/06/14 10:05:00,4879.86,15.06,TRADE
VIC1,2026/06/14 10:10:00,4892.63,15.06,TRADE
VIC1,2026/06/14 10:15:00,4843.74,27.12,TRADE
VIC1,2026/06/14 10:20:00,4850.4,30.21,TRADE
VIC1,2026/06/14 10:25:00,4808.96,10.96,TRADE
VIC1,2026/06/14 10:30:00,4763.28,10.89,TRADE
VIC1,2026/06/14 10:35:00,4743.43,11.47,TRADE
VIC1,2026/06/14 10:40:00,4709.58,30.21,TRADE
VIC1,2026/06/14 10:45:00,4627.66,27.12,TRADE
VIC1,2026/06/14 10:50:00,4564.89,15.06,TRADE
VIC1,2026/06/14 10:55:00,4457.06,10.67,TRADE
VIC1,2026/06/14 11:00:00,4403.28,15.06,TRADE
VIC1,2026/06/14 11:05:00,4364.95,15.06,TRADE
VIC1,2026/06/14 11:10:00,4559.26,30.21,TRADE
VIC1,2026/06/14 11:15:00,4520.5,27.12,TRADE
VIC1,2026/06/14 11:20:00,4410.53,15.06,TRADE
VIC1,2026/06/14 11:25:00,4491.48,12.69,TRADE
VIC1,2026/06/14 11:30:00,4446.21,15.06,TRADE
VIC1,2026/06/14 11:35:00,4337.03,15.06,TRADE
VIC1,2026/06/14 11:40:00,4298.69,8.81,TRADE
VIC1,2026/06/14 11:45:00,4306.19,15.06,TRADE
VIC1,2026/06/14 11:50:00,4297.61,10.65,TRADE
VIC1,2026/06/14 11:55:00,4307.38,10.65,TRADE
VIC1,2026/06/14 12:00:00,4198.05,9.67,TRADE
VIC1,2026/06/14 12:05:00,4196.75,15.06,TRADE
VIC1,2026/06/14 12:10:00,4170.9,9.68,TRADE
VIC1,2026/06/14 12:15:00,4237.96,12.62,TRADE
VIC1,2026/06/14 12:20:00,4252.99,14.84,TRADE
VIC1,2026/06/14 12:25:00,4217.21,9.67,TRADE
VIC1,2026/06/14 12:30:00,4311.23,19.18,TRADE
VIC1,2026/06/14 12:35:00,4321.41,9.18,TRADE
VIC1,2026/06/14 12:40:00,4397.72,20.04,TRADE
VIC1,2026/06/14 12:45:00,4437.69,27.12,TRADE
VIC1,2026/06/14 12:50:00,4345.26,10.65,TRADE
VIC1,2026/06/14 12:55:00,4395.93,15.06,TRADE
VIC1,2026/06/14 13:00:00,4481.76,34.20,TRADE
VIC1,2026/06/14 13:05:00,4495.5,34.20,TRADE
VIC1,2026/06/14 13:10:00,4533.98,11.69,TRADE
VIC1,2026/06/14 13:15:00,4650.01,31.08,TRADE
VIC1,2026/06/14 13:20:00,4668.66,35.97,TRADE
VIC1,2026/06/14 13:25:00,4759.72,20.04,TRADE
VIC1,2026/06/14 13:30:00,4703.68,19.18,TRADE
VIC1,2026/06/14 13:35:00,4726.36,9.67,TRADE
VIC1,2026/06/14 13:40:00,4707.52,9.67,TRADE
VIC1,2026/06/14 13:45:00,4823.43,34.20,TRADE
VIC1,2026/06/14 13:50:00,4810.22,-1.29,TRADE
VIC1,2026/06/14 13:55:00,4888.69,34.20,TRADE
VIC1,2026/06/14 14:00:00,4845.1,19.18,TRADE
VIC1,2026/06/14 14:05:00,4892.54,10.50,TRADE
VIC1,2026/06/14 14:10:00,4831.54,10.50,TRADE
VIC1,2026/06/14 14:15:00,4756.74,0,TRADE
VIC1,2026/06/14 14:20:00,4759.64,10.50,TRADE
VIC1,2026/06/14 14:25:00,4805.81,9.67,TRADE
VIC1,2026/06/14 14:30:00,4892.28,10.50,TRADE
VIC1,2026/06/14 14:35:00,4881.23,9.84,TRADE
VIC1,2026/06/14 14:40:00,4934.4,9.67,TRADE
VIC1,2026/06/14 14:45:00,4973.85,10.66,TRADE
VIC1,2026/06/14 14:50:00,4968.86,10.50,TRADE
VIC1,2026/06/14 14:55:00,5126.65,14.44,TRADE
VIC1,2026/06/14 15:00:00,5199.46,10.65,TRADE
VIC1,2026/06/14 15:05:00,5268.52,10.50,TRADE
VIC1,2026/06/14 15:10:00,5237.49,8.94,TRADE
VIC1,2026/06/14 15:15:00,5273.76,9.67,TRADE
VIC1,2026/06/14 15:20:00,5302.07,9.67,TRADE
VIC1,2026/06/14 15:25:00,5267.68,9.67,TRADE
VIC1,2026/06/14 15:30:00,5384.23,10.50,TRADE
VIC1,2026/06/14 15:35:00,5446.33,10.65,TRADE
VIC1,2026/06/14 15:40:00,5406.48,2.68,TRADE
VIC1,2026/06/14 15:45:00,5536.94,55.05,TRADE
VIC1,2026/06/14 15:50:00,5549.28,55.05,TRADE
VIC1,2026/06/14 15:55:00,5631.44,78.57,TRADE
VIC1,2026/06/14 16:00:00,5562.74,55.05,TRADE
VIC1,2026/06/14 16:05:00,5645.89,55.05,TRADE
VIC1,2026/06/14 16:10:00,5684.27,69.85,TRADE
VIC1,2026/06/14 16:15:00,5779.44,75.88,TRADE
VIC1,2026/06/14 16:20:00,5940.62,74.69,TRADE
VIC1,2026/06/14 16:25:00,5983.5,75.99,TRADE
VIC1,2026/06/14 16:30:00,6039.7,74.69,TRADE
VIC1,2026/06/14 16:35:00,6106.77,70.51,TRADE
VIC1,2026/06/14 16:40:00,6276.9,81.68,TRADE
VIC1,2026/06/14 16:45:00,6362.37,80.79,TRADE
VIC1,2026/06/14 16:50:00,6422.66,76.78,TRADE
VIC1,2026/06/14 16:55:00,6530.47,83.34,TRADE
VIC1,2026/06/14 17:00:00,6618.86,89.80,TRADE
VIC1,2026/06/14 17:05:00,6626.9,78.60,TRADE
VIC1,2026/06/14 17:10:00,6623.84,80.37,TRADE
VIC1,2026/06/14 17:15:00,6689.8,79.91,TRADE
VIC1,2026/06/14 17:20:00,6826.36,82.92,TRADE
VIC1,2026/06/14 17:25:00,6926.46,84.16,TRADE
VIC1,2026/06/14 17:30:00,6918.66,84.55,TRADE
VIC1,2026/06/14 17:35:00,7059.57,84.32,TRADE
VIC1,2026/06/14 17:40:00,7107.07,84.38,TRADE
VIC1,2026/06/14 17:45:00,7164.43,82.26,TRADE
VIC1,2026/06/14 17:50:00,7170.03,83.67,TRADE
VIC1,2026/06/14 17:55:00,7164.68,82.40,TRADE
VIC1,2026/06/14 18:00:00,7145.89,83.30,TRADE
VIC1,2026/06/14 18:05:00,7250.49,89.70,TRADE
VIC1,2026/06/14 18:10:00,7221.31,83.41,TRADE
VIC1,2026/06/14 18:15:00,7161.5,84.10,TRADE
VIC1,2026/06/14 18:20:00,7217.8,93.69,TRADE
VIC1,2026/06/14 18:25:00,7240.25,84.32,TRADE
VIC1,2026/06/14 18:30:00,7234.24,83.18,TRADE
VIC1,2026/06/14 18:35:00,7211.79,84.96,TRADE
VIC1,2026/06/14 18:40:00,7225.24,81.39,TRADE
VIC1,2026/06/14 18:45:00,7166.48,80.68,TRADE
VIC1,2026/06/14 18:50:00,7199.01,79.35,TRADE
VIC1,2026/06/14 18:55:00,7144.05,78.58,TRADE
VIC1,2026/06/14 19:00:00,7192.07,82.81,TRADE
VIC1,2026/06/14 19:05:00,7114.62,78.57,TRADE
VIC1,2026/06/14 19:10:00,7185.32,80.14,TRADE
VIC1,2026/06/14 19:15:00,7150.99,77.75,TRADE
VIC1,2026/06/14 19:20:00,7149.76,75.44,TRADE
VIC1,2026/06/14 19:25:00,7036.89,75.59,TRADE
VIC1,2026/06/14 19:30:00,7048.41,74.79,TRADE
VIC1,2026/06/14 19:35:00,7103.01,76.54,TRADE
VIC1,2026/06/14 19:40:00,7010.56,74.69,TRADE
VIC1,2026/06/14 19:45:00,7039.74,74.69,TRADE
VIC1,2026/06/14 19:50:00,7027.49,74.47,TRADE
VIC1,2026/06/14 19:55:00,6958.2,74.06,TRADE
VIC1,2026/06/14 20:00:00,6985.77,74.48,TRADE
VIC1,2026/06/14 20:05:00,6984.47,74.69,TRADE
VIC1,2026/06/14 20:10:00,6970.38,76.87,TRADE
VIC1,2026/06/14 20:15:00,6963.03,77.26,TRADE
VIC1,2026/06/14 20:20:00,6896.19,73.50,TRADE
VIC1,2026/06/14 20:25:00,6813.87,73.58,TRADE
VIC1,2026/06/14 20:30:00,6872.89,69.20,TRADE
VIC1,2026/06/14 20:35:00,6832.47,67.19,TRADE
VIC1,2026/06/14 20:40:00,6786.9,70.97,TRADE
VIC1,2026/06/14 20:45:00,6799.69,70.46,TRADE
VIC1,2026/06/14 20:50:00,6741.45,66.09,TRADE
VIC1,2026/06/14 20:55:00,6721.32,65.62,TRADE
VIC1,2026/06/14 21:00:00,6621.41,55.79,TRADE
VIC1,2026/06/14 21:05:00,6578.54,66.86,TRADE
VIC1,2026/06/14 21:10:00,6544.39,65.51,TRADE
VIC1,2026/06/14 21:15:00,6597.08,67.88,TRADE
VIC1,2026/06/14 21:20:00,6574.45,67.84,TRADE
VIC1,2026/06/14 21:25:00,6508.47,62.44,TRADE
VIC1,2026/06/14 21:30:00,6481.65,57.85,TRADE
VIC1,2026/06/14 21:35:00,6358.89,68.15,TRADE
VIC1,2026/06/14 21:40:00,6309.18,70.39,TRADE
VIC1,2026/06/14 21:45:00,6373.06,68.60,TRADE
VIC1,2026/06/14 21:50:00,6308.79,66.65,TRADE
VIC1,2026/06/14 21:55:00,6267.49,66.20,TRADE
VIC1,2026/06/14 22:00:00,6148.88,55.05,TRADE
VIC1,2026/06/14 22:05:00,6136.51,66.53,TRADE
VIC1,2026/06/14 22:10:00,6124.03,65.93,TRADE
VIC1,2026/06/14 22:15:00,6044.48,63.87,TRADE
VIC1,2026/06/14 22:20:00,6061.98,59.78,TRADE
VIC1,2026/06/14 22:25:00,5979.64,54.69,TRADE
VIC1,2026/06/14 22:30:00,5970.99,54.68,TRADE
VIC1,2026/06/14 22:35:00,5950.8,55.05,TRADE
VIC1,2026/06/14 22:40:00,5839.28,54.69,TRADE
VIC1,2026/06/14 22:45:00,5830.92,54.69,TRADE
VIC1,2026/06/14 22:50:00,5812.17,55.05,TRADE
VIC1,2026/06/14 22:55:00,5723.17,54.64,TRADE
VIC1,2026/06/14 23:00:00,5777.26,55.05,TRADE
VIC1,2026/06/14 23:05:00,5747.09,62.88,TRADE
VIC1,2026/06/14 23:10:00,5825.69,59.64,TRADE
VIC1,2026/06/14 23:15:00,5873.87,68.31,TRADE
VIC1,2026/06/14 23:20:00,5864.54,61.36,TRADE
VIC1,2026/06/14 23:25:00,5801.16,62.46,TRADE
VIC1,2026/06/14 23:30:00,5773.52,55.10,TRADE
VIC1,2026/06/14 23:35:00,5743.87,66.57,TRADE
VIC1,2026/06/14 23:40:00,5776.96,55.05,TRADE
VIC1,2026/06/14 23:45:00,5721.04,53.13,TRADE
VIC1,2026/06/14 23:50:00,5613.49,55.05,TRADE
VIC1,2026/06/14 23:55:00,5656.16,61.68,TRADE
VIC1,2026/06/15 00:00:00,5609.92,54.15,TRADE
VIC1,2026/06/15 00:05:00,5614.79,55.05,TRADE
VIC1,2026/06/15 00:10:00,5628.61,71,TRADE
VIC1,2026/06/15 00:15:00,5564.57,69.56,TRADE
VIC1,2026/06/15 00:20:00,5543.22,55.05,TRADE
VIC1,2026/06/15 00:25:00,5493.94,69.59,TRADE
VIC1,2026/06/15 00:30:00,5559.17,70.68,TRADE
VIC1,2026/06/15 00:35:00,5513.33,70.51,TRADE
VIC1,2026/06/15 00:40:00,5437.11,70.64,TRADE
VIC1,2026/06/15 00:45:00,5462.5,75.36,TRADE
VIC1,2026/06/15 00:50:00,5451.11,74.99,TRADE
VIC1,2026/06/15 00:55:00,5436.95,76.45,TRADE
VIC1,2026/06/15 01:00:00,5427.92,76.45,TRADE
VIC1,2026/06/15 01:05:00,5384.2,76.29,TRADE
VIC1,2026/06/15 01:10:00,5293.38,74.69,TRADE
VIC1,2026/06/15 01:15:00,5269.27,73.45,TRADE
VIC1,2026/06/15 01:20:00,5307.67,75.16,TRADE
VIC1,2026/06/15 01:25:00,5288.37,75.42,TRADE
VIC1,2026/06/15 01:30:00,5198.95,73.47,TRADE
VIC1,2026/06/15 01:35:00,5242.63,75.47,TRADE
VIC1,2026/06/15 01:40:00,5207.22,74.32,TRADE
VIC1,2026/06/15 01:45:00,5191.19,75.42,TRADE
VIC1,2026/06/15 01:50:00,5109.81,55.05,TRADE
VIC1,2026/06/15 01:55:00,5072.94,58.12,TRADE
VIC1,2026/06/15 02:00:00,5042.9,70.85,TRADE
VIC1,2026/06/15 02:05:00,5001.98,72.75,TRADE
VIC1,2026/06/15 02:10:00,4996.83,73.82,TRADE
VIC1,2026/06/15 02:15:00,5058.83,74.85,TRADE
VIC1,2026/06/15 02:20:00,5051.43,74.28,TRADE
VIC1,2026/06/15 02:25:00,4999.55,57.79,TRADE
VIC1,2026/06/15 02:30:00,4992.59,56.59,TRADE
VIC1,2026/06/15 02:35:00,4952.26,69.76,TRADE
VIC1,2026/06/15 02:40:00,4960.26,71.69,TRADE
VIC1,2026/06/15 02:45:00,4928.31,58.67,TRADE
VIC1,2026/06/15 02:50:00,4927.88,54.77,TRADE
VIC1,2026/06/15 02:55:00,4843.48,61.64,TRADE
VIC1,2026/06/15 03:00:00,4909.94,71.19,TRADE
VIC1,2026/06/15 03:05:00,4907.05,55.05,TRADE
VIC1,2026/06/15 03:10:00,4915.13,53.77,TRADE
VIC1,2026/06/15 03:15:00,4892.38,57.27,TRADE
VIC1,2026/06/15 03:20:00,4886.77,58.67,TRADE
VIC1,2026/06/15 03:25:00,4916.06,51.08,TRADE
VIC1,2026/06/15 03:30:00,4923.3,55.05,TRADE
VIC1,2026/06/15 03:35:00,4852.44,52.60,TRADE
VIC1,2026/06/15 03:40:00,4859.35,55.05,TRADE
VIC1,2026/06/15 03:45:00,4853.57,55.19,TRADE
VIC1,2026/06/15 03:50:00,4847.89,63.66,TRADE
VIC1,2026/06/15 03:55:00,4911.79,64.56,TRADE
VIC1,2026/06/15 04:00:00,4858.42,50.68,TRADE
VIC1,2026/06/15 04:05:00,4939.49,55.06,TRADE
VIC1,2026/06/15 04:10:00,4938.28,61.93,TRADE
VIC1,2026/06/15 04:15:00,4916.37,62.73,TRADE
VIC1,2026/06/15 04:20:00,4862.58,51.08,TRADE
VIC1,2026/06/15 04:25:00,4899.12,55.06,TRADE
VIC1,2026/06/15 04:30:00,4955.38,51.47,TRADE
VIC1,2026/06/15 04:35:00,4993.16,55.06,TRADE
VIC1,2026/06/15 04:40:00,4959.16,55.06,TRADE
VIC1,2026/06/15 04:45:00,5041.59,61.72,TRADE
VIC1,2026/06/15 04:50:00,5046.06,65.28,TRADE
VIC1,2026/06/15 04:55:00,5103.97,61.71,TRADE
VIC1,2026/06/15 05:00:00,5038.69,64.03,TRADE
VIC1,2026/06/15 05:05:00,5082.22,61.59,TRADE
VIC1,2026/06/15 05:10:00,5273.83,73.89,TRADE
VIC1,2026/06/15 05:15:00,5326.99,66.17,TRADE
VIC1,2026/06/15 05:20:00,5351.66,53.46,TRADE
VIC1,2026/06/15 05:25:00,5401.31,70.49,TRADE
VIC1,2026/06/15 05:30:00,5460.71,70.51,TRADE
VIC1,2026/06/15 05:35:00,5511.87,65.33,TRADE
VIC1,2026/06/15 05:40:00,5567.79,71.47,TRADE
VIC1,2026/06/15 05:45:00,5625.21,71.50,TRADE
VIC1,2026/06/15 05:50:00,5619.77,67.99,TRADE
VIC1,2026/06/15 05:55:00,5714.37,74.48,TRADE
VIC1,2026/06/15 06:00:00,5794.01,75.41,TRADE
VIC1,2026/06/15 06:05:00,5819.66,68.14,TRADE
VIC1,2026/06/15 06:10:00,5946.1,71.35,TRADE
VIC1,2026/06/15 06:15:00,6178.39,80.50,TRADE
VIC1,2026/06/15 06:20:00,6271.26,80.53,TRADE
VIC1,2026/06/15 06:25:00,6368.39,81.38,TRADE
VIC1,2026/06/15 06:30:00,6458.29,82.03,TRADE
VIC1,2026/06/15 06:35:00,6506,78.57,TRADE
VIC1,2026/06/15 06:40:00,6600.58,89.75,TRADE
VIC1,2026/06/15 06:45:00,6726.74,81.36,TRADE
VIC1,2026/06/15 06:50:00,6824.88,93.69,TRADE
VIC1,2026/06/15 06:55:00,6955.59,88.16,TRADE
VIC1,2026/06/15 07:00:00,7106.16,89.75,TRADE
VIC1,2026/06/15 07:05:00,7208.08,84.96,TRADE
VIC1,2026/06/15 07:10:00,7319.89,89.75,TRADE
VIC1,2026/06/15 07:15:00,7396.31,85.08,TRADE
VIC1,2026/06/15 07:20:00,7491.4,89.75,TRADE
VIC1,2026/06/15 07:25:00,7610.02,113.83,TRADE
VIC1,2026/06/15 07:30:00,7662.33,109.67,TRADE
VIC1,2026/06/15 07:35:00,7775.67,86.59,TRADE
VIC1,2026/06/15 07:40:00,7891.46,87.02,TRADE
VIC1,2026/06/15 07:45:00,7957.07,89.75,TRADE
VIC1,2026/06/15 07:50:00,8074.97,88.04,TRADE
VIC1,2026/06/15 07:55:00,8127.32,89.75,TRADE
VIC1,2026/06/15 08:00:00,8128.21,101.09,TRADE
VIC1,2026/06/15 08:05:00,8140.52,97.82,TRADE
VIC1,2026/06/15 08:10:00,8093.39,93.84,TRADE
VIC1,2026/06/15 08:15:00,8077.14,78.57,TRADE
VIC1,2026/06/15 08:20:00,8087.64,87.43,TRADE
VIC1,2026/06/15 08:25:00,8050.15,71.68,TRADE
VIC1,2026/06/15 08:30:00,8040.5,70.68,TRADE
VIC1,2026/06/15 08:35:00,7951.37,57.25,TRADE
VIC1,2026/06/15 08:40:00,7956.18,57.43,TRADE
VIC1,2026/06/15 08:45:00,7908.88,55.06,TRADE
VIC1,2026/06/15 08:50:00,7853.92,48.75,TRADE
VIC1,2026/06/15 08:55:00,7817.1,44.32,TRADE
VIC1,2026/06/15 09:00:00,7820.69,44.32,TRADE
VIC1,2026/06/15 09:05:00,7762.99,53.18,TRADE
VIC1,2026/06/15 09:10:00,7705.96,47.63,TRADE
VIC1,2026/06/15 09:15:00,7584.33,41.77,TRADE
VIC1,2026/06/15 09:20:00,7602.89,41.20,TRADE
VIC1,2026/06/15 09:25:00,7558.5,40.56,TRADE
VIC1,2026/06/15 09:30:00,7460.75,39.08,TRADE
VIC1,2026/06/15 09:35:00,7444.15,39.34,TRADE
VIC1,2026/06/15 09:40:00,7371.67,40.93,TRADE
VIC1,2026/06/15 09:45:00,7384.5,43.19,TRADE
VIC1,2026/06/15 09:50:00,7330.95,43.82,TRADE
VIC1,2026/06/15 09:55:00,7174.35,43.19,TRADE
VIC1,2026/06/15 10:00:00,7129.27,40.53,TRADE
VIC1,2026/06/15 10:05:00,7096.9,41.18,TRADE
VIC1,2026/06/15 10:10:00,7095.46,42.52,TRADE
VIC1,2026/06/15 10:15:00,7003.79,44.08,TRADE
VIC1,2026/06/15 10:20:00,6999.85,43.30,TRADE
VIC1,2026/06/15 10:25:00,6928.68,42.92,TRADE
VIC1,2026/06/15 10:30:00,6893.75,48.36,TRADE
VIC1,2026/06/15 10:35:00,6851.44,58.67,TRADE
VIC1,2026/06/15 10:40:00,6783.05,49.64,TRADE
VIC1,2026/06/15 10:45:00,6649.11,58.67,TRADE
VIC1,2026/06/15 10:50:00,6588.48,49.25,TRADE
VIC1,2026/06/15 10:55:00,6579.35,45.39,TRADE
VIC1,2026/06/15 11:00:00,6487.25,43.73,TRADE
VIC1,2026/06/15 11:05:00,6448.84,55.06,TRADE
VIC1,2026/06/15 11:10:00,6588.5,56.39,TRADE
VIC1,2026/06/15 11:15:00,6633.45,55.06,TRADE
VIC1,2026/06/15 11:20:00,6534.15,55.48,TRADE
VIC1,2026/06/15 11:25:00,6548.05,55.73,TRADE
VIC1,2026/06/15 11:30:00,6414.31,54.71,TRADE
VIC1,2026/06/15 11:35:00,6402.51,56.11,TRADE
VIC1,2026/06/15 11:40:00,6371.21,55.10,TRADE
VIC1,2026/06/15 11:45:00,6259.13,54.70,TRADE
VIC1,2026/06/15 11:50:00,6214,54.20,TRADE
VIC1,2026/06/15 11:55:00,6180.64,51.36,TRADE
VIC1,2026/06/15 12:00:00,6174.98,55.06,TRADE
VIC1,2026/06/15 12:05:00,6051.71,55.18,TRADE
VIC1,2026/06/15 12:10:00,6054.03,53.58,TRADE
VIC1,2026/06/15 12:15:00,5929.83,46.43,TRADE
VIC1,2026/06/15 12:20:00,5876.1,55.06,TRADE
VIC1,2026/06/15 12:25:00,5786.77,46.56,TRADE
VIC1,2026/06/15 12:30:00,5693.41,68.15,TRADE
VIC1,2026/06/15 12:35:00,5688.15,43.19,TRADE
VIC1,2026/06/15 12:40:00,5675.28,36.25,TRADE
VIC1,2026/06/15 12:45:00,5637.62,36.25,TRADE
VIC1,2026/06/15 12:50:00,5723.58,43.19,TRADE
VIC1,2026/06/15 12:55:00,5680.4,42.46,TRADE
VIC1,2026/06/15 13:00:00,5739.97,43.10,TRADE
VIC1,2026/06/15 13:05:00,5700.24,48.05,TRADE
VIC1,2026/06/15 13:10:00,5578.27,48.68,TRADE
VIC1,2026/06/15 13:15:00,5649.75,48.04,TRADE
VIC1,2026/06/15 13:20:00,5603.85,43.05,TRADE
VIC1,2026/06/15 13:25:00,5505.8,38.70,TRADE
VIC1,2026/06/15 13:30:00,5584.78,38.63,TRADE
VIC1,2026/06/15 13:35:00,5566.11,38.22,TRADE
VIC1,2026/06/15 13:40:00,5702.12,38,TRADE
VIC1,2026/06/15 13:45:00,5612.6,33.50,TRADE
VIC1,2026/06/15 13:50:00,5626.39,33.83,TRADE
VIC1,2026/06/15 13:55:00,5570.6,19.18,TRADE
VIC1,2026/06/15 14:00:00,5678.28,30.21,TRADE
VIC1,2026/06/15 14:05:00,5553.33,19.18,TRADE
VIC1,2026/06/15 14:10:00,5447.5,10.50,TRADE
VIC1,2026/06/15 14:15:00,5437.17,14.17,TRADE
VIC1,2026/06/15 14:20:00,5593.54,32.62,TRADE
VIC1,2026/06/15 14:25:00,5606.71,31.20,TRADE
VIC1,2026/06/15 14:30:00,5573.71,33.50,TRADE
VIC1,2026/06/15 14:35:00,5622.69,31.60,TRADE
VIC1,2026/06/15 14:40:00,5621.52,22.67,TRADE
VIC1,2026/06/15 14:45:00,5589.09,33.50,TRADE
VIC1,2026/06/15 14:50:00,5701.77,27.30,TRADE
VIC1,2026/06/15 14:55:00,5684.21,50,TRADE
VIC1,2026/06/15 15:00:00,5669.59,43.84,TRADE
VIC1,2026/06/15 15:05:00,5820.83,43.19,TRADE
VIC1,2026/06/15 15:10:00,5786.61,43.19,TRADE
VIC1,2026/06/15 15:15:00,5820.7,43.05,TRADE
VIC1,2026/06/15 15:20:00,5859.5,40.75,TRADE
VIC1,2026/06/15 15:25:00,5911.39,41.49,TRADE
VIC1,2026/06/15 15:30:00,6020.89,43.19,TRADE
VIC1,2026/06/15 15:35:00,6090.59,48.69,TRADE
VIC1,2026/06/15 15:40:00,6092.21,39.14,TRADE
VIC1,2026/06/15 15:45:00,6211.02,43.19,TRADE
VIC1,2026/06/15 15:50:00,6230.33,55.39,TRADE
VIC1,2026/06/15 15:55:00,6351.7,73.39,TRADE
VIC1,2026/06/15 16:00:00,6387.93,76.45,TRADE
VIC1,2026/06/15 16:05:00,6514.94,50.85,TRADE
VIC1,2026/06/15 16:10:00,6601.4,70.68,TRADE
VIC1,2026/06/15 16:15:00,6650.8,73.05,TRADE
VIC1,2026/06/15 16:20:00,6737.59,71.06,TRADE
VIC1,2026/06/15 16:25:00,6767.27,72.55,TRADE
VIC1,2026/06/15 16:30:00,6831.02,82.41,TRADE
VIC1,2026/06/15 16:35:00,6802.19,70.63,TRADE
VIC1,2026/06/15 16:40:00,6941.39,70.68,TRADE
VIC1,2026/06/15 16:45:00,6996.85,77.91,TRADE
VIC1,2026/06/15 16:50:00,7035.96,75.68,TRADE
VIC1,2026/06/15 16:55:00,7096.97,75.80,TRADE
VIC1,2026/06/15 17:00:00,7164.38,77.83,TRADE
VIC1,2026/06/15 17:05:00,7245.16,70.51,TRADE
VIC1,2026/06/15 17:10:00,7245.6,70.68,TRADE
VIC1,2026/06/15 17:15:00,7291.66,75.86,TRADE
VIC1,2026/06/15 17:20:00,7330.12,74.21,TRADE
VIC1,2026/06/15 17:25:00,7453.54,77.98,TRADE
VIC1,2026/06/15 17:30:00,7407.03,75.10,TRADE
VIC1,2026/06/15 17:35:00,7541.65,70.68,TRADE
VIC1,2026/06/15 17:40:00,7624.54,74.16,TRADE
VIC1,2026/06/15 17:45:00,7664.03,77.41,TRADE
VIC1,2026/06/15 17:50:00,7655.94,70.51,TRADE
VIC1,2026/06/15 17:55:00,7642.51,70.68,TRADE
VIC1,2026/06/15 18:00:00,7647.51,79.01,TRADE
VIC1,2026/06/15 18:05:00,7617.39,71.78,TRADE
VIC1,2026/06/15 18:10:00,7649.13,70.51,TRADE
VIC1,2026/06/15 18:15:00,7592.96,70.51,TRADE
VIC1,2026/06/15 18:20:00,7640.14,78.20,TRADE
VIC1,2026/06/15 18:25:00,7601.75,69.21,TRADE
VIC1,2026/06/15 18:30:00,7563.19,69.26,TRADE
VIC1,2026/06/15 18:35:00,7511.34,67.26,TRADE
VIC1,2026/06/15 18:40:00,7513.87,65.38,TRADE
VIC1,2026/06/15 18:45:00,7428.45,60,TRADE
VIC1,2026/06/15 18:50:00,7313.7,62.23,TRADE
VIC1,2026/06/15 18:55:00,7326.47,62.67,TRADE
VIC1,2026/06/15 19:00:00,7359.25,61.06,TRADE
VIC1,2026/06/15 19:05:00,7374.67,58.57,TRADE
VIC1,2026/06/15 19:10:00,7317.27,65.30,TRADE
VIC1,2026/06/15 19:15:00,7305.74,63.12,TRADE
VIC1,2026/06/15 19:20:00,7270.24,62.79,TRADE
VIC1,2026/06/15 19:25:00,7254.65,58.66,TRADE
VIC1,2026/06/15 19:30:00,7154.85,57.61,TRADE
VIC1,2026/06/15 19:35:00,7140.08,60.23,TRADE
VIC1,2026/06/15 19:40:00,7187.16,60.57,TRADE
VIC1,2026/06/15 19:45:00,7169.13,59.64,TRADE
VIC1,2026/06/15 19:50:00,7088.56,57.92,TRADE
VIC1,2026/06/15 19:55:00,7088.78,58.80,TRADE
VIC1,2026/06/15 20:00:00,7066.23,55.06,TRADE
VIC1,2026/06/15 20:05:00,7018.57,56.67,TRADE
VIC1,2026/06/15 20:10:00,6943.64,55.06,TRADE
VIC1,2026/06/15 20:15:00,6886.77,54.69,TRADE
VIC1,2026/06/15 20:20:00,6919.78,54.69,TRADE
VIC1,2026/06/15 20:25:00,6823.67,55.06,TRADE
VIC1,2026/06/15 20:30:00,6876.56,54.69,TRADE
VIC1,2026/06/15 20:35:00,6745.03,54.69,TRADE
VIC1,2026/06/15 20:40:00,6756.58,57.01,TRADE
VIC1,2026/06/15 20:45:00,6733.8,54.69,TRADE
VIC1,2026/06/15 20:50:00,6644.45,54.69,TRADE
VIC1,2026/06/15 20:55:00,6610.84,56.91,TRADE
VIC1,2026/06/15 21:00:00,6500.07,20.83,TRADE
VIC1,2026/06/15 21:05:00,6523.51,16.66,TRADE
VIC1,2026/06/15 21:10:00,6551.82,54.69,TRADE
VIC1,2026/06/15 21:15:00,6418.46,16.66,TRADE
VIC1,2026/06/15 21:20:00,6488.28,10.67,TRADE
VIC1,2026/06/15 21:25:00,6434.85,10.65,TRADE
VIC1,2026/06/15 21:30:00,6399.91,10.65,TRADE
VIC1,2026/06/15 21:35:00,6303.63,10.65,TRADE
VIC1,2026/06/15 21:40:00,6267.2,10.65,TRADE
VIC1,2026/06/15 21:45:00,6225.58,10.65,TRADE
VIC1,2026/06/15 21:50:00,6133.07,8.94,TRADE
VIC1,2026/06/15 21:55:00,6054.92,8.94,TRADE
VIC1,2026/06/15 22:00:00,5991.42,10.50,TRADE
VIC1,2026/06/15 22:05:00,5939.79,10.50,TRADE
VIC1,2026/06/15 22:10:00,5914.87,10.65,TRADE
VIC1,2026/06/15 22:15:00,5904.06,10.50,TRADE
VIC1,2026/06/15 22:20:00,5796.33,8.94,TRADE
VIC1,2026/06/15 22:25:00,5780.68,10.50,TRADE
VIC1,2026/06/15 22:30:00,5700.17,9.62,TRADE
VIC1,2026/06/15 22:35:00,5664.96,10.50,TRADE
VIC1,2026/06/15 22:40:00,5626.97,10.50,TRADE
VIC1,2026/06/15 22:45:00,5553.31,8.94,TRADE
VIC1,2026/06/15 22:50:00,5531.38,10.50,TRADE
VIC1,2026/06/15 22:55:00,5475.16,8.94,TRADE
VIC1,2026/06/15 23:00:00,5451.01,5.08,TRADE
VIC1,2026/06/15 23:05:00,5435.17,8.94,TRADE
VIC1,2026/06/15 23:10:00,5503.63,10.50,TRADE
VIC1,2026/06/15 23:15:00,5542.99,10.50,TRADE
VIC1,2026/06/15 23:20:00,5502.13,0,TRADE
VIC1,2026/06/15 23:25:00,5458.87,0,TRADE
VIC1,2026/06/15 23:30:00,5495.76,0,TRADE
VIC1,2026/06/15 23:35:00,5528.89,5.08,TRADE
VIC1,2026/06/15 23:40:00,5479.3,0,TRADE
VIC1,2026/06/15 23:45:00,5455.74,5.08,TRADE
VIC1,2026/06/15 23:50:00,5408.01,0.01,TRADE
VIC1,2026/06/15 23:55:00,5406.27,0.16,TRADE
VIC1,2026/06/16 00:00:00,5356.45,-0.05,TRADE
VIC1,2026/06/16 00:05:00,5349.3,-0.05,TRADE
VIC1,2026/06/16 00:10:00,5326.64,-0.05,TRADE
VIC1,2026/06/16 00:15:00,5311.62,-0.10,TRADE
VIC1,2026/06/16 00:20:00,5206.95,-0.10,TRADE
VIC1,2026/06/16 00:25:00,5239.8,-0.05,TRADE
VIC1,2026/06/16 00:30:00,5180.67,-0.05,TRADE
VIC1,2026/06/16 00:35:00,5105.83,-0.05,TRADE
VIC1,2026/06/16 00:40:00,5067.53,-0.05,TRADE
VIC1,2026/06/16 00:45:00,4986.75,-0.05,TRADE
VIC1,2026/06/16 00:50:00,4943.32,-0.05,TRADE
VIC1,2026/06/16 00:55:00,4972.59,0,TRADE
VIC1,2026/06/16 01:00:00,4961.49,-0.05,TRADE
VIC1,2026/06/16 01:05:00,4938.99,-0.05,TRADE
VIC1,2026/06/16 01:10:00,4916.25,-0.05,TRADE
VIC1,2026/06/16 01:15:00,4811.44,-0.10,TRADE
VIC1,2026/06/16 01:20:00,4803.81,-0.10,TRADE
VIC1,2026/06/16 01:25:00,4843.76,-0.10,TRADE
VIC1,2026/06/16 01:30:00,4807.9,-0.10,TRADE
VIC1,2026/06/16 01:35:00,4742.35,-0.10,TRADE
VIC1,2026/06/16 01:40:00,4785.36,-0.10,TRADE
VIC1,2026/06/16 01:45:00,4742.09,-0.10,TRADE
VIC1,2026/06/16 01:50:00,4719.36,-0.10,TRADE
VIC1,2026/06/16 01:55:00,4687.94,-0.10,TRADE
VIC1,2026/06/16 02:00:00,4620.93,-1.94,TRADE
VIC1,2026/06/16 02:05:00,4611.3,-0.10,TRADE
VIC1,2026/06/16 02:10:00,4581.16,-0.10,TRADE
VIC1,2026/06/16 02:15:00,4649.34,-0.10,TRADE
VIC1,2026/06/16 02:20:00,4611.13,-1,TRADE
VIC1,2026/06/16 02:25:00,4599.47,-0.99,TRADE
VIC1,2026/06/16 02:30:00,4611.72,-0.10,TRADE
VIC1,2026/06/16 02:35:00,4583.98,-0.10,TRADE
VIC1,2026/06/16 02:40:00,4571.37,-2,TRADE
VIC1,2026/06/16 02:45:00,4561.42,-0.10,TRADE
VIC1,2026/06/16 02:50:00,4458.49,-1.06,TRADE
VIC1,2026/06/16 02:55:00,4431.79,-1.98,TRADE
VIC1,2026/06/16 03:00:00,4468.57,-1.04,TRADE
VIC1,2026/06/16 03:05:00,4432.44,-0.10,TRADE
VIC1,2026/06/16 03:10:00,4426.52,-2.05,TRADE
VIC1,2026/06/16 03:15:00,4498.57,-0.10,TRADE
VIC1,2026/06/16 03:20:00,4418.21,-0.10,TRADE
VIC1,2026/06/16 03:25:00,4486.23,-0.10,TRADE
VIC1,2026/06/16 03:30:00,4486.35,-1.10,TRADE
VIC1,2026/06/16 03:35:00,4479.41,-0.10,TRADE
VIC1,2026/06/16 03:40:00,4460.8,-0.10,TRADE
VIC1,2026/06/16 03:45:00,4384.16,-0.10,TRADE
VIC1,2026/06/16 03:50:00,4397.44,-0.10,TRADE
VIC1,2026/06/16 03:55:00,4382.96,-1.07,TRADE
VIC1,2026/06/16 04:00:00,4314.51,-2.07,TRADE
VIC1,2026/06/16 04:05:00,4418.87,-1.11,TRADE
VIC1,2026/06/16 04:10:00,4390.71,-1.10,TRADE
VIC1,2026/06/16 04:15:00,4393.33,-2.04,TRADE
VIC1,2026/06/16 04:20:00,4444.41,-1.10,TRADE
VIC1,2026/06/16 04:25:00,4377,-2.02,TRADE
VIC1,2026/06/16 04:30:00,4435.28,-2.04,TRADE
VIC1,2026/06/16 04:35:00,4420.69,-2.05,TRADE
VIC1,2026/06/16 04:40:00,4389.34,-2.02,TRADE
VIC1,2026/06/16 04:45:00,4397.74,-2,TRADE
VIC1,2026/06/16 04:50:00,4388.55,-1.99,TRADE
VIC1,2026/06/16 04:55:00,4462.33,-2,TRADE
VIC1,2026/06/16 05:00:00,4533.01,-2.29,TRADE
VIC1,2026/06/16 05:05:00,4548.54,-2.09,TRADE
VIC1,2026/06/16 05:10:00,4545.88,-2.29,TRADE
VIC1,2026/06/16 05:15:00,4613.78,-2.08,TRADE
VIC1,2026/06/16 05:20:00,4645.58,-1.14,TRADE
VIC1,2026/06/16 05:25:00,4654.01,-2.10,TRADE
VIC1,2026/06/16 05:30:00,4676.8,-2.09,TRADE
VIC1,2026/06/16 05:35:00,4802.84,-1.14,TRADE
VIC1,2026/06/16 05:40:00,4823.57,-1.10,TRADE
VIC1,2026/06/16 05:45:00,4818.41,-1.18,TRADE
VIC1,2026/06/16 05:50:00,4939.97,-0.10,TRADE
VIC1,2026/06/16 05:55:00,4942.52,-0.10,TRADE
VIC1,2026/06/16 06:00:00,4980.17,-0.10,TRADE
VIC1,2026/06/16 06:05:00,5023.53,-0.10,TRADE
VIC1,2026/06/16 06:10:00,5072.73,-0.10,TRADE
VIC1,2026/06/16 06:15:00,5220.14,-0.05,TRADE
VIC1,2026/06/16 06:20:00,5209.22,-0.05,TRADE
VIC1,2026/06/16 06:25:00,5277.27,-0.10,TRADE
VIC1,2026/06/16 06:30:00,5380.69,-0.10,TRADE
VIC1,2026/06/16 06:35:00,5441.64,-0.05,TRADE
VIC1,2026/06/16 06:40:00,5544.8,0,TRADE
VIC1,2026/06/16 06:45:00,5684.39,0.01,TRADE
VIC1,2026/06/16 06:50:00,5763.15,36.66,TRADE
VIC1,2026/06/16 06:55:00,5814.82,8.94,TRADE
VIC1,2026/06/16 07:00:00,5923.21,5.08,TRADE
VIC1,2026/06/16 07:05:00,6007.3,5.08,TRADE
VIC1,2026/06/16 07:10:00,5987.62,8.94,TRADE
VIC1,2026/06/16 07:15:00,6164.51,36.68,TRADE
VIC1,2026/06/16 07:20:00,6297.09,36.68,TRADE
VIC1,2026/06/16 07:25:00,6345.81,37.30,TRADE
VIC1,2026/06/16 07:30:00,6420.29,38.43,TRADE
VIC1,2026/06/16 07:35:00,6391.31,10.50,TRADE
VIC1,2026/06/16 07:40:00,6442.15,33.98,TRADE
VIC1,2026/06/16 07:45:00,6452.45,10.50,TRADE
VIC1,2026/06/16 07:50:00,6585.37,46.50,TRADE
VIC1,2026/06/16 07:55:00,6605.19,39.56,TRADE
VIC1,2026/06/16 08:00:00,6521.92,10.50,TRADE
VIC1,2026/06/16 08:05:00,6609.07,10.65,TRADE
VIC1,2026/06/16 08:10:00,6666.04,10.65,TRADE
VIC1,2026/06/16 08:15:00,6669.91,10.50,TRADE
VIC1,2026/06/16 08:20:00,6703.75,10.50,TRADE
VIC1,2026/06/16 08:25:00,6608.18,10.65,TRADE
VIC1,2026/06/16 08:30:00,6559.6,10.65,TRADE
VIC1,2026/06/16 08:35:00,6494.29,10.50,TRADE
VIC1,2026/06/16 08:40:00,6555.54,5.22,TRADE
VIC1,2026/06/16 08:45:00,6504.38,0.24,TRADE
VIC1,2026/06/16 08:50:00,6479.91,5.08,TRADE
VIC1,2026/06/16 08:55:00,6337.09,-0.05,TRADE
VIC1,2026/06/16 09:00:00,6431.54,10.67,TRADE
VIC1,2026/06/16 09:05:00,6406.18,12.23,TRADE
VIC1,2026/06/16 09:10:00,6452.77,1.68,TRADE
VIC1,2026/06/16 09:15:00,6444.02,8.94,TRADE
VIC1,2026/06/16 09:20:00,6350.77,1.68,TRADE
VIC1,2026/06/16 09:25:00,6270.53,4.38,TRADE
VIC1,2026/06/16 09:30:00,6311.8,0.01,TRADE
VIC1,2026/06/16 09:35:00,6283.25,0.94,TRADE
VIC1,2026/06/16 09:40:00,6255.78,0,TRADE
VIC1,2026/06/16 09:45:00,6227.77,20.31,TRADE
VIC1,2026/06/16 09:50:00,6226.73,1.68,TRADE
VIC1,2026/06/16 09:55:00,6218.49,8.27,TRADE
VIC1,2026/06/16 10:00:00,6188.7,5.08,TRADE
VIC1,2026/06/16 10:05:00,6102.43,0.41,TRADE
VIC1,2026/06/16 10:10:00,6200.87,8.94,TRADE
VIC1,2026/06/16 10:15:00,6183.48,10.50,TRADE
VIC1,2026/06/16 10:20:00,6153.38,0.12,TRADE
VIC1,2026/06/16 10:25:00,6163.75,5.80,TRADE
VIC1,2026/06/16 10:30:00,6148.66,5.08,TRADE
VIC1,2026/06/16 10:35:00,6111.28,5.08,TRADE
VIC1,2026/06/16 10:40:00,6135.36,22.69,TRADE
VIC1,2026/06/16 10:45:00,6168.01,10.50,TRADE
VIC1,2026/06/16 10:50:00,6165.54,10.50,TRADE
VIC1,2026/06/16 10:55:00,6184.43,10.50,TRADE
VIC1,2026/06/16 11:00:00,6119.5,14.28,TRADE
VIC1,2026/06/16 11:05:00,6194.36,10.65,TRADE
VIC1,2026/06/16 11:10:00,6378.72,33.36,TRADE
VIC1,2026/06/16 11:15:00,6426.63,39.23,TRADE
VIC1,2026/06/16 11:20:00,6401.48,10.50,TRADE
VIC1,2026/06/16 11:25:00,6371.31,10.65,TRADE
VIC1,2026/06/16 11:30:00,6346.75,10.66,TRADE
VIC1,2026/06/16 11:35:00,6326.33,22.67,TRADE
VIC1,2026/06/16 11:40:00,6267.5,5.02,TRADE
VIC1,2026/06/16 11:45:00,6250.66,22.67,TRADE
VIC1,2026/06/16 11:50:00,6208.28,10.50,TRADE
VIC1,2026/06/16 11:55:00,6172.54,21.80,TRADE
VIC1,2026/06/16 12:00:00,6175.11,20.68,TRADE
VIC1,2026/06/16 12:05:00,6122.69,0,TRADE
VIC1,2026/06/16 12:10:00,6087.89,17.07,TRADE
VIC1,2026/06/16 12:15:00,6012.4,1,TRADE
VIC1,2026/06/16 12:20:00,5999.69,21.23,TRADE
VIC1,2026/06/16 12:25:00,6070.29,19.18,TRADE
VIC1,2026/06/16 12:30:00,6014.34,19.18,TRADE
VIC1,2026/06/16 12:35:00,6012.79,27.62,TRADE
VIC1,2026/06/16 12:40:00,6043.15,5.12,TRADE
VIC1,2026/06/16 12:45:00,6029.43,8.94,TRADE
VIC1,2026/06/16 12:50:00,6114.29,25.46,TRADE
VIC1,2026/06/16 12:55:00,6106.64,41.13,TRADE
VIC1,2026/06/16 13:00:00,6095.74,41.75,TRADE
VIC1,2026/06/16 13:05:00,6059.93,30.15,TRADE
VIC1,2026/06/16 13:10:00,6098.29,19.18,TRADE
VIC1,2026/06/16 13:15:00,6092.84,20.04,TRADE
VIC1,2026/06/16 13:20:00,6148.57,27.90,TRADE
VIC1,2026/06/16 13:25:00,6046.56,35.94,TRADE
VIC1,2026/06/16 13:30:00,6090.78,38.35,TRADE
VIC1,2026/06/16 13:35:00,6105.53,35.94,TRADE
VIC1,2026/06/16 13:40:00,6135.65,35.94,TRADE
VIC1,2026/06/16 13:45:00,6000.47,8.81,TRADE
VIC1,2026/06/16 13:50:00,6034.51,10.65,TRADE
VIC1,2026/06/16 13:55:00,6046.84,19.18,TRADE
VIC1,2026/06/16 14:00:00,6036.55,19.18,TRADE
VIC1,2026/06/16 14:05:00,6009.32,10.65,TRADE
VIC1,2026/06/16 14:10:00,5835.58,5.02,TRADE
VIC1,2026/06/16 14:15:00,5813.31,38.43,TRADE
VIC1,2026/06/16 14:20:00,5916.16,30.21,TRADE
VIC1,2026/06/16 14:25:00,5987.49,41.15,TRADE
VIC1,2026/06/16 14:30:00,5920.56,40.54,TRADE
VIC1,2026/06/16 14:35:00,6003.17,54.69,TRADE
VIC1,2026/06/16 14:40:00,6043.8,10.50,TRADE
VIC1,2026/06/16 14:45:00,6075.79,29.04,TRADE
VIC1,2026/06/16 14:50:00,6096.26,40.09,TRADE
VIC1,2026/06/16 14:55:00,6059.36,44.19,TRADE
VIC1,2026/06/16 15:00:00,6120.72,53.03,TRADE
VIC1,2026/06/16 15:05:00,6212.3,75.59,TRADE
VIC1,2026/06/16 15:10:00,6191.84,70.68,TRADE
VIC1,2026/06/16 15:15:00,6119.76,51.67,TRADE
VIC1,2026/06/16 15:20:00,6156.79,60,TRADE
VIC1,2026/06/16 15:25:00,6267.68,73.36,TRADE
VIC1,2026/06/16 15:30:00,6245.77,70.68,TRADE
VIC1,2026/06/16 15:35:00,6327.68,62.80,TRADE
VIC1,2026/06/16 15:40:00,6364.29,63.45,TRADE
VIC1,2026/06/16 15:45:00,6364.69,70.68,TRADE
VIC1,2026/06/16 15:50:00,6325.71,70.68,TRADE
VIC1,2026/06/16 15:55:00,6415.4,70.68,TRADE
VIC1,2026/06/16 16:00:00,6405.17,71.99,TRADE
VIC1,2026/06/16 16:05:00,6482.68,62.67,TRADE
VIC1,2026/06/16 16:10:00,6523.65,70.68,TRADE
VIC1,2026/06/16 16:15:00,6500.63,70.71,TRADE
VIC1,2026/06/16 16:20:00,6556.36,65.79,TRADE
VIC1,2026/06/16 16:25:00,6559.49,65.02,TRADE
VIC1,2026/06/16 16:30:00,6624.11,69.69,TRADE
VIC1,2026/06/16 16:35:00,6646.96,67.34,TRADE
VIC1,2026/06/16 16:40:00,6716.28,63.86,TRADE
VIC1,2026/06/16 16:45:00,6666.07,66.31,TRADE
VIC1,2026/06/16 16:50:00,6793.52,66.90,TRADE
VIC1,2026/06/16 16:55:00,6764.62,64.59,TRADE
VIC1,2026/06/16 17:00:00,6858.88,66.77,TRADE
VIC1,2026/06/16 17:05:00,6910.03,67.72,TRADE
VIC1,2026/06/16 17:10:00,6977.96,66.46,TRADE
VIC1,2026/06/16 17:15:00,6960.15,69.61,TRADE
VIC1,2026/06/16 17:20:00,7004.94,67.71,TRADE
VIC1,2026/06/16 17:25:00,7070.11,71.58,TRADE
VIC1,2026/06/16 17:30:00,7119.94,75.37,TRADE
VIC1,2026/06/16 17:35:00,7096.76,65.54,TRADE
VIC1,2026/06/16 17:40:00,7156.71,65.11,TRADE
VIC1,2026/06/16 17:45:00,7159.13,65.64,TRADE
VIC1,2026/06/16 17:50:00,7219.7,75.22,TRADE
VIC1,2026/06/16 17:55:00,7212.95,70.97,TRADE
VIC1,2026/06/16 18:00:00,7170.58,67.26,TRADE
VIC1,2026/06/16 18:05:00,7169.22,74.03,TRADE
VIC1,2026/06/16 18:10:00,7149.18,70.68,TRADE
VIC1,2026/06/16 18:15:00,7132.19,69.69,TRADE
VIC1,2026/06/16 18:20:00,7166.26,80.19,TRADE
VIC1,2026/06/16 18:25:00,7168.68,83.39,TRADE
VIC1,2026/06/16 18:30:00,7167.5,78.81,TRADE
VIC1,2026/06/16 18:35:00,7038.12,70.68,TRADE
VIC1,2026/06/16 18:40:00,7102.43,78.25,TRADE
VIC1,2026/06/16 18:45:00,6966.95,70.68,TRADE
VIC1,2026/06/16 18:50:00,6966,63.18,TRADE
VIC1,2026/06/16 18:55:00,7005.47,64.09,TRADE
VIC1,2026/06/16 19:00:00,6930.05,76.55,TRADE
VIC1,2026/06/16 19:05:00,6870.72,63.51,TRADE
VIC1,2026/06/16 19:10:00,6855.2,63.39,TRADE
VIC1,2026/06/16 19:15:00,6847.17,64.43,TRADE
VIC1,2026/06/16 19:20:00,6850.65,63.90,TRADE
VIC1,2026/06/16 19:25:00,6715.98,62.39,TRADE
VIC1,2026/06/16 19:30:00,6672.35,61.49,TRADE
VIC1,2026/06/16 19:35:00,6669.78,74.74,TRADE
VIC1,2026/06/16 19:40:00,6691.66,69.86,TRADE
VIC1,2026/06/16 19:45:00,6590.73,61.44,TRADE
VIC1,2026/06/16 19:50:00,6597.58,61.45,TRADE
VIC1,2026/06/16 19:55:00,6599.7,62.45,TRADE
VIC1,2026/06/16 20:00:00,6596.15,66.26,TRADE
VIC1,2026/06/16 20:05:00,6484.55,61.84,TRADE
VIC1,2026/06/16 20:10:00,6440.93,61.37,TRADE
VIC1,2026/06/16 20:15:00,6358.6,59.63,TRADE
VIC1,2026/06/16 20:20:00,6328.49,58.80,TRADE
VIC1,2026/06/16 20:25:00,6306.83,58.42,TRADE
VIC1,2026/06/16 20:30:00,6273.21,58.37,TRADE
VIC1,2026/06/16 20:35:00,6269.53,59.24,TRADE
VIC1,2026/06/16 20:40:00,6291.86,58.80,TRADE
VIC1,2026/06/16 20:45:00,6229.9,57.48,TRADE
VIC1,2026/06/16 20:50:00,6233.19,50.94,TRADE
VIC1,2026/06/16 20:55:00,6182.44,35.94,TRADE
VIC1,2026/06/16 21:00:00,6196.7,35.94,TRADE
VIC1,2026/06/16 21:05:00,6120.83,35.94,TRADE
VIC1,2026/06/16 21:10:00,6108.99,33.85,TRADE
VIC1,2026/06/16 21:15:00,6050.68,10.65,TRADE
VIC1,2026/06/16 21:20:00,5996.86,16.32,TRADE
VIC1,2026/06/16 21:25:00,5913.91,11.10,TRADE
VIC1,2026/06/16 21:30:00,5947.95,19.18,TRADE
VIC1,2026/06/16 21:35:00,5904.29,26.73,TRADE
VIC1,2026/06/16 21:40:00,5874.49,10.65,TRADE
VIC1,2026/06/16 21:45:00,5852.4,10.50,TRADE
VIC1,2026/06/16 21:50:00,5777.08,8.94,TRADE
VIC1,2026/06/16 21:55:00,5683.13,3.61,TRADE
VIC1,2026/06/16 22:00:00,5612.7,8.94,TRADE
VIC1,2026/06/16 22:05:00,5532.26,0,TRADE
VIC1,2026/06/16 22:10:00,5555.57,0.01,TRADE
VIC1,2026/06/16 22:15:00,5577.85,10.50,TRADE
VIC1,2026/06/16 22:20:00,5527.29,8.94,TRADE
VIC1,2026/06/16 22:25:00,5551.09,10.50,TRADE
VIC1,2026/06/16 22:30:00,5453.17,0,TRADE
VIC1,2026/06/16 22:35:00,5447.98,6.02,TRADE
VIC1,2026/06/16 22:40:00,5351.95,10.50,TRADE
VIC1,2026/06/16 22:45:00,5315.21,10.18,TRADE
VIC1,2026/06/16 22:50:00,5282.65,10.50,TRADE
VIC1,2026/06/16 22:55:00,5247.97,-0.05,TRADE
VIC1,2026/06/16 23:00:00,5254.97,0,TRADE
VIC1,2026/06/16 23:05:00,5254.77,0,TRADE
VIC1,2026/06/16 23:10:00,5313.77,8.94,TRADE
VIC1,2026/06/16 23:15:00,5328.64,5.13,TRADE
VIC1,2026/06/16 23:20:00,5273.1,0,TRADE
VIC1,2026/06/16 23:25:00,5262.99,0.01,TRADE
VIC1,2026/06/16 23:30:00,5232.84,1,TRADE
VIC1,2026/06/16 23:35:00,5309.57,1,TRADE
VIC1,2026/06/16 23:40:00,5238,0,TRADE
VIC1,2026/06/16 23:45:00,5191.74,0,TRADE
VIC1,2026/06/16 23:50:00,5189.07,0.04,TRADE
VIC1,2026/06/16 23:55:00,5117.37,0.47,TRADE
VIC1,2026/06/17 00:00:00,5088.96,1,TRADE
VIC1,2026/06/17 00:05:00,5094.04,1,TRADE
VIC1,2026/06/17 00:10:00,5133.42,1,TRADE
VIC1,2026/06/17 00:15:00,5114.27,1,TRADE
VIC1,2026/06/17 00:20:00,5076.05,1,TRADE
VIC1,2026/06/17 00:25:00,5042.59,1,TRADE
VIC1,2026/06/17 00:30:00,5002.52,0.45,TRADE
VIC1,2026/06/17 00:35:00,4982.73,0.45,TRADE
VIC1,2026/06/17 00:40:00,4953.64,0.01,TRADE
VIC1,2026/06/17 00:45:00,4923.15,0.44,TRADE
VIC1,2026/06/17 00:50:00,4883.19,0.44,TRADE
VIC1,2026/06/17 00:55:00,4915.12,1,TRADE
VIC1,2026/06/17 01:00:00,4863.52,1,TRADE
VIC1,2026/06/17 01:05:00,4817.66,0.01,TRADE
VIC1,2026/06/17 01:10:00,4799.58,0.44,TRADE
VIC1,2026/06/17 01:15:00,4737.29,1,TRADE
VIC1,2026/06/17 01:20:00,4699.45,0,TRADE
VIC1,2026/06/17 01:25:00,4639.13,0,TRADE
VIC1,2026/06/17 01:30:00,4613.72,0,TRADE
VIC1,2026/06/17 01:35:00,4597.32,0.01,TRADE
VIC1,2026/06/17 01:40:00,4582.06,0,TRADE
VIC1,2026/06/17 01:45:00,4532.8,0,TRADE
VIC1,2026/06/17 01:50:00,4497.19,0,TRADE
VIC1,2026/06/17 01:55:00,4457.12,-0.05,TRADE
VIC1,2026/06/17 02:00:00,4433.28,-0.10,TRADE
VIC1,2026/06/17 02:05:00,4449.38,-0.05,TRADE
VIC1,2026/06/17 02:10:00,4426.46,-0.05,TRADE
VIC1,2026/06/17 02:15:00,4410.2,-0.10,TRADE
VIC1,2026/06/17 02:20:00,4397.21,-0.10,TRADE
VIC1,2026/06/17 02:25:00,4378.37,-0.10,TRADE
VIC1,2026/06/17 02:30:00,4420.83,-0.10,TRADE
VIC1,2026/06/17 02:35:00,4406.96,-0.10,TRADE
VIC1,2026/06/17 02:40:00,4419.86,-0.10,TRADE
VIC1,2026/06/17 02:45:00,4415.99,-0.10,TRADE
VIC1,2026/06/17 02:50:00,4403.16,-0.10,TRADE
VIC1,2026/06/17 02:55:00,4383.2,-0.10,TRADE
VIC1,2026/06/17 03:00:00,4385.51,-0.10,TRADE
VIC1,2026/06/17 03:05:00,4366.76,-0.10,TRADE
VIC1,2026/06/17 03:10:00,4369.39,-0.05,TRADE
VIC1,2026/06/17 03:15:00,4367.43,-0.10,TRADE
VIC1,2026/06/17 03:20:00,4345.28,-0.10,TRADE
VIC1,2026/06/17 03:25:00,4341.11,-0.10,TRADE
VIC1,2026/06/17 03:30:00,4347.38,-0.10,TRADE
VIC1,2026/06/17 03:35:00,4334.09,-0.10,TRADE
VIC1,2026/06/17 03:40:00,4324.35,-0.10,TRADE
VIC1,2026/06/17 03:45:00,4345.6,-0.10,TRADE
VIC1,2026/06/17 03:50:00,4337.74,-0.10,TRADE
VIC1,2026/06/17 03:55:00,4322.06,-0.10,TRADE
VIC1,2026/06/17 04:00:00,4301.02,-0.10,TRADE
VIC1,2026/06/17 04:05:00,4314.82,-0.10,TRADE
VIC1,2026/06/17 04:10:00,4306.44,-2.01,TRADE
VIC1,2026/06/17 04:15:00,4327.63,-1.01,TRADE
VIC1,2026/06/17 04:20:00,4272.63,-0.10,TRADE
VIC1,2026/06/17 04:25:00,4318.67,-2,TRADE
VIC1,2026/06/17 04:30:00,4319.53,-1.98,TRADE
VIC1,2026/06/17 04:35:00,4334.29,-2,TRADE
VIC1,2026/06/17 04:40:00,4370.12,-0.10,TRADE
VIC1,2026/06/17 04:45:00,4397.37,-2.04,TRADE
VIC1,2026/06/17 04:50:00,4386.85,-0.10,TRADE
VIC1,2026/06/17 04:55:00,4431.61,-0.10,TRADE
VIC1,2026/06/17 05:00:00,4444.01,-0.10,TRADE
VIC1,2026/06/17 05:05:00,4484.54,-0.10,TRADE
VIC1,2026/06/17 05:10:00,4562.72,-0.10,TRADE
VIC1,2026/06/17 05:15:00,4562.47,-2.08,TRADE
VIC1,2026/06/17 05:20:00,4603.28,-1.07,TRADE
VIC1,2026/06/17 05:25:00,4636.96,-1.07,TRADE
VIC1,2026/06/17 05:30:00,4664.61,-2.10,TRADE
VIC1,2026/06/17 05:35:00,4713.05,-0.10,TRADE
VIC1,2026/06/17 05:40:00,4747.5,-0.10,TRADE
VIC1,2026/06/17 05:45:00,4751.97,-0.10,TRADE
VIC1,2026/06/17 05:50:00,4829.32,-0.10,TRADE
VIC1,2026/06/17 05:55:00,4868.89,-0.10,TRADE
VIC1,2026/06/17 06:00:00,4926.63,-0.10,TRADE
VIC1,2026/06/17 06:05:00,4964.61,-0.10,TRADE
VIC1,2026/06/17 06:10:00,5068.87,-0.05,TRADE
VIC1,2026/06/17 06:15:00,5187.82,0,TRADE
VIC1,2026/06/17 06:20:00,5218,0,TRADE
VIC1,2026/06/17 06:25:00,5287.36,0,TRADE
VIC1,2026/06/17 06:30:00,5363.39,0,TRADE
VIC1,2026/06/17 06:35:00,5475.39,9.01,TRADE
VIC1,2026/06/17 06:40:00,5577.63,8.94,TRADE
VIC1,2026/06/17 06:45:00,5659.94,8.94,TRADE
VIC1,2026/06/17 06:50:00,5648.53,10.50,TRADE
VIC1,2026/06/17 06:55:00,5763.52,10.65,TRADE
VIC1,2026/06/17 07:00:00,5824.93,10.65,TRADE
VIC1,2026/06/17 07:05:00,5917.42,10.65,TRADE
VIC1,2026/06/17 07:10:00,5988.32,10.50,TRADE
VIC1,2026/06/17 07:15:00,6164.78,55.75,TRADE
VIC1,2026/06/17 07:20:00,6273.37,55.75,TRADE
VIC1,2026/06/17 07:25:00,6326.51,37.30,TRADE
VIC1,2026/06/17 07:30:00,6384.34,10.65,TRADE
VIC1,2026/06/17 07:35:00,6447.51,10.65,TRADE
VIC1,2026/06/17 07:40:00,6472.44,10.67,TRADE
VIC1,2026/06/17 07:45:00,6504.92,10.67,TRADE
VIC1,2026/06/17 07:50:00,6605.91,22.69,TRADE
VIC1,2026/06/17 07:55:00,6643.58,22.69,TRADE
VIC1,2026/06/17 08:00:00,6545.52,10.65,TRADE
VIC1,2026/06/17 08:05:00,6592.18,10.65,TRADE
VIC1,2026/06/17 08:10:00,6679.37,34.81,TRADE
VIC1,2026/06/17 08:15:00,6628.04,22.69,TRADE
VIC1,2026/06/17 08:20:00,6631.05,36.68,TRADE
VIC1,2026/06/17 08:25:00,6547.02,36.68,TRADE
VIC1,2026/06/17 08:30:00,6562.51,22.69,TRADE
VIC1,2026/06/17 08:35:00,6429.7,36.68,TRADE
VIC1,2026/06/17 08:40:00,6398.79,36.68,TRADE
VIC1,2026/06/17 08:45:00,6387.13,22.69,TRADE
VIC1,2026/06/17 08:50:00,6374.75,22.69,TRADE
VIC1,2026/06/17 08:55:00,6279.61,13.58,TRADE
VIC1,2026/06/17 09:00:00,6404.48,22.69,TRADE
VIC1,2026/06/17 09:05:00,6366.72,10.65,TRADE
VIC1,2026/06/17 09:10:00,6369.23,10.67,TRADE
VIC1,2026/06/17 09:15:00,6352.07,8.94,TRADE
VIC1,2026/06/17 09:20:00,6227.28,8.94,TRADE
VIC1,2026/06/17 09:25:00,6171.75,8.06,TRADE
VIC1,2026/06/17 09:30:00,6147,8.06,TRADE
VIC1,2026/06/17 09:35:00,6054.93,8.94,TRADE
VIC1,2026/06/17 09:40:00,6002.99,1.68,TRADE
VIC1,2026/06/17 09:45:00,5978.69,5.08,TRADE
VIC1,2026/06/17 09:50:00,5921.64,5.19,TRADE
VIC1,2026/06/17 09:55:00,5896.33,0,TRADE
VIC1,2026/06/17 10:00:00,5795.44,10.50,TRADE
VIC1,2026/06/17 10:05:00,5781.84,1.68,TRADE
VIC1,2026/06/17 10:10:00,5870.79,20,TRADE
VIC1,2026/06/17 10:15:00,5866.46,17.10,TRADE
VIC1,2026/06/17 10:20:00,5787.36,10.50,TRADE
VIC1,2026/06/17 10:25:00,5801.8,5.17,TRADE
VIC1,2026/06/17 10:30:00,5844.47,15.87,TRADE
VIC1,2026/06/17 10:35:00,5770,-1.12,TRADE
VIC1,2026/06/17 10:40:00,5725.59,1.92,TRADE
VIC1,2026/06/17 10:45:00,5591.97,1.12,TRADE
VIC1,2026/06/17 10:50:00,5513.23,1.90,TRADE
VIC1,2026/06/17 10:55:00,5507.8,10.50,TRADE
VIC1,2026/06/17 11:00:00,5441.63,1.04,TRADE
VIC1,2026/06/17 11:05:00,5415,36.68,TRADE
VIC1,2026/06/17 11:10:00,5605.47,23.81,TRADE
VIC1,2026/06/17 11:15:00,5557.94,22.69,TRADE
VIC1,2026/06/17 11:20:00,5663.19,24.01,TRADE
VIC1,2026/06/17 11:25:00,5690.6,10.66,TRADE
VIC1,2026/06/17 11:30:00,5725.99,14.30,TRADE
VIC1,2026/06/17 11:35:00,5735.7,14.11,TRADE
VIC1,2026/06/17 11:40:00,5668.11,10.50,TRADE
VIC1,2026/06/17 11:45:00,5762.16,10.50,TRADE
VIC1,2026/06/17 11:50:00,5722.7,5.15,TRADE
VIC1,2026/06/17 11:55:00,5752.65,10.67,TRADE
VIC1,2026/06/17 12:00:00,5749.66,10.50,TRADE
VIC1,2026/06/17 12:05:00,5728.92,0.02,TRADE
VIC1,2026/06/17 12:10:00,5736.62,13.92,TRADE
VIC1,2026/06/17 12:15:00,5757.59,-0.10,TRADE
VIC1,2026/06/17 12:20:00,5686.7,8.94,TRADE
VIC1,2026/06/17 12:25:00,5617.91,0,TRADE
VIC1,2026/06/17 12:30:00,5624.84,0.02,TRADE
VIC1,2026/06/17 12:35:00,5664.32,10.29,TRADE
VIC1,2026/06/17 12:40:00,5634.61,8.94,TRADE
VIC1,2026/06/17 12:45:00,5566.78,22.69,TRADE
VIC1,2026/06/17 12:50:00,5568.23,10.50,TRADE
VIC1,2026/06/17 12:55:00,5560.66,10.50,TRADE
VIC1,2026/06/17 13:00:00,5449.9,10.50,TRADE
VIC1,2026/06/17 13:05:00,5447.05,25.47,TRADE
VIC1,2026/06/17 13:10:00,5434.65,33.50,TRADE
VIC1,2026/06/17 13:15:00,5418.81,37.77,TRADE
VIC1,2026/06/17 13:20:00,5431.58,37.84,TRADE
VIC1,2026/06/17 13:25:00,5449.18,37.57,TRADE
VIC1,2026/06/17 13:30:00,5314.87,10.65,TRADE
VIC1,2026/06/17 13:35:00,5269.82,10.67,TRADE
VIC1,2026/06/17 13:40:00,5191.39,14.17,TRADE
VIC1,2026/06/17 13:45:00,5122.74,10.65,TRADE
VIC1,2026/06/17 13:50:00,5196.69,17.50,TRADE
VIC1,2026/06/17 13:55:00,5132.94,8.94,TRADE
VIC1,2026/06/17 14:00:00,5139.96,15.28,TRADE
VIC1,2026/06/17 14:05:00,5133.05,16.04,TRADE
VIC1,2026/06/17 14:10:00,5031.9,10.50,TRADE
VIC1,2026/06/17 14:15:00,5045.57,10.50,TRADE
VIC1,2026/06/17 14:20:00,5175.23,10.65,TRADE
VIC1,2026/06/17 14:25:00,5272,36.68,TRADE
VIC1,2026/06/17 14:30:00,5279.56,40.29,TRADE
VIC1,2026/06/17 14:35:00,5416.39,40.29,TRADE
VIC1,2026/06/17 14:40:00,5499.91,10.67,TRADE
VIC1,2026/06/17 14:45:00,5591.17,43.10,TRADE
VIC1,2026/06/17 14:50:00,5596.17,40.29,TRADE
VIC1,2026/06/17 14:55:00,5563.11,40.29,TRADE
VIC1,2026/06/17 15:00:00,5569.48,40.29,TRADE
VIC1,2026/06/17 15:05:00,5690.29,42.06,TRADE
VIC1,2026/06/17 15:10:00,5663.96,31.76,TRADE
VIC1,2026/06/17 15:15:00,5668.57,39.75,TRADE
VIC1,2026/06/17 15:20:00,5780.98,40.29,TRADE
VIC1,2026/06/17 15:25:00,5821.22,40.29,TRADE
VIC1,2026/06/17 15:30:00,5859.11,40.29,TRADE
VIC1,2026/06/17 15:35:00,5866.33,37.51,TRADE
VIC1,2026/06/17 15:40:00,5843.46,48.27,TRADE
VIC1,2026/06/17 15:45:00,5853.69,48.69,TRADE
VIC1,2026/06/17 15:50:00,5984.95,47.49,TRADE
VIC1,2026/06/17 15:55:00,6032.89,40.29,TRADE
VIC1,2026/06/17 16:00:00,6004.12,40.29,TRADE
VIC1,2026/06/17 16:05:00,6144.99,40.29,TRADE
VIC1,2026/06/17 16:10:00,6147.71,35.94,TRADE
VIC1,2026/06/17 16:15:00,6188.61,40.29,TRADE
VIC1,2026/06/17 16:20:00,6235.85,19.17,TRADE
VIC1,2026/06/17 16:25:00,6204.64,10.65,TRADE
VIC1,2026/06/17 16:30:00,6272.3,10.50,TRADE
VIC1,2026/06/17 16:35:00,6371.41,18.45,TRADE
VIC1,2026/06/17 16:40:00,6391.04,10.65,TRADE
VIC1,2026/06/17 16:45:00,6423.54,10.65,TRADE
VIC1,2026/06/17 16:50:00,6449.15,15.26,TRADE
VIC1,2026/06/17 16:55:00,6529.21,30.22,TRADE
VIC1,2026/06/17 17:00:00,6607.33,30.22,TRADE
VIC1,2026/06/17 17:05:00,6587.95,15.26,TRADE
VIC1,2026/06/17 17:10:00,6608.55,10.65,TRADE
VIC1,2026/06/17 17:15:00,6635.61,10.65,TRADE
VIC1,2026/06/17 17:20:00,6711.45,20.35,TRADE
VIC1,2026/06/17 17:25:00,6781.33,10.65,TRADE
VIC1,2026/06/17 17:30:00,6762.56,10.65,TRADE
VIC1,2026/06/17 17:35:00,6880.43,10.50,TRADE
VIC1,2026/06/17 17:40:00,6898.89,10.50,TRADE
VIC1,2026/06/17 17:45:00,6833.74,8.94,TRADE
VIC1,2026/06/17 17:50:00,6924.87,22.69,TRADE
VIC1,2026/06/17 17:55:00,6915.96,10.65,TRADE
VIC1,2026/06/17 18:00:00,6928.83,10.50,TRADE
VIC1,2026/06/17 18:05:00,6874.52,22.69,TRADE
VIC1,2026/06/17 18:10:00,6784.12,10.65,TRADE
VIC1,2026/06/17 18:15:00,6760.14,10.65,TRADE
VIC1,2026/06/17 18:20:00,6749.22,10.65,TRADE
VIC1,2026/06/17 18:25:00,6742.02,22.69,TRADE
VIC1,2026/06/17 18:30:00,6752.42,30.08,TRADE
VIC1,2026/06/17 18:35:00,6784.49,36.81,TRADE
VIC1,2026/06/17 18:40:00,6690.85,22.69,TRADE
VIC1,2026/06/17 18:45:00,6687.45,10.65,TRADE
VIC1,2026/06/17 18:50:00,6706.16,22.69,TRADE
VIC1,2026/06/17 18:55:00,6655.27,30.22,TRADE
VIC1,2026/06/17 19:00:00,6635.84,30.22,TRADE
VIC1,2026/06/17 19:05:00,6527.2,8.94,TRADE
VIC1,2026/06/17 19:10:00,6530.54,10.50,TRADE
VIC1,2026/06/17 19:15:00,6503.82,10.50,TRADE
VIC1,2026/06/17 19:20:00,6550.68,10.50,TRADE
VIC1,2026/06/17 19:25:00,6495.55,10.50,TRADE
VIC1,2026/06/17 19:30:00,6485.37,10.50,TRADE
VIC1,2026/06/17 19:35:00,6440.19,10.50,TRADE
VIC1,2026/06/17 19:40:00,6449.11,10.50,TRADE
VIC1,2026/06/17 19:45:00,6312.94,8.94,TRADE
VIC1,2026/06/17 19:50:00,6318.13,8.94,TRADE
VIC1,2026/06/17 19:55:00,6273.99,8.94,TRADE
VIC1,2026/06/17 20:00:00,6278.86,10.50,TRADE
VIC1,2026/06/17 20:05:00,6285.14,10.50,TRADE
VIC1,2026/06/17 20:10:00,6181.45,10.50,TRADE
VIC1,2026/06/17 20:15:00,6223.49,8.94,TRADE
VIC1,2026/06/17 20:20:00,6200.85,10.50,TRADE
VIC1,2026/06/17 20:25:00,6182.84,10.96,TRADE
VIC1,2026/06/17 20:30:00,6153.37,10.50,TRADE
VIC1,2026/06/17 20:35:00,6036.42,8.94,TRADE
VIC1,2026/06/17 20:40:00,6073.37,10.50,TRADE
VIC1,2026/06/17 20:45:00,6043.29,9.67,TRADE
VIC1,2026/06/17 20:50:00,5941.2,8.94,TRADE
VIC1,2026/06/17 20:55:00,5998.49,9.67,TRADE
VIC1,2026/06/17 21:00:00,5998.65,10.50,TRADE
VIC1,2026/06/17 21:05:00,5929.97,10.50,TRADE
VIC1,2026/06/17 21:10:00,5884.72,10.65,TRADE
VIC1,2026/06/17 21:15:00,5829.92,1.92,TRADE
VIC1,2026/06/17 21:20:00,5814.66,8.06,TRADE
VIC1,2026/06/17 21:25:00,5798.88,9.78,TRADE
VIC1,2026/06/17 21:30:00,5669.32,8.06,TRADE
VIC1,2026/06/17 21:35:00,5708.02,1.17,TRADE
VIC1,2026/06/17 21:40:00,5643.34,5.08,TRADE
VIC1,2026/06/17 21:45:00,5632.07,5.08,TRADE
VIC1,2026/06/17 21:50:00,5563.4,0.01,TRADE
VIC1,2026/06/17 21:55:00,5479.68,0.01,TRADE
VIC1,2026/06/17 22:00:00,5419.94,-0.10,TRADE
VIC1,2026/06/17 22:05:00,5440.13,-0.10,TRADE
VIC1,2026/06/17 22:10:00,5438.93,-0.10,TRADE
VIC1,2026/06/17 22:15:00,5422.45,-2.26,TRADE
VIC1,2026/06/17 22:20:00,5392.78,-2.29,TRADE
VIC1,2026/06/17 22:25:00,5379.37,-2.26,TRADE
VIC1,2026/06/17 22:30:00,5376.54,-2.29,TRADE
VIC1,2026/06/17 22:35:00,5230.3,-2.26,TRADE
VIC1,2026/06/17 22:40:00,5223.2,-2.29,TRADE
VIC1,2026/06/17 22:45:00,5192.95,-2.29,TRADE
VIC1,2026/06/17 22:50:00,5247.71,-2.29,TRADE
VIC1,2026/06/17 22:55:00,5207.84,-2.26,TRADE
VIC1,2026/06/17 23:00:00,5204.87,-2.07,TRADE
VIC1,2026/06/17 23:05:00,5190.08,-2.11,TRADE
VIC1,2026/06/17 23:10:00,5251.78,-1.72,TRADE
VIC1,2026/06/17 23:15:00,5262.02,-0.10,TRADE
VIC1,2026/06/17 23:20:00,5175.81,-2.11,TRADE
VIC1,2026/06/17 23:25:00,5183.37,-2.50,TRADE
VIC1,2026/06/17 23:30:00,5267.66,-2.14,TRADE
VIC1,2026/06/17 23:35:00,5227.59,-2.50,TRADE
VIC1,2026/06/17 23:40:00,5200.68,-2.11,TRADE
VIC1,2026/06/17 23:45:00,5145.45,-2.29,TRADE
VIC1,2026/06/17 23:50:00,5105.64,-2.29,TRADE
VIC1,2026/06/17 23:55:00,5067.63,-2.50,TRADE
VIC1,2026/06/18 00:00:00,4943.28,-3.01,TRADE
VIC1,2026/06/18 00:05:00,4984.43,-3.01,TRADE
VIC1,2026/06/18 00:10:00,4925.67,-3.18,TRADE
VIC1,2026/06/18 00:15:00,5001.63,-3.10,TRADE
VIC1,2026/06/18 00:20:00,4961.78,-3.11,TRADE
VIC1,2026/06/18 00:25:00,4878.93,-2.29,TRADE
VIC1,2026/06/18 00:30:00,4925.74,-2.50,TRADE
VIC1,2026/06/18 00:35:00,4930.44,-2.50,TRADE
VIC1,2026/06/18 00:40:00,4835.33,-3.01,TRADE
VIC1,2026/06/18 00:45:00,4848.56,-2.50,TRADE
VIC1,2026/06/18 00:50:00,4801.02,-2.50,TRADE
VIC1,2026/06/18 00:55:00,4724.76,-3.01,TRADE
VIC1,2026/06/18 01:00:00,4757.57,-3.71,TRADE
VIC1,2026/06/18 01:05:00,4753.27,-3.01,TRADE
VIC1,2026/06/18 01:10:00,4664.25,-3.01,TRADE
VIC1,2026/06/18 01:15:00,4713.7,-3.01,TRADE
VIC1,2026/06/18 01:20:00,4698.2,-3.01,TRADE
VIC1,2026/06/18 01:25:00,4692.29,-3.01,TRADE
VIC1,2026/06/18 01:30:00,4553.49,-2.67,TRADE
VIC1,2026/06/18 01:35:00,4606.18,-2.50,TRADE
VIC1,2026/06/18 01:40:00,4498.83,-3.01,TRADE
VIC1,2026/06/18 01:45:00,4458.33,-2.29,TRADE
VIC1,2026/06/18 01:50:00,4491.58,-2.29,TRADE
VIC1,2026/06/18 01:55:00,4439.4,-3.53,TRADE
VIC1,2026/06/18 02:00:00,4456.69,-3.01,TRADE
VIC1,2026/06/18 02:05:00,4439.36,-2.29,TRADE
VIC1,2026/06/18 02:10:00,4398.15,-2.29,TRADE
VIC1,2026/06/18 02:15:00,4392.3,-2.29,TRADE
VIC1,2026/06/18 02:20:00,4383.54,-2.29,TRADE
VIC1,2026/06/18 02:25:00,4384.97,-2.29,TRADE
VIC1,2026/06/18 02:30:00,4374.79,-2.29,TRADE
VIC1,2026/06/18 02:35:00,4258.04,-2.50,TRADE
VIC1,2026/06/18 02:40:00,4317.54,-2.29,TRADE
VIC1,2026/06/18 02:45:00,4279.42,-2.29,TRADE
VIC1,2026/06/18 02:50:00,4251.21,-2.26,TRADE
VIC1,2026/06/18 02:55:00,4305.75,-2.02,TRADE
VIC1,2026/06/18 03:00:00,4272.79,-2.26,TRADE
VIC1,2026/06/18 03:05:00,4257.17,-2.26,TRADE
VIC1,2026/06/18 03:10:00,4258.58,-2.29,TRADE
VIC1,2026/06/18 03:15:00,4182.41,-2.50,TRADE
VIC1,2026/06/18 03:20:00,4216.22,-2.29,TRADE
VIC1,2026/06/18 03:25:00,4227.16,-2.50,TRADE
VIC1,2026/06/18 03:30:00,4175.22,-3.01,TRADE
VIC1,2026/06/18 03:35:00,4209.24,-3.01,TRADE
VIC1,2026/06/18 03:40:00,4200.39,-2.29,TRADE
VIC1,2026/06/18 03:45:00,4232.84,-3.01,TRADE
VIC1,2026/06/18 03:50:00,4239.43,-3.01,TRADE
VIC1,2026/06/18 03:55:00,4177.39,-2.29,TRADE
VIC1,2026/06/18 04:00:00,4220.06,-2.29,TRADE
VIC1,2026/06/18 04:05:00,4197.58,-3.01,TRADE
VIC1,2026/06/18 04:10:00,4269.32,-2.50,TRADE
VIC1,2026/06/18 04:15:00,4294.04,-2.26,TRADE
VIC1,2026/06/18 04:20:00,4286.87,-2.50,TRADE
VIC1,2026/06/18 04:25:00,4279.56,-3.01,TRADE
VIC1,2026/06/18 04:30:00,4309.97,-2.50,TRADE
VIC1,2026/06/18 04:35:00,4290.78,-2.50,TRADE
VIC1,2026/06/18 04:40:00,4271.07,-2.29,TRADE
VIC1,2026/06/18 04:45:00,4304.2,-3.12,TRADE
VIC1,2026/06/18 04:50:00,4309.94,-2.29,TRADE
VIC1,2026/06/18 04:55:00,4356.07,-3.17,TRADE
VIC1,2026/06/18 05:00:00,4312.85,-3.01,TRADE
VIC1,2026/06/18 05:05:00,4374.32,-2.67,TRADE
VIC1,2026/06/18 05:10:00,4423.66,-2.29,TRADE
VIC1,2026/06/18 05:15:00,4485.4,-3.01,TRADE
VIC1,2026/06/18 05:20:00,4503.49,-3.01,TRADE
VIC1,2026/06/18 05:25:00,4458.53,-2.29,TRADE
VIC1,2026/06/18 05:30:00,4579.08,-2.29,TRADE
VIC1,2026/06/18 05:35:00,4617.83,-2.29,TRADE
VIC1,2026/06/18 05:40:00,4671.5,-3.01,TRADE
VIC1,2026/06/18 05:45:00,4675.01,-2.67,TRADE
VIC1,2026/06/18 05:50:00,4723.65,-2.47,TRADE
VIC1,2026/06/18 05:55:00,4786.21,-2.29,TRADE
VIC1,2026/06/18 06:00:00,4838.93,-2.29,TRADE
VIC1,2026/06/18 06:05:00,4818.28,-2.26,TRADE
VIC1,2026/06/18 06:10:00,4926.35,-0.64,TRADE
VIC1,2026/06/18 06:15:00,4997.11,-0.10,TRADE
VIC1,2026/06/18 06:20:00,5114.8,-0.10,TRADE
VIC1,2026/06/18 06:25:00,5168.87,-0.10,TRADE
VIC1,2026/06/18 06:30:00,5219.1,-0.10,TRADE
VIC1,2026/06/18 06:35:00,5263.68,-0.10,TRADE
VIC1,2026/06/18 06:40:00,5350.68,-0.10,TRADE
VIC1,2026/06/18 06:45:00,5433.64,-0.05,TRADE
VIC1,2026/06/18 06:50:00,5376.75,-0.10,TRADE
VIC1,2026/06/18 06:55:00,5484.71,-0.05,TRADE
VIC1,2026/06/18 07:00:00,5593.42,-0.05,TRADE
VIC1,2026/06/18 07:05:00,5674.47,-0.05,TRADE
VIC1,2026/06/18 07:10:00,5673.21,-0.05,TRADE
VIC1,2026/06/18 07:15:00,5846.33,-0.02,TRADE
VIC1,2026/06/18 07:20:00,5922.72,0,TRADE
VIC1,2026/06/18 07:25:00,5997.22,0.01,TRADE
VIC1,2026/06/18 07:30:00,6023.04,0.01,TRADE
VIC1,2026/06/18 07:35:00,6035.72,0.01,TRADE
VIC1,2026/06/18 07:40:00,6071.6,5.08,TRADE
VIC1,2026/06/18 07:45:00,6155.97,8.94,TRADE
VIC1,2026/06/18 07:50:00,6157.57,8.94,TRADE
VIC1,2026/06/18 07:55:00,6143.31,-0.02,TRADE
VIC1,2026/06/18 08:00:00,6139.66,-0.02,TRADE
VIC1,2026/06/18 08:05:00,6149.4,0.01,TRADE
VIC1,2026/06/18 08:10:00,6175.39,8.69,TRADE
VIC1,2026/06/18 08:15:00,6108.5,5.08,TRADE
VIC1,2026/06/18 08:20:00,6089.11,5.08,TRADE
VIC1,2026/06/18 08:25:00,6102.45,5.08,TRADE
VIC1,2026/06/18 08:30:00,5982.78,-0.02,TRADE
VIC1,2026/06/18 08:35:00,5933.98,0,TRADE
VIC1,2026/06/18 08:40:00,5975.16,10.50,TRADE
VIC1,2026/06/18 08:45:00,5994.24,9.79,TRADE
VIC1,2026/06/18 08:50:00,5925.7,-0.02,TRADE
VIC1,2026/06/18 08:55:00,5942.09,10.50,TRADE
VIC1,2026/06/18 09:00:00,6009.92,0,TRADE
VIC1,2026/06/18 09:05:00,5934.08,-0.02,TRADE
VIC1,2026/06/18 09:10:00,5938.28,0,TRADE
VIC1,2026/06/18 09:15:00,5984.73,10.50,TRADE
VIC1,2026/06/18 09:20:00,6026.34,11.84,TRADE
VIC1,2026/06/18 09:25:00,6041.88,10.65,TRADE
VIC1,2026/06/18 09:30:00,6034.09,10.50,TRADE
VIC1,2026/06/18 09:35:00,5933.24,10.50,TRADE
VIC1,2026/06/18 09:40:00,5984.09,10.50,TRADE
VIC1,2026/06/18 09:45:00,5996.17,10.65,TRADE
VIC1,2026/06/18 09:50:00,5976.38,10.50,TRADE
VIC1,2026/06/18 09:55:00,5966.04,1.68,TRADE
VIC1,2026/06/18 10:00:00,5921.46,10.50,TRADE
VIC1,2026/06/18 10:05:00,5974.78,10.89,TRADE
VIC1,2026/06/18 10:10:00,6052.8,35.87,TRADE
VIC1,2026/06/18 10:15:00,5941.46,23.43,TRADE
VIC1,2026/06/18 10:20:00,6000.4,10.50,TRADE
VIC1,2026/06/18 10:25:00,6005.54,10.50,TRADE
VIC1,2026/06/18 10:30:00,5983.37,10.50,TRADE
VIC1,2026/06/18 10:35:00,6050.94,17.12,TRADE
VIC1,2026/06/18 10:40:00,6086.7,10.50,TRADE
VIC1,2026/06/18 10:45:00,6095.9,10.50,TRADE
VIC1,2026/06/18 10:50:00,6055.05,10.50,TRADE
VIC1,2026/06/18 10:55:00,5955.42,0,TRADE
VIC1,2026/06/18 11:00:00,5952.51,0.18,TRADE
VIC1,2026/06/18 11:05:00,6037.96,10.50,TRADE
VIC1,2026/06/18 11:10:00,6231.57,17.68,TRADE
VIC1,2026/06/18 11:15:00,6238.8,10.50,TRADE
VIC1,2026/06/18 11:20:00,6255.5,10.50,TRADE
VIC1,2026/06/18 11:25:00,6281.69,10.50,TRADE
VIC1,2026/06/18 11:30:00,6304.05,10.50,TRADE
VIC1,2026/06/18 11:35:00,6312.65,10.50,TRADE
VIC1,2026/06/18 11:40:00,6268,1.68,TRADE
VIC1,2026/06/18 11:45:00,6280.19,10.50,TRADE
VIC1,2026/06/18 11:50:00,6262.01,10.50,TRADE
VIC1,2026/06/18 11:55:00,6160.18,1.68,TRADE
VIC1,2026/06/18 12:00:00,6110.06,8.67,TRADE
VIC1,2026/06/18 12:05:00,6063.58,10.50,TRADE
VIC1,2026/06/18 12:10:00,6038.2,16.87,TRADE
VIC1,2026/06/18 12:15:00,5959.96,10.50,TRADE
VIC1,2026/06/18 12:20:00,5941.19,-0.05,TRADE
VIC1,2026/06/18 12:25:00,5922.71,0,TRADE
VIC1,2026/06/18 12:30:00,5849.73,9.40,TRADE
VIC1,2026/06/18 12:35:00,5761.05,8.81,TRADE
VIC1,2026/06/18 12:40:00,5673.44,-0.05,TRADE
VIC1,2026/06/18 12:45:00,5734.13,8.81,TRADE
VIC1,2026/06/18 12:50:00,5775.66,10.50,TRADE
VIC1,2026/06/18 12:55:00,5796.29,10.50,TRADE
VIC1,2026/06/18 13:00:00,5774.88,10.50,TRADE
VIC1,2026/06/18 13:05:00,5710.26,9.44,TRADE
VIC1,2026/06/18 13:10:00,5797.36,10.50,TRADE
VIC1,2026/06/18 13:15:00,5817.66,10.50,TRADE
VIC1,2026/06/18 13:20:00,5818.24,8.78,TRADE
VIC1,2026/06/18 13:25:00,5797.37,6.69,TRADE
VIC1,2026/06/18 13:30:00,5754.73,-0.05,TRADE
VIC1,2026/06/18 13:35:00,5723.39,8.81,TRADE
VIC1,2026/06/18 13:40:00,5642.76,-0.05,TRADE
VIC1,2026/06/18 13:45:00,5683.47,-0.05,TRADE
VIC1,2026/06/18 13:50:00,5723.74,-0.05,TRADE
VIC1,2026/06/18 13:55:00,5751.53,8.81,TRADE
VIC1,2026/06/18 14:00:00,5777.89,-0.05,TRADE
VIC1,2026/06/18 14:05:00,5832.36,-0.05,TRADE
VIC1,2026/06/18 14:10:00,5776.42,-0.05,TRADE
VIC1,2026/06/18 14:15:00,5795.64,-0.05,TRADE
VIC1,2026/06/18 14:20:00,5807.16,-0.05,TRADE
VIC1,2026/06/18 14:25:00,5707.12,-0.05,TRADE
VIC1,2026/06/18 14:30:00,5809.44,8.41,TRADE
VIC1,2026/06/18 14:35:00,5870.65,8.81,TRADE
VIC1,2026/06/18 14:40:00,5837.32,10.50,TRADE
VIC1,2026/06/18 14:45:00,5890.96,22.69,TRADE
VIC1,2026/06/18 14:50:00,5875.51,22.69,TRADE
VIC1,2026/06/18 14:55:00,5926.34,22.69,TRADE
VIC1,2026/06/18 15:00:00,5979.95,22.63,TRADE
VIC1,2026/06/18 15:05:00,5898.5,0,TRADE
VIC1,2026/06/18 15:10:00,5913.21,10.50,TRADE
VIC1,2026/06/18 15:15:00,5861.26,0.01,TRADE
VIC1,2026/06/18 15:20:00,5903.52,-2.26,TRADE
VIC1,2026/06/18 15:25:00,5927.35,-2.29,TRADE
VIC1,2026/06/18 15:30:00,5961.17,-2.29,TRADE
VIC1,2026/06/18 15:35:00,6006.7,-2.29,TRADE
VIC1,2026/06/18 15:40:00,6020.38,-2.50,TRADE
VIC1,2026/06/18 15:45:00,6025.75,-2.29,TRADE
VIC1,2026/06/18 15:50:00,6001.6,-3.11,TRADE
VIC1,2026/06/18 15:55:00,6043.94,-2.29,TRADE
VIC1,2026/06/18 16:00:00,5995.46,-2.26,TRADE
VIC1,2026/06/18 16:05:00,5964.22,-2.29,TRADE
VIC1,2026/06/18 16:10:00,5963.88,-2.26,TRADE
VIC1,2026/06/18 16:15:00,6026.96,-2.50,TRADE
VIC1,2026/06/18 16:20:00,6162.67,-2.50,TRADE
VIC1,2026/06/18 16:25:00,6193.96,-2.50,TRADE
VIC1,2026/06/18 16:30:00,6189.13,-0.10,TRADE
VIC1,2026/06/18 16:35:00,6238.85,-2.26,TRADE
VIC1,2026/06/18 16:40:00,6409.13,-0.10,TRADE
VIC1,2026/06/18 16:45:00,6501.79,0,TRADE
VIC1,2026/06/18 16:50:00,6571.61,10.25,TRADE
VIC1,2026/06/18 16:55:00,6623.34,34.73,TRADE
VIC1,2026/06/18 17:00:00,6602.84,10.50,TRADE
VIC1,2026/06/18 17:05:00,6640.19,10.50,TRADE
VIC1,2026/06/18 17:10:00,6670.91,24.19,TRADE
VIC1,2026/06/18 17:15:00,6757.62,36.86,TRADE
VIC1,2026/06/18 17:20:00,6764.26,10.50,TRADE
VIC1,2026/06/18 17:25:00,6926.2,14.59,TRADE
VIC1,2026/06/18 17:30:00,6974.63,14.13,TRADE
VIC1,2026/06/18 17:35:00,7045.29,9.67,TRADE
VIC1,2026/06/18 17:40:00,7009.69,8.06,TRADE
VIC1,2026/06/18 17:45:00,6989.76,0.01,TRADE
VIC1,2026/06/18 17:50:00,7088.46,8.06,TRADE
VIC1,2026/06/18 17:55:00,7127.23,8.94,TRADE
VIC1,2026/06/18 18:00:00,7139.03,8.95,TRADE
VIC1,2026/06/18 18:05:00,7058.21,8.94,TRADE
VIC1,2026/06/18 18:10:00,7070.16,8.94,TRADE
VIC1,2026/06/18 18:15:00,7125.19,9.67,TRADE
VIC1,2026/06/18 18:20:00,7112.25,9.67,TRADE
VIC1,2026/06/18 18:25:00,7112.6,10.50,TRADE
VIC1,2026/06/18 18:30:00,7022.52,10.50,TRADE
VIC1,2026/06/18 18:35:00,6961.73,9.67,TRADE
VIC1,2026/06/18 18:40:00,7025.89,10.50,TRADE
VIC1,2026/06/18 18:45:00,6908.17,8.94,TRADE
VIC1,2026/06/18 18:50:00,6927.18,8.94,TRADE
VIC1,2026/06/18 18:55:00,6904.26,8.94,TRADE
VIC1,2026/06/18 19:00:00,6978.25,8.94,TRADE
VIC1,2026/06/18 19:05:00,6874.9,8.94,TRADE
VIC1,2026/06/18 19:10:00,6922.69,10.50,TRADE
VIC1,2026/06/18 19:15:00,6896.28,10.50,TRADE
VIC1,2026/06/18 19:20:00,6911.47,10.50,TRADE
VIC1,2026/06/18 19:25:00,6875.42,10.50,TRADE
VIC1,2026/06/18 19:30:00,6849.99,10.50,TRADE
VIC1,2026/06/18 19:35:00,6776.99,10.50,TRADE
VIC1,2026/06/18 19:40:00,6710.99,10.50,TRADE
VIC1,2026/06/18 19:45:00,6779.87,10.65,TRADE
VIC1,2026/06/18 19:50:00,6749.74,10.50,TRADE
VIC1,2026/06/18 19:55:00,6706.27,10.50,TRADE
VIC1,2026/06/18 20:00:00,6734.56,10.50,TRADE
VIC1,2026/06/18 20:05:00,6690.45,10.50,TRADE
VIC1,2026/06/18 20:10:00,6689.06,10.50,TRADE
VIC1,2026/06/18 20:15:00,6587.47,8.94,TRADE
VIC1,2026/06/18 20:20:00,6555.63,8.94,TRADE
VIC1,2026/06/18 20:25:00,6590.48,8.99,TRADE
VIC1,2026/06/18 20:30:00,6570.3,9.67,TRADE
VIC1,2026/06/18 20:35:00,6495.85,8.94,TRADE
VIC1,2026/06/18 20:40:00,6532.5,9.67,TRADE
VIC1,2026/06/18 20:45:00,6486.21,10.21,TRADE
VIC1,2026/06/18 20:50:00,6482.67,10.47,TRADE
VIC1,2026/06/18 20:55:00,6462.57,10.48,TRADE
VIC1,2026/06/18 21:00:00,6324.87,10.48,TRADE
VIC1,2026/06/18 21:05:00,6342.64,17.65,TRADE
VIC1,2026/06/18 21:10:00,6363.72,10.65,TRADE
VIC1,2026/06/18 21:15:00,6344.62,10.50,TRADE
VIC1,2026/06/18 21:20:00,6277,8.06,TRADE
VIC1,2026/06/18 21:25:00,6248.22,8.06,TRADE
VIC1,2026/06/18 21:30:00,6197.49,8.06,TRADE
VIC1,2026/06/18 21:35:00,6137.6,5.08,TRADE
VIC1,2026/06/18 21:40:00,6047.97,-0.05,TRADE
VIC1,2026/06/18 21:45:00,5971.44,-0.05,TRADE
VIC1,2026/06/18 21:50:00,6013.14,-0.05,TRADE
VIC1,2026/06/18 21:55:00,5962.59,-0.05,TRADE
VIC1,2026/06/18 22:00:00,5861.54,-0.10,TRADE
VIC1,2026/06/18 22:05:00,5848.54,-0.10,TRADE
VIC1,2026/06/18 22:10:00,5871.18,-0.10,TRADE
VIC1,2026/06/18 22:15:00,5842.63,-0.10,TRADE
VIC1,2026/06/18 22:20:00,5790.83,-0.10,TRADE
VIC1,2026/06/18 22:25:00,5801.13,-0.10,TRADE
VIC1,2026/06/18 22:30:00,5718.45,-0.10,TRADE
VIC1,2026/06/18 22:35:00,5707.46,-0.10,TRADE
VIC1,2026/06/18 22:40:00,5684.31,-0.10,TRADE
VIC1,2026/06/18 22:45:00,5537.42,-2.26,TRADE
VIC1,2026/06/18 22:50:00,5617.47,-2.05,TRADE
VIC1,2026/06/18 22:55:00,5559.34,-2,TRADE
VIC1,2026/06/18 23:00:00,5590.85,-0.10,TRADE
VIC1,2026/06/18 23:05:00,5461.98,-2.99,TRADE
VIC1,2026/06/18 23:10:00,5554.14,-2.50,TRADE
VIC1,2026/06/18 23:15:00,5608.21,-2.50,TRADE
VIC1,2026/06/18 23:20:00,5605.08,-1.09,TRADE
VIC1,2026/06/18 23:25:00,5578.81,-2.50,TRADE
VIC1,2026/06/18 23:30:00,5517.76,-2.50,TRADE
VIC1,2026/06/18 23:35:00,5580.15,-1.10,TRADE
VIC1,2026/06/18 23:40:00,5510.15,-0.10,TRADE
VIC1,2026/06/18 23:45:00,5460.31,-0.10,TRADE
VIC1,2026/06/18 23:50:00,5374.04,-2.07,TRADE
VIC1,2026/06/18 23:55:00,5276.06,-4.13,TRADE
VIC1,2026/06/19 00:00:00,5282.45,-2.99,TRADE
VIC1,2026/06/19 00:05:00,5330.85,-2.50,TRADE
VIC1,2026/06/19 00:10:00,5267.14,-2.50,TRADE
VIC1,2026/06/19 00:15:00,5270.24,-2.07,TRADE
VIC1,2026/06/19 00:20:00,5211.43,-2.07,TRADE
VIC1,2026/06/19 00:25:00,5215.92,-2.07,TRADE
VIC1,2026/06/19 00:30:00,5162.97,-2.29,TRADE
VIC1,2026/06/19 00:35:00,5115.67,-2.29,TRADE
VIC1,2026/06/19 00:40:00,5105.76,-2.07,TRADE
VIC1,2026/06/19 00:45:00,4967.55,-2.03,TRADE
VIC1,2026/06/19 00:50:00,4975.19,-0.10,TRADE
VIC1,2026/06/19 00:55:00,4983.33,-0.10,TRADE
VIC1,2026/06/19 01:00:00,4960.29,-0.10,TRADE
VIC1,2026/06/19 01:05:00,4845.61,-0.10,TRADE
VIC1,2026/06/19 01:10:00,4936.91,-0.10,TRADE
VIC1,2026/06/19 01:15:00,4863.68,-0.10,TRADE
VIC1,2026/06/19 01:20:00,4863.55,-0.10,TRADE
VIC1,2026/06/19 01:25:00,4841.83,-0.10,TRADE
VIC1,2026/06/19 01:30:00,4717.29,-1.14,TRADE
VIC1,2026/06/19 01:35:00,4711.52,-2.11,TRADE
VIC1,2026/06/19 01:40:00,4747.63,-1.11,TRADE
VIC1,2026/06/19 01:45:00,4700.32,-0.10,TRADE
VIC1,2026/06/19 01:50:00,4619.02,-1.14,TRADE
VIC1,2026/06/19 01:55:00,4651.4,-1.11,TRADE
VIC1,2026/06/19 02:00:00,4636.47,-0.10,TRADE
VIC1,2026/06/19 02:05:00,4606.82,-1.13,TRADE
VIC1,2026/06/19 02:10:00,4608.55,-1.14,TRADE
VIC1,2026/06/19 02:15:00,4568.08,-2.26,TRADE
VIC1,2026/06/19 02:20:00,4544.86,-2.29,TRADE
VIC1,2026/06/19 02:25:00,4600.31,-2.17,TRADE
VIC1,2026/06/19 02:30:00,4596.26,-2.17,TRADE
VIC1,2026/06/19 02:35:00,4497.03,-2.50,TRADE
VIC1,2026/06/19 02:40:00,4480.5,-2.29,TRADE
VIC1,2026/06/19 02:45:00,4490.12,-2.29,TRADE
VIC1,2026/06/19 02:50:00,4539.78,-2.50,TRADE
VIC1,2026/06/19 02:55:00,4517.09,-2.29,TRADE
VIC1,2026/06/19 03:00:00,4499.29,-2.67,TRADE
VIC1,2026/06/19 03:05:00,4469.72,-2.50,TRADE
VIC1,2026/06/19 03:10:00,4378.74,-3.10,TRADE
VIC1,2026/06/19 03:15:00,4400.79,-2.99,TRADE
VIC1,2026/06/19 03:20:00,4448.47,-2.50,TRADE
VIC1,2026/06/19 03:25:00,4487.29,-3.01,TRADE
VIC1,2026/06/19 03:30:00,4408.27,-3.15,TRADE
VIC1,2026/06/19 03:35:00,4458.64,-3.01,TRADE
VIC1,2026/06/19 03:40:00,4474.99,-3.01,TRADE
VIC1,2026/06/19 03:45:00,4448.26,-3.01,TRADE
VIC1,2026/06/19 03:50:00,4498.3,-2.99,TRADE
VIC1,2026/06/19 03:55:00,4423.96,-3.01,TRADE
VIC1,2026/06/19 04:00:00,4417.92,-3.20,TRADE
VIC1,2026/06/19 04:05:00,4513.07,-2.99,TRADE
VIC1,2026/06/19 04:10:00,4480.84,-2.99,TRADE
VIC1,2026/06/19 04:15:00,4500.17,-2.99,TRADE
VIC1,2026/06/19 04:20:00,4569.32,-2.50,TRADE
VIC1,2026/06/19 04:25:00,4481.58,-3.01,TRADE
VIC1,2026/06/19 04:30:00,4560.71,-2.99,TRADE
VIC1,2026/06/19 04:35:00,4588.27,-3.15,TRADE
VIC1,2026/06/19 04:40:00,4624.22,-3.01,TRADE
VIC1,2026/06/19 04:45:00,4679.18,-3.01,TRADE
VIC1,2026/06/19 04:50:00,4626.5,-3.01,TRADE
VIC1,2026/06/19 04:55:00,4705.78,-3.01,TRADE
VIC1,2026/06/19 05:00:00,4747.53,-3.01,TRADE
VIC1,2026/06/19 05:05:00,4680.75,-2.50,TRADE
VIC1,2026/06/19 05:10:00,4805.92,-2.09,TRADE
VIC1,2026/06/19 05:15:00,4818.79,-2.50,TRADE
VIC1,2026/06/19 05:20:00,4868.79,-2.10,TRADE
VIC1,2026/06/19 05:25:00,4872.63,-2.13,TRADE
VIC1,2026/06/19 05:30:00,4849.68,-2.50,TRADE
VIC1,2026/06/19 05:35:00,4862.5,-2.50,TRADE
VIC1,2026/06/19 05:40:00,5021.91,-2.13,TRADE
VIC1,2026/06/19 05:45:00,5055.57,-2.12,TRADE
VIC1,2026/06/19 05:50:00,5067.51,-2.50,TRADE
VIC1,2026/06/19 05:55:00,5080.99,-2.13,TRADE
VIC1,2026/06/19 06:00:00,5190.93,-2.15,TRADE
VIC1,2026/06/19 06:05:00,5241.12,-0.10,TRADE
VIC1,2026/06/19 06:10:00,5381.42,-0.10,TRADE
VIC1,2026/06/19 06:15:00,5496.91,-0.10,TRADE
VIC1,2026/06/19 06:20:00,5550.37,-0.05,TRADE
VIC1,2026/06/19 06:25:00,5498.63,-0.10,TRADE
VIC1,2026/06/19 06:30:00,5592.36,-0.10,TRADE
VIC1,2026/06/19 06:35:00,5669.89,-0.05,TRADE
VIC1,2026/06/19 06:40:00,5826.85,-0.05,TRADE
VIC1,2026/06/19 06:45:00,5952.65,0,TRADE
VIC1,2026/06/19 06:50:00,6015.81,0.05,TRADE
VIC1,2026/06/19 06:55:00,6102.51,8.94,TRADE
VIC1,2026/06/19 07:00:00,6186.45,10.50,TRADE
VIC1,2026/06/19 07:05:00,6311.52,10.65,TRADE
VIC1,2026/06/19 07:10:00,6370.41,10.65,TRADE
VIC1,2026/06/19 07:15:00,6467.69,10.65,TRADE
VIC1,2026/06/19 07:20:00,6514.34,10.50,TRADE
VIC1,2026/06/19 07:25:00,6633.01,17.67,TRADE
VIC1,2026/06/19 07:30:00,6771.75,40.29,TRADE
VIC1,2026/06/19 07:35:00,6816.33,10.65,TRADE
VIC1,2026/06/19 07:40:00,6775.47,13.53,TRADE
VIC1,2026/06/19 07:45:00,6953.28,40.29,TRADE
VIC1,2026/06/19 07:50:00,6971.98,38.23,TRADE
VIC1,2026/06/19 07:55:00,6990.68,34.32,TRADE
VIC1,2026/06/19 08:00:00,6973.86,33.16,TRADE
VIC1,2026/06/19 08:05:00,6978.46,22.69,TRADE
VIC1,2026/06/19 08:10:00,6960.14,22.69,TRADE
VIC1,2026/06/19 08:15:00,6958.38,10.65,TRADE
VIC1,2026/06/19 08:20:00,6877.47,10.50,TRADE
VIC1,2026/06/19 08:25:00,6925.28,10.65,TRADE
VIC1,2026/06/19 08:30:00,6870.23,8.94,TRADE
VIC1,2026/06/19 08:35:00,6919.51,10.50,TRADE
VIC1,2026/06/19 08:40:00,6847,8.94,TRADE
VIC1,2026/06/19 08:45:00,6816.97,10.50,TRADE
VIC1,2026/06/19 08:50:00,6772.11,10.50,TRADE
VIC1,2026/06/19 08:55:00,6726.48,10.65,TRADE
VIC1,2026/06/19 09:00:00,6748.74,10.65,TRADE
VIC1,2026/06/19 09:05:00,6723.72,10.65,TRADE
VIC1,2026/06/19 09:10:00,6703.22,10.50,TRADE
VIC1,2026/06/19 09:15:00,6605.94,-0.10,TRADE
VIC1,2026/06/19 09:20:00,6538.25,5.08,TRADE
VIC1,2026/06/19 09:25:00,6447.2,-0.10,TRADE
VIC1,2026/06/19 09:30:00,6432.1,-0.10,TRADE
VIC1,2026/06/19 09:35:00,6295.24,-0.10,TRADE
VIC1,2026/06/19 09:40:00,6341.08,-0.10,TRADE
VIC1,2026/06/19 09:45:00,6263.93,0,TRADE
VIC1,2026/06/19 09:50:00,6211.97,0,TRADE
VIC1,2026/06/19 09:55:00,6108.24,-2.02,TRADE
VIC1,2026/06/19 10:00:00,6120.97,-2.01,TRADE
VIC1,2026/06/19 10:05:00,6113.87,-0.10,TRADE
VIC1,2026/06/19 10:10:00,6222.04,-0.10,TRADE
VIC1,2026/06/19 10:15:00,6250.5,-0.10,TRADE
VIC1,2026/06/19 10:20:00,6264.61,-0.10,TRADE
VIC1,2026/06/19 10:25:00,6277.37,-0.10,TRADE
VIC1,2026/06/19 10:30:00,6292.97,0.01,TRADE
VIC1,2026/06/19 10:35:00,6316.23,0.01,TRADE
VIC1,2026/06/19 10:40:00,6253.15,-0.10,TRADE
VIC1,2026/06/19 10:45:00,6286.82,10.50,TRADE
VIC1,2026/06/19 10:50:00,6254.7,5.08,TRADE
VIC1,2026/06/19 10:55:00,6249.79,-0.10,TRADE
VIC1,2026/06/19 11:00:00,6208.17,0.01,TRADE
VIC1,2026/06/19 11:05:00,6164.17,5.08,TRADE
VIC1,2026/06/19 11:10:00,6437.38,10.50,TRADE
VIC1,2026/06/19 11:15:00,6401.14,10.50,TRADE
VIC1,2026/06/19 11:20:00,6238.15,8.94,TRADE
VIC1,2026/06/19 11:25:00,6307.89,8.94,TRADE
VIC1,2026/06/19 11:30:00,6260.88,-0.10,TRADE
VIC1,2026/06/19 11:35:00,6302.22,5.08,TRADE
VIC1,2026/06/19 11:40:00,6307.26,10.88,TRADE
VIC1,2026/06/19 11:45:00,6200.26,10.65,TRADE
VIC1,2026/06/19 11:50:00,6272.55,10.82,TRADE
VIC1,2026/06/19 11:55:00,6219.25,0,TRADE
VIC1,2026/06/19 12:00:00,6210.5,10.50,TRADE
VIC1,2026/06/19 12:05:00,6121.44,10.50,TRADE
VIC1,2026/06/19 12:10:00,6139.85,10.50,TRADE
VIC1,2026/06/19 12:15:00,6151.26,13.88,TRADE
VIC1,2026/06/19 12:20:00,6064.51,10.50,TRADE
VIC1,2026/06/19 12:25:00,6081.33,10.72,TRADE
VIC1,2026/06/19 12:30:00,6049.17,10.65,TRADE
VIC1,2026/06/19 12:35:00,6010.9,10.50,TRADE
VIC1,2026/06/19 12:40:00,6017.06,10.50,TRADE
VIC1,2026/06/19 12:45:00,5972.95,20.04,TRADE
VIC1,2026/06/19 12:50:00,6046.92,17.67,TRADE
VIC1,2026/06/19 12:55:00,5931.51,23.71,TRADE
VIC1,2026/06/19 13:00:00,6003.04,19.29,TRADE
VIC1,2026/06/19 13:05:00,5998.03,19.04,TRADE
VIC1,2026/06/19 13:10:00,5981.76,20.19,TRADE
VIC1,2026/06/19 13:15:00,5960.37,18.17,TRADE
VIC1,2026/06/19 13:20:00,5862.35,42.21,TRADE
VIC1,2026/06/19 13:25:00,5927.13,40.29,TRADE
VIC1,2026/06/19 13:30:00,5973.91,36.60,TRADE
VIC1,2026/06/19 13:35:00,5914.69,36.56,TRADE
VIC1,2026/06/19 13:40:00,5960.56,37.14,TRADE
VIC1,2026/06/19 13:45:00,5910.62,51.45,TRADE
VIC1,2026/06/19 13:50:00,5936.11,55.61,TRADE
VIC1,2026/06/19 13:55:00,5899.22,40.29,TRADE
VIC1,2026/06/19 14:00:00,5925.16,40.29,TRADE
VIC1,2026/06/19 14:05:00,5820.14,54.47,TRADE
VIC1,2026/06/19 14:10:00,5720.51,39.68,TRADE
VIC1,2026/06/19 14:15:00,5750.02,50.87,TRADE
VIC1,2026/06/19 14:20:00,5816.21,40.29,TRADE
VIC1,2026/06/19 14:25:00,5895,74.40,TRADE
VIC1,2026/06/19 14:30:00,5854.97,60.44,TRADE
VIC1,2026/06/19 14:35:00,5934.94,65,TRADE
VIC1,2026/06/19 14:40:00,5926.78,59.58,TRADE
VIC1,2026/06/19 14:45:00,5972.54,48.39,TRADE
VIC1,2026/06/19 14:50:00,5941.88,52.19,TRADE
VIC1,2026/06/19 14:55:00,5965.61,39.20,TRADE
VIC1,2026/06/19 15:00:00,6100.26,52.60,TRADE
VIC1,2026/06/19 15:05:00,5994.89,39.20,TRADE
VIC1,2026/06/19 15:10:00,6069.18,55.50,TRADE
VIC1,2026/06/19 15:15:00,6102.29,38.11,TRADE
VIC1,2026/06/19 15:20:00,6146.25,69.69,TRADE
VIC1,2026/06/19 15:25:00,6173.38,69.06,TRADE
VIC1,2026/06/19 15:30:00,6245.34,60.59,TRADE
VIC1,2026/06/19 15:35:00,6275.1,46.50,TRADE
VIC1,2026/06/19 15:40:00,6338.6,41.07,TRADE
VIC1,2026/06/19 15:45:00,6443.16,56.54,TRADE
VIC1,2026/06/19 15:50:00,6347.15,55.86,TRADE
VIC1,2026/06/19 15:55:00,6435.71,52.76,TRADE
VIC1,2026/06/19 16:00:00,6540.48,74.90,TRADE
VIC1,2026/06/19 16:05:00,6549.25,70.39,TRADE
VIC1,2026/06/19 16:10:00,6564.81,69.84,TRADE
VIC1,2026/06/19 16:15:00,6599.77,74.96,TRADE
VIC1,2026/06/19 16:20:00,6678.93,77.56,TRADE
VIC1,2026/06/19 16:25:00,6715.58,75.38,TRADE
VIC1,2026/06/19 16:30:00,6670.64,77.15,TRADE
VIC1,2026/06/19 16:35:00,6719.58,72.78,TRADE
VIC1,2026/06/19 16:40:00,6741.63,74.39,TRADE
VIC1,2026/06/19 16:45:00,6918.55,78.77,TRADE
VIC1,2026/06/19 16:50:00,6958.56,80.16,TRADE
VIC1,2026/06/19 16:55:00,7048.28,80.50,TRADE
VIC1,2026/06/19 17:00:00,7021.7,79.61,TRADE
VIC1,2026/06/19 17:05:00,7135.74,75.07,TRADE
VIC1,2026/06/19 17:10:00,7123.14,75.07,TRADE
VIC1,2026/06/19 17:15:00,7067.81,69.97,TRADE
VIC1,2026/06/19 17:20:00,7146.28,75.07,TRADE
VIC1,2026/06/19 17:25:00,7276.17,77.90,TRADE
VIC1,2026/06/19 17:30:00,7321.17,80.50,TRADE
VIC1,2026/06/19 17:35:00,7334.87,75.11,TRADE
VIC1,2026/06/19 17:40:00,7316.85,76.04,TRADE
VIC1,2026/06/19 17:45:00,7388.73,75.07,TRADE
VIC1,2026/06/19 17:50:00,7332.47,75.07,TRADE
VIC1,2026/06/19 17:55:00,7329.2,74.58,TRADE
VIC1,2026/06/19 18:00:00,7363.95,75.25,TRADE
VIC1,2026/06/19 18:05:00,7368.72,74.61,TRADE
VIC1,2026/06/19 18:10:00,7333.76,75.07,TRADE
VIC1,2026/06/19 18:15:00,7350.07,72.20,TRADE
VIC1,2026/06/19 18:20:00,7241,70.24,TRADE
VIC1,2026/06/19 18:25:00,7246.28,71.24,TRADE
VIC1,2026/06/19 18:30:00,7317.26,70.73,TRADE
VIC1,2026/06/19 18:35:00,7290.86,69.53,TRADE
VIC1,2026/06/19 18:40:00,7241.9,71.16,TRADE
VIC1,2026/06/19 18:45:00,7197.91,69.69,TRADE
VIC1,2026/06/19 18:50:00,7227.14,80.68,TRADE
VIC1,2026/06/19 18:55:00,7152.62,69.90,TRADE
VIC1,2026/06/19 19:00:00,7131.79,70.04,TRADE
VIC1,2026/06/19 19:05:00,7087.92,74.84,TRADE
VIC1,2026/06/19 19:10:00,7139.46,73.43,TRADE
VIC1,2026/06/19 19:15:00,7095.94,70.29,TRADE
VIC1,2026/06/19 19:20:00,6999.69,68.48,TRADE
VIC1,2026/06/19 19:25:00,7047.49,69.14,TRADE
VIC1,2026/06/19 19:30:00,6900.81,66.24,TRADE
VIC1,2026/06/19 19:35:00,7014.27,68.13,TRADE
VIC1,2026/06/19 19:40:00,6901.09,67.50,TRADE
VIC1,2026/06/19 19:45:00,6851.61,66.07,TRADE
VIC1,2026/06/19 19:50:00,6885.07,68.93,TRADE
VIC1,2026/06/19 19:55:00,6860.93,68.21,TRADE
VIC1,2026/06/19 20:00:00,6836.37,64.55,TRADE
VIC1,2026/06/19 20:05:00,6803.88,63.57,TRADE
VIC1,2026/06/19 20:10:00,6718.55,64.45,TRADE
VIC1,2026/06/19 20:15:00,6728.09,64.45,TRADE
VIC1,2026/06/19 20:20:00,6702.36,60.85,TRADE
VIC1,2026/06/19 20:25:00,6695.23,60.33,TRADE
VIC1,2026/06/19 20:30:00,6590.95,55.64,TRADE
VIC1,2026/06/19 20:35:00,6622.19,57.60,TRADE
VIC1,2026/06/19 20:40:00,6591.11,61.63,TRADE
VIC1,2026/06/19 20:45:00,6563.87,60.45,TRADE
VIC1,2026/06/19 20:50:00,6568.94,61.19,TRADE
VIC1,2026/06/19 20:55:00,6446.92,59.93,TRADE
VIC1,2026/06/19 21:00:00,6368.17,59.27,TRADE
VIC1,2026/06/19 21:05:00,6340.47,63.60,TRADE
VIC1,2026/06/19 21:10:00,6346.3,69.62,TRADE
VIC1,2026/06/19 21:15:00,6345.9,64.36,TRADE
VIC1,2026/06/19 21:20:00,6329.23,64.91,TRADE
VIC1,2026/06/19 21:25:00,6241.2,62.45,TRADE
VIC1,2026/06/19 21:30:00,6240.05,61.94,TRADE
VIC1,2026/06/19 21:35:00,6227.71,69.64,TRADE
VIC1,2026/06/19 21:40:00,6131.38,68.51,TRADE
VIC1,2026/06/19 21:45:00,6051.71,56.79,TRADE
VIC1,2026/06/19 21:50:00,6125.62,65.28,TRADE
VIC1,2026/06/19 21:55:00,6054.72,69.54,TRADE
VIC1,2026/06/19 22:00:00,6052.64,70.08,TRADE
VIC1,2026/06/19 22:05:00,5944.6,63.08,TRADE
VIC1,2026/06/19 22:10:00,5928.44,70.44,TRADE
VIC1,2026/06/19 22:15:00,5928.68,70.77,TRADE
VIC1,2026/06/19 22:20:00,5891.82,70.80,TRADE
VIC1,2026/06/19 22:25:00,5793.12,69.73,TRADE
VIC1,2026/06/19 22:30:00,5726.25,58.47,TRADE
VIC1,2026/06/19 22:35:00,5633.58,60.93,TRADE
VIC1,2026/06/19 22:40:00,5600.81,60.55,TRADE
VIC1,2026/06/19 22:45:00,5588.27,60.59,TRADE
VIC1,2026/06/19 22:50:00,5535.27,61.63,TRADE
VIC1,2026/06/19 22:55:00,5558.48,60.77,TRADE
VIC1,2026/06/19 23:00:00,5552.08,58.28,TRADE
VIC1,2026/06/19 23:05:00,5529.38,61.31,TRADE
VIC1,2026/06/19 23:10:00,5677.52,69.75,TRADE
VIC1,2026/06/19 23:15:00,5657.51,61.89,TRADE
VIC1,2026/06/19 23:20:00,5655.39,64.02,TRADE
VIC1,2026/06/19 23:25:00,5661.83,57.14,TRADE
VIC1,2026/06/19 23:30:00,5570.71,63.03,TRADE
VIC1,2026/06/19 23:35:00,5579.18,59.70,TRADE
VIC1,2026/06/19 23:40:00,5599.01,62.07,TRADE
VIC1,2026/06/19 23:45:00,5535.92,57.63,TRADE
VIC1,2026/06/19 23:50:00,5446.35,63.15,TRADE
VIC1,2026/06/19 23:55:00,5363.2,50.39,TRADE
VIC1,2026/06/20 00:00:00,5316.65,50.47,TRADE
VIC1,2026/06/20 00:05:00,5384.13,61.57,TRADE
VIC1,2026/06/20 00:10:00,5387.9,63.72,TRADE
VIC1,2026/06/20 00:15:00,5353.71,55.90,TRADE
VIC1,2026/06/20 00:20:00,5325.74,60.92,TRADE
VIC1,2026/06/20 00:25:00,5206.82,53.43,TRADE
VIC1,2026/06/20 00:30:00,5214.19,61.02,TRADE
VIC1,2026/06/20 00:35:00,5141.47,50.93,TRADE
VIC1,2026/06/20 00:40:00,5196,65.28,TRADE
VIC1,2026/06/20 00:45:00,5097.27,61.58,TRADE
VIC1,2026/06/20 00:50:00,5144.19,58.90,TRADE
VIC1,2026/06/20 00:55:00,5110.97,59.17,TRADE
VIC1,2026/06/20 01:00:00,5110.59,58.06,TRADE
VIC1,2026/06/20 01:05:00,5092.58,48.17,TRADE
VIC1,2026/06/20 01:10:00,4988.78,55.22,TRADE
VIC1,2026/06/20 01:15:00,4945.29,58.09,TRADE
VIC1,2026/06/20 01:20:00,5000.99,63.38,TRADE
VIC1,2026/06/20 01:25:00,4888.62,50.62,TRADE
VIC1,2026/06/20 01:30:00,4859.58,50.76,TRADE
VIC1,2026/06/20 01:35:00,4891.04,58.67,TRADE
VIC1,2026/06/20 01:40:00,4793.57,60.52,TRADE
VIC1,2026/06/20 01:45:00,4834.09,50.49,TRADE
VIC1,2026/06/20 01:50:00,4788.78,51.61,TRADE
VIC1,2026/06/20 01:55:00,4770.6,58.67,TRADE
VIC1,2026/06/20 02:00:00,4787.29,50.82,TRADE
VIC1,2026/06/20 02:05:00,4674.78,48.49,TRADE
VIC1,2026/06/20 02:10:00,4723.44,50.84,TRADE
VIC1,2026/06/20 02:15:00,4706.52,50.52,TRADE
VIC1,2026/06/20 02:20:00,4624.85,50,TRADE
VIC1,2026/06/20 02:25:00,4654.59,50.60,TRADE
VIC1,2026/06/20 02:30:00,4662.36,50.56,TRADE
VIC1,2026/06/20 02:35:00,4659.39,49.89,TRADE
VIC1,2026/06/20 02:40:00,4641.66,49.84,TRADE
VIC1,2026/06/20 02:45:00,4552.19,49.55,TRADE
VIC1,2026/06/20 02:50:00,4498.71,49.76,TRADE
VIC1,2026/06/20 02:55:00,4553.23,50.18,TRADE
VIC1,2026/06/20 03:00:00,4530.46,50,TRADE
VIC1,2026/06/20 03:05:00,4528.8,50.67,TRADE
VIC1,2026/06/20 03:10:00,4537.98,50.46,TRADE
VIC1,2026/06/20 03:15:00,4549.74,50.24,TRADE
VIC1,2026/06/20 03:20:00,4560.99,49.78,TRADE
VIC1,2026/06/20 03:25:00,4527.33,49.77,TRADE
VIC1,2026/06/20 03:30:00,4426.06,50.10,TRADE
VIC1,2026/06/20 03:35:00,4512.51,49.05,TRADE
VIC1,2026/06/20 03:40:00,4510.34,50.69,TRADE
VIC1,2026/06/20 03:45:00,4396.68,39.68,TRADE
VIC1,2026/06/20 03:50:00,4470.32,49.44,TRADE
VIC1,2026/06/20 03:55:00,4466.93,50.42,TRADE
VIC1,2026/06/20 04:00:00,4499.08,50,TRADE
VIC1,2026/06/20 04:05:00,4494.87,50.94,TRADE
VIC1,2026/06/20 04:10:00,4406.07,49.98,TRADE
VIC1,2026/06/20 04:15:00,4400.66,50.94,TRADE
VIC1,2026/06/20 04:20:00,4452.95,52.24,TRADE
VIC1,2026/06/20 04:25:00,4470.7,50,TRADE
VIC1,2026/06/20 04:30:00,4406.35,42.42,TRADE
VIC1,2026/06/20 04:35:00,4487.27,49.74,TRADE
VIC1,2026/06/20 04:40:00,4532.08,53.07,TRADE
VIC1,2026/06/20 04:45:00,4613.06,50,TRADE
VIC1,2026/06/20 04:50:00,4565.82,50.36,TRADE
VIC1,2026/06/20 04:55:00,4475.76,52.67,TRADE
VIC1,2026/06/20 05:00:00,4499.24,50.94,TRADE
VIC1,2026/06/20 05:05:00,4609.36,50.94,TRADE
VIC1,2026/06/20 05:10:00,4655.98,60.20,TRADE
VIC1,2026/06/20 05:15:00,4628.72,58.66,TRADE
VIC1,2026/06/20 05:20:00,4682.81,49.51,TRADE
VIC1,2026/06/20 05:25:00,4718.23,61.58,TRADE
VIC1,2026/06/20 05:30:00,4727.83,61.97,TRADE
VIC1,2026/06/20 05:35:00,4741.35,45.24,TRADE
VIC1,2026/06/20 05:40:00,4764.79,39.65,TRADE
VIC1,2026/06/20 05:45:00,4707.24,43.19,TRADE
VIC1,2026/06/20 05:50:00,4722.21,39.66,TRADE
VIC1,2026/06/20 05:55:00,4726.82,61.12,TRADE
VIC1,2026/06/20 06:00:00,4798.27,43.19,TRADE
VIC1,2026/06/20 06:05:00,4878.21,39.68,TRADE
VIC1,2026/06/20 06:10:00,4930.91,57.53,TRADE
VIC1,2026/06/20 06:15:00,4970.49,58.67,TRADE
VIC1,2026/06/20 06:20:00,5024.63,39.63,TRADE
VIC1,2026/06/20 06:25:00,5031.13,40.22,TRADE
VIC1,2026/06/20 06:30:00,4978.58,57.48,TRADE
VIC1,2026/06/20 06:35:00,4990.35,61.97,TRADE
VIC1,2026/06/20 06:40:00,5034.97,60.68,TRADE
VIC1,2026/06/20 06:45:00,5158.92,60.68,TRADE
VIC1,2026/06/20 06:50:00,5327.81,61.77,TRADE
VIC1,2026/06/20 06:55:00,5263.36,60.77,TRADE
VIC1,2026/06/20 07:00:00,5293.65,65.28,TRADE
VIC1,2026/06/20 07:05:00,5367.82,48.69,TRADE
VIC1,2026/06/20 07:10:00,5329.17,44.93,TRADE
VIC1,2026/06/20 07:15:00,5341.22,38.39,TRADE
VIC1,2026/06/20 07:20:00,5468.79,47.04,TRADE
VIC1,2026/06/20 07:25:00,5522.49,49.68,TRADE
VIC1,2026/06/20 07:30:00,5585.72,60.70,TRADE
VIC1,2026/06/20 07:35:00,5625.78,66.09,TRADE
VIC1,2026/06/20 07:40:00,5582.41,63.92,TRADE
VIC1,2026/06/20 07:45:00,5703.04,64.25,TRADE
VIC1,2026/06/20 07:50:00,5773.34,69.29,TRADE
VIC1,2026/06/20 07:55:00,5742.85,79.56,TRADE
VIC1,2026/06/20 08:00:00,5813.25,74.27,TRADE
VIC1,2026/06/20 08:05:00,5864.29,72.52,TRADE
VIC1,2026/06/20 08:10:00,5910.65,80.48,TRADE
VIC1,2026/06/20 08:15:00,5927.14,74.43,TRADE
VIC1,2026/06/20 08:20:00,5878.8,72.52,TRADE
VIC1,2026/06/20 08:25:00,5886.15,72.52,TRADE
VIC1,2026/06/20 08:30:00,5963.2,74.27,TRADE
VIC1,2026/06/20 08:35:00,5966.94,83.17,TRADE
VIC1,2026/06/20 08:40:00,6000.16,88.33,TRADE
VIC1,2026/06/20 08:45:00,5946.42,84.96,TRADE
VIC1,2026/06/20 08:50:00,5984.93,93.06,TRADE
VIC1,2026/06/20 08:55:00,5980.32,89.67,TRADE
VIC1,2026/06/20 09:00:00,6060.69,93.69,TRADE
VIC1,2026/06/20 09:05:00,5945.86,89.32,TRADE
VIC1,2026/06/20 09:10:00,5981.14,93.69,TRADE
VIC1,2026/06/20 09:15:00,5985.76,90.83,TRADE
VIC1,2026/06/20 09:20:00,6019.66,92.87,TRADE
VIC1,2026/06/20 09:25:00,6035.04,94.50,TRADE
VIC1,2026/06/20 09:30:00,5997.64,80.68,TRADE
VIC1,2026/06/20 09:35:00,5976.31,75.04,TRADE
VIC1,2026/06/20 09:40:00,5964.49,74.70,TRADE
VIC1,2026/06/20 09:45:00,6017.07,82.83,TRADE
VIC1,2026/06/20 09:50:00,5971.41,93.06,TRADE
VIC1,2026/06/20 09:55:00,5955.92,91.40,TRADE
VIC1,2026/06/20 10:00:00,5878.84,80.68,TRADE
VIC1,2026/06/20 10:05:00,5966.57,92.49,TRADE
VIC1,2026/06/20 10:10:00,5943.68,75.47,TRADE
VIC1,2026/06/20 10:15:00,5914.26,74.27,TRADE
VIC1,2026/06/20 10:20:00,5928.21,72.52,TRADE
VIC1,2026/06/20 10:25:00,5941.56,72.52,TRADE
VIC1,2026/06/20 10:30:00,5833.39,50.56,TRADE
VIC1,2026/06/20 10:35:00,5820.37,57.93,TRADE
VIC1,2026/06/20 10:40:00,5841.43,72.52,TRADE
VIC1,2026/06/20 10:45:00,5825.58,58.19,TRADE
VIC1,2026/06/20 10:50:00,5785.46,56.10,TRADE
VIC1,2026/06/20 10:55:00,5812.6,56.52,TRADE
VIC1,2026/06/20 11:00:00,5810.1,51,TRADE
VIC1,2026/06/20 11:05:00,5756.72,52.56,TRADE
VIC1,2026/06/20 11:10:00,5939.92,57.23,TRADE
VIC1,2026/06/20 11:15:00,5980.81,57.69,TRADE
VIC1,2026/06/20 11:20:00,5949.37,57.66,TRADE
VIC1,2026/06/20 11:25:00,5979.05,56.36,TRADE
VIC1,2026/06/20 11:30:00,5981.1,56.24,TRADE
VIC1,2026/06/20 11:35:00,5872.79,56.95,TRADE
VIC1,2026/06/20 11:40:00,5830.06,56.95,TRADE
VIC1,2026/06/20 11:45:00,5919.51,57.87,TRADE
VIC1,2026/06/20 11:50:00,5787.61,56.62,TRADE
VIC1,2026/06/20 11:55:00,5823.48,58.37,TRADE
VIC1,2026/06/20 12:00:00,5761.97,46.32,TRADE
VIC1,2026/06/20 12:05:00,5761.04,58.65,TRADE
VIC1,2026/06/20 12:10:00,5825.88,57.65,TRADE
VIC1,2026/06/20 12:15:00,5771.55,56.68,TRADE
VIC1,2026/06/20 12:20:00,5798.19,56.69,TRADE
VIC1,2026/06/20 12:25:00,5793.09,58.53,TRADE
VIC1,2026/06/20 12:30:00,5685.92,55.83,TRADE
VIC1,2026/06/20 12:35:00,5700.05,57.19,TRADE
VIC1,2026/06/20 12:40:00,5716.61,56.29,TRADE
VIC1,2026/06/20 12:45:00,5659.82,55.30,TRADE
VIC1,2026/06/20 12:50:00,5715.35,54.86,TRADE
VIC1,2026/06/20 12:55:00,5662.88,51.64,TRADE
VIC1,2026/06/20 13:00:00,5712.51,47.40,TRADE
VIC1,2026/06/20 13:05:00,5625.49,43.37,TRADE
VIC1,2026/06/20 13:10:00,5583.14,44.03,TRADE
VIC1,2026/06/20 13:15:00,5516.28,39.95,TRADE
VIC1,2026/06/20 13:20:00,5612.84,44.52,TRADE
VIC1,2026/06/20 13:25:00,5583.48,44.41,TRADE
VIC1,2026/06/20 13:30:00,5537.13,46.80,TRADE
VIC1,2026/06/20 13:35:00,5495,41.74,TRADE
VIC1,2026/06/20 13:40:00,5499.38,41.54,TRADE
VIC1,2026/06/20 13:45:00,5494.22,45.07,TRADE
VIC1,2026/06/20 13:50:00,5373.9,38,TRADE
VIC1,2026/06/20 13:55:00,5373.47,39.28,TRADE
VIC1,2026/06/20 14:00:00,5440.74,42.48,TRADE
VIC1,2026/06/20 14:05:00,5389.18,38,TRADE
VIC1,2026/06/20 14:10:00,5244.57,37.30,TRADE
VIC1,2026/06/20 14:15:00,5276.48,38,TRADE
VIC1,2026/06/20 14:20:00,5240.44,38,TRADE
VIC1,2026/06/20 14:25:00,5145.62,39.53,TRADE
VIC1,2026/06/20 14:30:00,5194.44,41.87,TRADE
VIC1,2026/06/20 14:35:00,5213.45,38,TRADE
VIC1,2026/06/20 14:40:00,5317.66,38,TRADE
VIC1,2026/06/20 14:45:00,5297.69,38,TRADE
VIC1,2026/06/20 14:50:00,5370.15,48.82,TRADE
VIC1,2026/06/20 14:55:00,5362.73,42.94,TRADE
VIC1,2026/06/20 15:00:00,5489.74,50.23,TRADE
VIC1,2026/06/20 15:05:00,5504.02,40.49,TRADE
VIC1,2026/06/20 15:10:00,5456.5,39.63,TRADE
VIC1,2026/06/20 15:15:00,5558.95,54.82,TRADE
VIC1,2026/06/20 15:20:00,5645.67,61.01,TRADE
VIC1,2026/06/20 15:25:00,5624.84,80.50,TRADE
VIC1,2026/06/20 15:30:00,5663.07,80.82,TRADE
VIC1,2026/06/20 15:35:00,5749.69,75.21,TRADE
VIC1,2026/06/20 15:40:00,5816.05,74.14,TRADE
VIC1,2026/06/20 15:45:00,5788.96,55.39,TRADE
VIC1,2026/06/20 15:50:00,5821.25,54.53,TRADE
VIC1,2026/06/20 15:55:00,5933.61,75.12,TRADE
VIC1,2026/06/20 16:00:00,5997.1,72.01,TRADE
VIC1,2026/06/20 16:05:00,5970.86,59.55,TRADE
VIC1,2026/06/20 16:10:00,6052.02,63.61,TRADE
VIC1,2026/06/20 16:15:00,6115.64,74.46,TRADE
VIC1,2026/06/20 16:20:00,6245.88,82.60,TRADE
VIC1,2026/06/20 16:25:00,6288.44,84.22,TRADE
VIC1,2026/06/20 16:30:00,6270.29,80.50,TRADE
VIC1,2026/06/20 16:35:00,6360.91,80.50,TRADE
VIC1,2026/06/20 16:40:00,6473.88,79.82,TRADE
VIC1,2026/06/20 16:45:00,6512.37,80.50,TRADE
VIC1,2026/06/20 16:50:00,6509.64,80.89,TRADE
VIC1,2026/06/20 16:55:00,6572.97,80.50,TRADE
VIC1,2026/06/20 17:00:00,6606.3,87.63,TRADE
VIC1,2026/06/20 17:05:00,6683.29,82.31,TRADE
VIC1,2026/06/20 17:10:00,6690.79,82.71,TRADE
VIC1,2026/06/20 17:15:00,6677.43,82.71,TRADE
VIC1,2026/06/20 17:20:00,6794.49,87.55,TRADE
VIC1,2026/06/20 17:25:00,6813.82,85.63,TRADE
VIC1,2026/06/20 17:30:00,6851.93,91.91,TRADE
VIC1,2026/06/20 17:35:00,6940.22,87.29,TRADE
VIC1,2026/06/20 17:40:00,7019.81,92.18,TRADE
VIC1,2026/06/20 17:45:00,7017.37,90.85,TRADE
VIC1,2026/06/20 17:50:00,7038.73,92.49,TRADE
VIC1,2026/06/20 17:55:00,7012.4,82.65,TRADE
VIC1,2026/06/20 18:00:00,7050.7,89.07,TRADE
VIC1,2026/06/20 18:05:00,7073.99,83.47,TRADE
VIC1,2026/06/20 18:10:00,6975.06,83.56,TRADE
VIC1,2026/06/20 18:15:00,7042.09,82.97,TRADE
VIC1,2026/06/20 18:20:00,6998.41,83.67,TRADE
VIC1,2026/06/20 18:25:00,7026.93,83.79,TRADE
VIC1,2026/06/20 18:30:00,6958.01,82.71,TRADE
VIC1,2026/06/20 18:35:00,6944.61,82.50,TRADE
VIC1,2026/06/20 18:40:00,6942.89,82.71,TRADE
VIC1,2026/06/20 18:45:00,6915.95,82.64,TRADE
VIC1,2026/06/20 18:50:00,6813.58,80.77,TRADE
VIC1,2026/06/20 18:55:00,6809.17,82.24,TRADE
VIC1,2026/06/20 19:00:00,6889.05,85.36,TRADE
VIC1,2026/06/20 19:05:00,6791.76,82.80,TRADE
VIC1,2026/06/20 19:10:00,6761.84,80.50,TRADE
VIC1,2026/06/20 19:15:00,6774.41,83.99,TRADE
VIC1,2026/06/20 19:20:00,6765.66,82.95,TRADE
VIC1,2026/06/20 19:25:00,6771.94,83.54,TRADE
VIC1,2026/06/20 19:30:00,6749.25,82.27,TRADE
VIC1,2026/06/20 19:35:00,6786.51,70.35,TRADE
VIC1,2026/06/20 19:40:00,6757.45,82.71,TRADE
VIC1,2026/06/20 19:45:00,6746.98,82.71,TRADE
VIC1,2026/06/20 19:50:00,6633.96,82.71,TRADE
VIC1,2026/06/20 19:55:00,6634.15,85.14,TRADE
VIC1,2026/06/20 20:00:00,6645.42,83.39,TRADE
VIC1,2026/06/20 20:05:00,6631.91,83.91,TRADE
VIC1,2026/06/20 20:10:00,6630.65,85.63,TRADE
VIC1,2026/06/20 20:15:00,6617.79,91.20,TRADE
VIC1,2026/06/20 20:20:00,6597.25,91.60,TRADE
VIC1,2026/06/20 20:25:00,6613.92,85.63,TRADE
VIC1,2026/06/20 20:30:00,6536.74,83.98,TRADE
VIC1,2026/06/20 20:35:00,6556.75,88.57,TRADE
VIC1,2026/06/20 20:40:00,6548.88,86.49,TRADE
VIC1,2026/06/20 20:45:00,6543.63,91.91,TRADE
VIC1,2026/06/20 20:50:00,6505.85,91.25,TRADE
VIC1,2026/06/20 20:55:00,6482.86,85.89,TRADE
VIC1,2026/06/20 21:00:00,6487.6,86.45,TRADE
VIC1,2026/06/20 21:05:00,6485.78,91.69,TRADE
VIC1,2026/06/20 21:10:00,6375.98,90.40,TRADE
VIC1,2026/06/20 21:15:00,6349.34,92.30,TRADE
VIC1,2026/06/20 21:20:00,6390.06,92.49,TRADE
VIC1,2026/06/20 21:25:00,6339.71,85.14,TRADE
VIC1,2026/06/20 21:30:00,6255.69,70.01,TRADE
VIC1,2026/06/20 21:35:00,6323.02,81.38,TRADE
VIC1,2026/06/20 21:40:00,6267.06,80.50,TRADE
VIC1,2026/06/20 21:45:00,6266.89,80.99,TRADE
VIC1,2026/06/20 21:50:00,6136.41,80.50,TRADE
VIC1,2026/06/20 21:55:00,6060.69,75.91,TRADE
VIC1,2026/06/20 22:00:00,6038.68,72.05,TRADE
VIC1,2026/06/20 22:05:00,6008.04,80.50,TRADE
VIC1,2026/06/20 22:10:00,6026.91,81.95,TRADE
VIC1,2026/06/20 22:15:00,5989.41,83.34,TRADE
VIC1,2026/06/20 22:20:00,5992.31,83.86,TRADE
VIC1,2026/06/20 22:25:00,5934.48,80.77,TRADE
VIC1,2026/06/20 22:30:00,5883.16,80.50,TRADE
VIC1,2026/06/20 22:35:00,5870.92,83.14,TRADE
VIC1,2026/06/20 22:40:00,5819.95,81.58,TRADE
VIC1,2026/06/20 22:45:00,5771.31,80.83,TRADE
VIC1,2026/06/20 22:50:00,5751.24,80.50,TRADE
VIC1,2026/06/20 22:55:00,5735.85,82.01,TRADE
VIC1,2026/06/20 23:00:00,5705.1,79.08,TRADE
VIC1,2026/06/20 23:05:00,5688.5,78.59,TRADE
VIC1,2026/06/20 23:10:00,5734.88,80.50,TRADE
VIC1,2026/06/20 23:15:00,5818.75,82.19,TRADE
VIC1,2026/06/20 23:20:00,5821.06,80.50,TRADE
VIC1,2026/06/20 23:25:00,5786.96,76.53,TRADE
VIC1,2026/06/20 23:30:00,5746.57,79.78,TRADE
VIC1,2026/06/20 23:35:00,5729.68,81.28,TRADE
VIC1,2026/06/20 23:40:00,5664.48,80.52,TRADE
VIC1,2026/06/20 23:45:00,5636.32,85.47,TRADE
VIC1,2026/06/20 23:50:00,5555.13,85.34,TRADE
VIC1,2026/06/20 23:55:00,5470.41,80.50,TRADE
VIC1,2026/06/21 00:00:00,5473.9,80.50,TRADE
VIC1,2026/06/21 00:05:00,5466.21,80.50,TRADE
VIC1,2026/06/21 00:10:00,5479.15,83.33,TRADE
VIC1,2026/06/21 00:15:00,5423.04,87.81,TRADE
VIC1,2026/06/21 00:20:00,5366.94,83.33,TRADE
VIC1,2026/06/21 00:25:00,5349.97,79.21,TRADE
VIC1,2026/06/21 00:30:00,5355.08,80.31,TRADE
VIC1,2026/06/21 00:35:00,5339.04,81.97,TRADE
VIC1,2026/06/21 00:40:00,5294.19,81.91,TRADE
VIC1,2026/06/21 00:45:00,5272.39,80.50,TRADE
VIC1,2026/06/21 00:50:00,5236.31,80.90,TRADE
VIC1,2026/06/21 00:55:00,5184.46,80.50,TRADE
VIC1,2026/06/21 01:00:00,5147.9,80.32,TRADE
VIC1,2026/06/21 01:05:00,5117.08,80.50,TRADE
VIC1,2026/06/21 01:10:00,5116.92,80.50,TRADE
VIC1,2026/06/21 01:15:00,5089.88,66.50,TRADE
VIC1,2026/06/21 01:20:00,5056.34,68.18,TRADE
VIC1,2026/06/21 01:25:00,5053.38,79.77,TRADE
VIC1,2026/06/21 01:30:00,5034.1,74.92,TRADE
VIC1,2026/06/21 01:35:00,5000.31,62.46,TRADE
VIC1,2026/06/21 01:40:00,4992.85,77.38,TRADE
VIC1,2026/06/21 01:45:00,4938.88,71.34,TRADE
VIC1,2026/06/21 01:50:00,4907.42,66.81,TRADE
VIC1,2026/06/21 01:55:00,4873.54,67,TRADE
VIC1,2026/06/21 02:00:00,4844.75,66.13,TRADE
VIC1,2026/06/21 02:05:00,4793.35,63.30,TRADE
VIC1,2026/06/21 02:10:00,4806.77,75.82,TRADE
VIC1,2026/06/21 02:15:00,4756.64,76.32,TRADE
VIC1,2026/06/21 02:20:00,4717.87,70.55,TRADE
VIC1,2026/06/21 02:25:00,4695.65,64.08,TRADE
VIC1,2026/06/21 02:30:00,4716.15,69.49,TRADE
VIC1,2026/06/21 02:35:00,4680.79,74.58,TRADE
VIC1,2026/06/21 02:40:00,4653.96,71.92,TRADE
VIC1,2026/06/21 02:45:00,4639.75,71.34,TRADE
VIC1,2026/06/21 02:50:00,4627.57,71.79,TRADE
VIC1,2026/06/21 02:55:00,4636.05,67.14,TRADE
VIC1,2026/06/21 03:00:00,4608.81,70.48,TRADE
VIC1,2026/06/21 03:05:00,4574.04,69.35,TRADE
VIC1,2026/06/21 03:10:00,4589.56,70.53,TRADE
VIC1,2026/06/21 03:15:00,4563.04,68.36,TRADE
VIC1,2026/06/21 03:20:00,4553.05,69.49,TRADE
VIC1,2026/06/21 03:25:00,4550.73,69.43,TRADE
VIC1,2026/06/21 03:30:00,4534.04,69.42,TRADE
VIC1,2026/06/21 03:35:00,4539.11,68.35,TRADE
VIC1,2026/06/21 03:40:00,4543.04,68.37,TRADE
VIC1,2026/06/21 03:45:00,4516.65,68.29,TRADE
VIC1,2026/06/21 03:50:00,4513.89,68.91,TRADE
VIC1,2026/06/21 03:55:00,4515.04,69.32,TRADE
VIC1,2026/06/21 04:00:00,4523.96,61.79,TRADE
VIC1,2026/06/21 04:05:00,4568.55,75.02,TRADE
VIC1,2026/06/21 04:10:00,4580.24,80.57,TRADE
VIC1,2026/06/21 04:15:00,4563.96,63.13,TRADE
VIC1,2026/06/21 04:20:00,4579,70.51,TRADE
VIC1,2026/06/21 04:25:00,4567.27,69.93,TRADE
VIC1,2026/06/21 04:30:00,4516.14,74.96,TRADE
VIC1,2026/06/21 04:35:00,4563.65,69.28,TRADE
VIC1,2026/06/21 04:40:00,4578.52,75.04,TRADE
VIC1,2026/06/21 04:45:00,4514.38,74.45,TRADE
VIC1,2026/06/21 04:50:00,4539.39,74.99,TRADE
VIC1,2026/06/21 04:55:00,4507.32,61.18,TRADE
VIC1,2026/06/21 05:00:00,4520.97,69.91,TRADE
VIC1,2026/06/21 05:05:00,4531.54,64.73,TRADE
VIC1,2026/06/21 05:10:00,4636.77,70.20,TRADE
VIC1,2026/06/21 05:15:00,4619.82,69.59,TRADE
VIC1,2026/06/21 05:20:00,4597.57,63.47,TRADE
VIC1,2026/06/21 05:25:00,4604.61,77.66,TRADE
VIC1,2026/06/21 05:30:00,4613.23,75.94,TRADE
VIC1,2026/06/21 05:35:00,4613.37,61.64,TRADE
VIC1,2026/06/21 05:40:00,4680.92,78.44,TRADE
VIC1,2026/06/21 05:45:00,4659.18,69.55,TRADE
VIC1,2026/06/21 05:50:00,4674.29,77.45,TRADE
VIC1,2026/06/21 05:55:00,4738.45,80.04,TRADE
VIC1,2026/06/21 06:00:00,4754.08,75.91,TRADE
VIC1,2026/06/21 06:05:00,4750.79,70.69,TRADE
VIC1,2026/06/21 06:10:00,4773.13,77.19,TRADE
VIC1,2026/06/21 06:15:00,4807.69,79.30,TRADE
VIC1,2026/06/21 06:20:00,4839.63,79.80,TRADE
VIC1,2026/06/21 06:25:00,4865.23,81.87,TRADE
VIC1,2026/06/21 06:30:00,4892.56,80.50,TRADE
VIC1,2026/06/21 06:35:00,4905.44,80.50,TRADE
VIC1,2026/06/21 06:40:00,4972.53,80.50,TRADE
VIC1,2026/06/21 06:45:00,4981.69,81.18,TRADE
VIC1,2026/06/21 06:50:00,5086.75,88.39,TRADE
VIC1,2026/06/21 06:55:00,5032.46,87.66,TRADE
VIC1,2026/06/21 07:00:00,5093.7,88.73,TRADE
VIC1,2026/06/21 07:05:00,5128.45,87.40,TRADE
VIC1,2026/06/21 07:10:00,5187.89,88.61,TRADE
VIC1,2026/06/21 07:15:00,5256.59,87.67,TRADE
VIC1,2026/06/21 07:20:00,5318,89.06,TRADE
VIC1,2026/06/21 07:25:00,5353.54,90.11,TRADE
VIC1,2026/06/21 07:30:00,5360.69,89.67,TRADE
VIC1,2026/06/21 07:35:00,5466.04,92.11,TRADE
VIC1,2026/06/21 07:40:00,5470.76,93.66,TRADE
VIC1,2026/06/21 07:45:00,5536.83,85.62,TRADE
VIC1,2026/06/21 07:50:00,5569.54,85.16,TRADE
VIC1,2026/06/21 07:55:00,5590.99,87.25,TRADE
VIC1,2026/06/21 08:00:00,5597.72,81.89,TRADE
VIC1,2026/06/21 08:05:00,5609.43,80.50,TRADE
VIC1,2026/06/21 08:10:00,5665.05,88.88,TRADE
VIC1,2026/06/21 08:15:00,5658.58,72.61,TRADE
VIC1,2026/06/21 08:20:00,5672.29,80.03,TRADE
VIC1,2026/06/21 08:25:00,5733.61,69.76,TRADE
VIC1,2026/06/21 08:30:00,5739.81,65.06,TRADE
VIC1,2026/06/21 08:35:00,5651.78,77.51,TRADE
VIC1,2026/06/21 08:40:00,5687.65,67.83,TRADE
VIC1,2026/06/21 08:45:00,5659.85,72.52,TRADE
VIC1,2026/06/21 08:50:00,5598.2,67.29,TRADE
VIC1,2026/06/21 08:55:00,5632.23,65.48,TRADE
VIC1,2026/06/21 09:00:00,5610.79,58.67,TRADE
VIC1,2026/06/21 09:05:00,5543.44,69.46,TRADE
VIC1,2026/06/21 09:10:00,5528.39,67.84,TRADE
VIC1,2026/06/21 09:15:00,5549.42,73.75,TRADE
VIC1,2026/06/21 09:20:00,5514.56,72.52,TRADE
VIC1,2026/06/21 09:25:00,5413.81,56.65,TRADE
VIC1,2026/06/21 09:30:00,5480.25,66.54,TRADE
VIC1,2026/06/21 09:35:00,5357.32,65.56,TRADE
VIC1,2026/06/21 09:40:00,5307.08,68.03,TRADE
VIC1,2026/06/21 09:45:00,5241.39,65.48,TRADE
VIC1,2026/06/21 09:50:00,5168.58,71.40,TRADE
VIC1,2026/06/21 09:55:00,5200.85,65.73,TRADE
VIC1,2026/06/21 10:00:00,5119.62,58.67,TRADE
VIC1,2026/06/21 10:05:00,5076.24,67.10,TRADE
VIC1,2026/06/21 10:10:00,5122.42,65.57,TRADE
VIC1,2026/06/21 10:15:00,5050.44,58.64,TRADE
VIC1,2026/06/21 10:20:00,4957.57,57.32,TRADE
VIC1,2026/06/21 10:25:00,4908.3,65.83,TRADE
VIC1,2026/06/21 10:30:00,4961.54,65.88,TRADE
VIC1,2026/06/21 10:35:00,4909.9,53.13,TRADE
VIC1,2026/06/21 10:40:00,4905.91,59.25,TRADE
VIC1,2026/06/21 10:45:00,4825.56,57.05,TRADE
VIC1,2026/06/21 10:50:00,4717.14,54.24,TRADE
VIC1,2026/06/21 10:55:00,4651.1,55.33,TRADE
VIC1,2026/06/21 11:00:00,4677.95,65.64,TRADE
VIC1,2026/06/21 11:05:00,4571.9,65.28,TRADE
VIC1,2026/06/21 11:10:00,4784.54,57.03,TRADE
VIC1,2026/06/21 11:15:00,4735.74,65.11,TRADE
VIC1,2026/06/21 11:20:00,4740.19,58.37,TRADE
VIC1,2026/06/21 11:25:00,4735.56,58.22,TRADE
VIC1,2026/06/21 11:30:00,4613.95,58.27,TRADE
VIC1,2026/06/21 11:35:00,4641.55,65.07,TRADE
VIC1,2026/06/21 11:40:00,4649.75,65.28,TRADE
VIC1,2026/06/21 11:45:00,4585.45,58.77,TRADE
VIC1,2026/06/21 11:50:00,4551.72,57.30,TRADE
VIC1,2026/06/21 11:55:00,4604.5,57.66,TRADE
VIC1,2026/06/21 12:00:00,4611,38.18,TRADE
VIC1,2026/06/21 12:05:00,4539.88,41.60,TRADE
VIC1,2026/06/21 12:10:00,4539.47,56.33,TRADE
VIC1,2026/06/21 12:15:00,4538.67,55.52,TRADE
VIC1,2026/06/21 12:20:00,4620.71,40.57,TRADE
VIC1,2026/06/21 12:25:00,4663.59,45.02,TRADE
VIC1,2026/06/21 12:30:00,4597.04,53.21,TRADE
VIC1,2026/06/21 12:35:00,4652.82,56.88,TRADE
VIC1,2026/06/21 12:40:00,4714.43,53.21,TRADE
VIC1,2026/06/21 12:45:00,4715.91,56.48,TRADE
VIC1,2026/06/21 12:50:00,4733.17,39.40,TRADE
VIC1,2026/06/21 12:55:00,4681.92,55.56,TRADE
VIC1,2026/06/21 13:00:00,4712.59,54.43,TRADE
VIC1,2026/06/21 13:05:00,4691.82,56.02,TRADE
VIC1,2026/06/21 13:10:00,4697.39,56.46,TRADE
VIC1,2026/06/21 13:15:00,4747.22,42.63,TRADE
VIC1,2026/06/21 13:20:00,4778.05,57.06,TRADE
VIC1,2026/06/21 13:25:00,4810.14,57.53,TRADE
VIC1,2026/06/21 13:30:00,4787.99,53.21,TRADE
VIC1,2026/06/21 13:35:00,4809.45,50.28,TRADE
VIC1,2026/06/21 13:40:00,4852.68,53.21,TRADE
VIC1,2026/06/21 13:45:00,4905.62,53.21,TRADE
VIC1,2026/06/21 13:50:00,4932.98,53.21,TRADE
VIC1,2026/06/21 13:55:00,4964.62,56.97,TRADE
VIC1,2026/06/21 14:00:00,4974.39,73.45,TRADE
VIC1,2026/06/21 14:05:00,4983.81,80.50,TRADE
VIC1,2026/06/21 14:10:00,4922.43,62.08,TRADE
VIC1,2026/06/21 14:15:00,4927.87,69.42,TRADE
VIC1,2026/06/21 14:20:00,4983.81,62.24,TRADE
VIC1,2026/06/21 14:25:00,5018.87,63.37,TRADE
VIC1,2026/06/21 14:30:00,5035.07,71.05,TRADE
VIC1,2026/06/21 14:35:00,5019.78,53.21,TRADE
VIC1,2026/06/21 14:40:00,5027.51,72.50,TRADE
VIC1,2026/06/21 14:45:00,5103.13,75.13,TRADE
VIC1,2026/06/21 14:50:00,5131.24,56.13,TRADE
VIC1,2026/06/21 14:55:00,5149.42,64.92,TRADE
VIC1,2026/06/21 15:00:00,5191.66,61.67,TRADE
VIC1,2026/06/21 15:05:00,5221.98,52.59,TRADE
VIC1,2026/06/21 15:10:00,5277.75,55.68,TRADE
VIC1,2026/06/21 15:15:00,5341.72,63.84,TRADE
VIC1,2026/06/21 15:20:00,5381.95,62.41,TRADE
VIC1,2026/06/21 15:25:00,5388.57,81.40,TRADE
VIC1,2026/06/21 15:30:00,5418.9,77.72,TRADE
VIC1,2026/06/21 15:35:00,5448.5,64.51,TRADE
VIC1,2026/06/21 15:40:00,5537.28,72.19,TRADE
VIC1,2026/06/21 15:45:00,5611.48,61.58,TRADE
VIC1,2026/06/21 15:50:00,5625.3,68.21,TRADE
VIC1,2026/06/21 15:55:00,5660.57,68.15,TRADE
VIC1,2026/06/21 16:00:00,5717.04,80.50,TRADE
VIC1,2026/06/21 16:05:00,5801.13,61.48,TRADE
VIC1,2026/06/21 16:10:00,5842.48,87.15,TRADE
VIC1,2026/06/21 16:15:00,5927.63,110.50,TRADE
VIC1,2026/06/21 16:20:00,6077.6,110.50,TRADE
VIC1,2026/06/21 16:25:00,6121.71,93.36,TRADE
VIC1,2026/06/21 16:30:00,6181.87,129.70,TRADE
VIC1,2026/06/21 16:35:00,6248.94,110.68,TRADE
VIC1,2026/06/21 16:40:00,6327.96,94.34,TRADE
VIC1,2026/06/21 16:45:00,6394.96,110.50,TRADE
VIC1,2026/06/21 16:50:00,6505.88,110.50,TRADE
VIC1,2026/06/21 16:55:00,6524.49,110.81,TRADE
VIC1,2026/06/21 17:00:00,6624.88,146.44,TRADE
VIC1,2026/06/21 17:05:00,6693.96,110.81,TRADE
VIC1,2026/06/21 17:10:00,6769.33,114.16,TRADE
VIC1,2026/06/21 17:15:00,6796.14,110.81,TRADE
VIC1,2026/06/21 17:20:00,6842.59,110.81,TRADE
VIC1,2026/06/21 17:25:00,6946.95,115,TRADE
VIC1,2026/06/21 17:30:00,7025.24,131.46,TRADE
VIC1,2026/06/21 17:35:00,7083.18,123.10,TRADE
VIC1,2026/06/21 17:40:00,7120.49,110.81,TRADE
VIC1,2026/06/21 17:45:00,7147.29,125.24,TRADE
VIC1,2026/06/21 17:50:00,7204.27,125.64,TRADE
VIC1,2026/06/21 17:55:00,7209.05,139.13,TRADE
VIC1,2026/06/21 18:00:00,7236.05,177.12,TRADE
VIC1,2026/06/21 18:05:00,7247.97,116.81,TRADE
VIC1,2026/06/21 18:10:00,7233.81,122.70,TRADE
VIC1,2026/06/21 18:15:00,7213.32,146.23,TRADE
VIC1,2026/06/21 18:20:00,7239.83,131.30,TRADE
VIC1,2026/06/21 18:25:00,7320.54,145.15,TRADE
VIC1,2026/06/21 18:30:00,7207.95,115,TRADE
VIC1,2026/06/21 18:35:00,7209.49,131.51,TRADE
VIC1,2026/06/21 18:40:00,7253.2,129.41,TRADE
VIC1,2026/06/21 18:45:00,7217.04,110.81,TRADE
VIC1,2026/06/21 18:50:00,7263.99,130.70,TRADE
VIC1,2026/06/21 18:55:00,7174.47,110.81,TRADE
VIC1,2026/06/21 19:00:00,7219.58,111.82,TRADE
VIC1,2026/06/21 19:05:00,7171.71,129.78,TRADE
VIC1,2026/06/21 19:10:00,7121.21,127.64,TRADE
VIC1,2026/06/21 19:15:00,7149.1,169.69,TRADE
VIC1,2026/06/21 19:20:00,7126.86,115,TRADE
VIC1,2026/06/21 19:25:00,7061.67,177.12,TRADE
VIC1,2026/06/21 19:30:00,7091.77,135.89,TRADE
VIC1,2026/06/21 19:35:00,7123.68,109.98,TRADE
VIC1,2026/06/21 19:40:00,7091.65,115,TRADE
VIC1,2026/06/21 19:45:00,6981.65,110.81,TRADE
VIC1,2026/06/21 19:50:00,7081.42,115,TRADE
VIC1,2026/06/21 19:55:00,6981.26,115,TRADE
VIC1,2026/06/21 20:00:00,7023.23,168.66,TRADE
VIC1,2026/06/21 20:05:00,6883.23,131.73,TRADE
VIC1,2026/06/21 20:10:00,6915.46,107.50,TRADE
VIC1,2026/06/21 20:15:00,6862.55,121.35,TRADE
VIC1,2026/06/21 20:20:00,6925.34,136.72,TRADE
VIC1,2026/06/21 20:25:00,6907.25,151.23,TRADE
VIC1,2026/06/21 20:30:00,6879.55,139.88,TRADE
VIC1,2026/06/21 20:35:00,6890.34,127.97,TRADE
VIC1,2026/06/21 20:40:00,6876.11,129.90,TRADE
VIC1,2026/06/21 20:45:00,6828.94,137.20,TRADE
VIC1,2026/06/21 20:50:00,6728.94,94.22,TRADE
VIC1,2026/06/21 20:55:00,6738.21,112.47,TRADE
VIC1,2026/06/21 21:00:00,6742.08,120.70,TRADE
VIC1,2026/06/21 21:05:00,6610.57,110.50,TRADE
VIC1,2026/06/21 21:10:00,6710.5,117.07,TRADE
VIC1,2026/06/21 21:15:00,6685.33,110.50,TRADE
VIC1,2026/06/21 21:20:00,6638.25,110.50,TRADE
VIC1,2026/06/21 21:25:00,6603.26,110.50,TRADE
VIC1,2026/06/21 21:30:00,6513.69,110.50,TRADE
VIC1,2026/06/21 21:35:00,6462.87,110.50,TRADE
VIC1,2026/06/21 21:40:00,6522.62,114.16,TRADE
VIC1,2026/06/21 21:45:00,6493.1,114.32,TRADE
VIC1,2026/06/21 21:50:00,6401.96,110.50,TRADE
VIC1,2026/06/21 21:55:00,6308.26,86.30,TRADE
VIC1,2026/06/21 22:00:00,6329.64,110.50,TRADE
VIC1,2026/06/21 22:05:00,6222.86,91.35,TRADE
VIC1,2026/06/21 22:10:00,6127.75,110.67,TRADE
VIC1,2026/06/21 22:15:00,6094.14,104.62,TRADE
VIC1,2026/06/21 22:20:00,6127.71,108.08,TRADE
VIC1,2026/06/21 22:25:00,6088.8,97.81,TRADE
VIC1,2026/06/21 22:30:00,6054.25,106.81,TRADE
VIC1,2026/06/21 22:35:00,6034.73,89.37,TRADE
VIC1,2026/06/21 22:40:00,5991.14,106.77,TRADE
VIC1,2026/06/21 22:45:00,5944.82,95.91,TRADE
VIC1,2026/06/21 22:50:00,5895.58,110.50,TRADE
VIC1,2026/06/21 22:55:00,5816.41,105.80,TRADE
VIC1,2026/06/21 23:00:00,5850.23,108.08,TRADE
VIC1,2026/06/21 23:05:00,5785.24,108.13,TRADE
VIC1,2026/06/21 23:10:00,5857.17,119.47,TRADE
VIC1,2026/06/21 23:15:00,5986.02,114.78,TRADE
VIC1,2026/06/21 23:20:00,5965.5,125.54,TRADE
VIC1,2026/06/21 23:25:00,5939.27,125.54,TRADE
VIC1,2026/06/21 23:30:00,5822.34,125.54,TRADE
VIC1,2026/06/21 23:35:00,5807.34,103.98,TRADE
VIC1,2026/06/21 23:40:00,5769.91,111.73,TRADE
VIC1,2026/06/21 23:45:00,5812.23,113.64,TRADE
VIC1,2026/06/21 23:50:00,5680.16,102.96,TRADE
VIC1,2026/06/21 23:55:00,5653.09,103.47,TRADE
VIC1,2026/06/22 00:00:00,5637.96,103.25,TRADE
VIC1,2026/06/22 00:05:00,5641.85,94.70,TRADE
VIC1,2026/06/22 00:10:00,5698.12,108.78,TRADE
VIC1,2026/06/22 00:15:00,5713.36,109.73,TRADE
VIC1,2026/06/22 00:20:00,5590.12,108.25,TRADE
VIC1,2026/06/22 00:25:00,5639.45,98.43,TRADE
VIC1,2026/06/22 00:30:00,5617.48,93.95,TRADE
VIC1,2026/06/22 00:35:00,5597.74,99.96,TRADE
VIC1,2026/06/22 00:40:00,5466.1,85.59,TRADE
VIC1,2026/06/22 00:45:00,5471.32,98.11,TRADE
VIC1,2026/06/22 00:50:00,5416.17,95.37,TRADE
VIC1,2026/06/22 00:55:00,5405.47,88.28,TRADE
VIC1,2026/06/22 01:00:00,5409.41,80.50,TRADE
VIC1,2026/06/22 01:05:00,5423.44,96.78,TRADE
VIC1,2026/06/22 01:10:00,5408.87,94,TRADE
VIC1,2026/06/22 01:15:00,5380.45,92.12,TRADE
VIC1,2026/06/22 01:20:00,5356.6,85.97,TRADE
VIC1,2026/06/22 01:25:00,5342.53,84.88,TRADE
VIC1,2026/06/22 01:30:00,5304.73,94.09,TRADE
VIC1,2026/06/22 01:35:00,5215.24,80.50,TRADE
VIC1,2026/06/22 01:40:00,5247.91,94.65,TRADE
VIC1,2026/06/22 01:45:00,5190.48,83.72,TRADE
VIC1,2026/06/22 01:50:00,5177.29,88.86,TRADE
VIC1,2026/06/22 01:55:00,5136.23,91.73,TRADE
VIC1,2026/06/22 02:00:00,5104.04,93.03,TRADE
VIC1,2026/06/22 02:05:00,5124.14,105.42,TRADE
VIC1,2026/06/22 02:10:00,5107.03,96.64,TRADE
VIC1,2026/06/22 02:15:00,5018.35,87.36,TRADE
VIC1,2026/06/22 02:20:00,5087.92,102.12,TRADE
VIC1,2026/06/22 02:25:00,4975.26,90.10,TRADE
VIC1,2026/06/22 02:30:00,5046.49,87.95,TRADE
VIC1,2026/06/22 02:35:00,4966.19,93.15,TRADE
VIC1,2026/06/22 02:40:00,5007.21,103.73,TRADE
VIC1,2026/06/22 02:45:00,5032.55,99.51,TRADE
VIC1,2026/06/22 02:50:00,5024.55,97.34,TRADE
VIC1,2026/06/22 02:55:00,5003.82,104.21,TRADE
VIC1,2026/06/22 03:00:00,4912.37,96.62,TRADE
VIC1,2026/06/22 03:05:00,4914.01,86.43,TRADE
VIC1,2026/06/22 03:10:00,4994.69,105.23,TRADE
VIC1,2026/06/22 03:15:00,4978.58,105.42,TRADE
VIC1,2026/06/22 03:20:00,4954.02,100.30,TRADE
VIC1,2026/06/22 03:25:00,4977.39,99.05,TRADE
VIC1,2026/06/22 03:30:00,4966.19,105.61,TRADE
VIC1,2026/06/22 03:35:00,4957.65,105.11,TRADE
VIC1,2026/06/22 03:40:00,4889.15,106.86,TRADE
VIC1,2026/06/22 03:45:00,4942.45,99.53,TRADE
VIC1,2026/06/22 03:50:00,4933.44,86.33,TRADE
VIC1,2026/06/22 03:55:00,4970.63,99.33,TRADE
VIC1,2026/06/22 04:00:00,4933.64,88.49,TRADE
VIC1,2026/06/22 04:05:00,4902.27,91.91,TRADE
VIC1,2026/06/22 04:10:00,5018.11,101.84,TRADE
VIC1,2026/06/22 04:15:00,5019.78,97.91,TRADE
VIC1,2026/06/22 04:20:00,5013.01,93.06,TRADE
VIC1,2026/06/22 04:25:00,4993.09,110.50,TRADE
VIC1,2026/06/22 04:30:00,4985.26,90.96,TRADE
VIC1,2026/06/22 04:35:00,5060.55,96.48,TRADE
VIC1,2026/06/22 04:40:00,5085.79,97.15,TRADE
VIC1,2026/06/22 04:45:00,5095.08,97.23,TRADE
VIC1,2026/06/22 04:50:00,5110.56,96.05,TRADE
VIC1,2026/06/22 04:55:00,5154.11,110.50,TRADE
VIC1,2026/06/22 05:00:00,5167.94,96.04,TRADE
VIC1,2026/06/22 05:05:00,5218.86,97.28,TRADE
VIC1,2026/06/22 05:10:00,5243.55,95.99,TRADE
VIC1,2026/06/22 05:15:00,5378.2,100.42,TRADE
VIC1,2026/06/22 05:20:00,5330.21,98.91,TRADE
VIC1,2026/06/22 05:25:00,5400.79,110.50,TRADE
VIC1,2026/06/22 05:30:00,5483.09,109.19,TRADE
VIC1,2026/06/22 05:35:00,5455.91,98.93,TRADE
VIC1,2026/06/22 05:40:00,5611.98,110.50,TRADE
VIC1,2026/06/22 05:45:00,5673.35,110.50,TRADE
VIC1,2026/06/22 05:50:00,5715.49,101.04,TRADE
VIC1,2026/06/22 05:55:00,5717.86,110.55,TRADE
VIC1,2026/06/22 06:00:00,5805.96,110.50,TRADE
VIC1,2026/06/22 06:05:00,5850.06,102,TRADE
VIC1,2026/06/22 06:10:00,6104.88,114.87,TRADE
VIC1,2026/06/22 06:15:00,6193.57,118.39,TRADE
VIC1,2026/06/22 06:20:00,6227.21,120.58,TRADE
VIC1,2026/06/22 06:25:00,6383.87,146.23,TRADE
VIC1,2026/06/22 06:30:00,6473.47,159.27,TRADE
VIC1,2026/06/22 06:35:00,6563.66,123.60,TRADE
VIC1,2026/06/22 06:40:00,6722.52,180.49,TRADE
VIC1,2026/06/22 06:45:00,6745.63,189.92,TRADE
VIC1,2026/06/22 06:50:00,6830.8,289.68,TRADE
VIC1,2026/06/22 06:55:00,6902.87,191.40,TRADE
VIC1,2026/06/22 07:00:00,7032.51,191.40,TRADE
VIC1,2026/06/22 07:05:00,7165.87,229.69,TRADE
VIC1,2026/06/22 07:10:00,7248.02,229.69,TRADE
VIC1,2026/06/22 07:15:00,7455.85,191.40,TRADE
VIC1,2026/06/22 07:20:00,7584.38,189.69,TRADE
VIC1,2026/06/22 07:25:00,7647.02,189.95,TRADE
VIC1,2026/06/22 07:30:00,7746.69,191.40,TRADE
VIC1,2026/06/22 07:35:00,7702.36,229.69,TRADE
VIC1,2026/06/22 07:40:00,7498.51,189.69,TRADE
VIC1,2026/06/22 07:45:00,7645.55,200,TRADE
VIC1,2026/06/22 07:50:00,7706.48,289.68,TRADE
VIC1,2026/06/22 07:55:00,7665.03,229.69,TRADE
VIC1,2026/06/22 08:00:00,7679.49,289.68,TRADE
VIC1,2026/06/22 08:05:00,7675.25,191.40,TRADE
VIC1,2026/06/22 08:10:00,7713.36,297.69,TRADE
VIC1,2026/06/22 08:15:00,7718.92,289.68,TRADE
VIC1,2026/06/22 08:20:00,7823.24,289.68,TRADE
VIC1,2026/06/22 08:25:00,7737.01,229.69,TRADE
VIC1,2026/06/22 08:30:00,7708.96,229.69,TRADE
VIC1,2026/06/22 08:35:00,7936.37,299.45,TRADE
VIC1,2026/06/22 08:40:00,7866.74,297.69,TRADE
VIC1,2026/06/22 08:45:00,7878.2,297.69,TRADE
VIC1,2026/06/22 08:50:00,7831.25,297.69,TRADE
VIC1,2026/06/22 08:55:00,7814.39,297.69,TRADE
VIC1,2026/06/22 09:00:00,7839.7,297.69,TRADE
VIC1,2026/06/22 09:05:00,7684.72,293.19,TRADE
VIC1,2026/06/22 09:10:00,7779.15,291.88,TRADE
VIC1,2026/06/22 09:15:00,7755.8,274.47,TRADE
VIC1,2026/06/22 09:20:00,7746.51,282.99,TRADE
VIC1,2026/06/22 09:25:00,7648.93,229.69,TRADE
VIC1,2026/06/22 09:30:00,7643.89,255.66,TRADE
VIC1,2026/06/22 09:35:00,7567.83,289.68,TRADE
VIC1,2026/06/22 09:40:00,7490.06,283.13,TRADE
VIC1,2026/06/22 09:45:00,7426.34,241.96,TRADE
VIC1,2026/06/22 09:50:00,7492.15,229.69,TRADE
VIC1,2026/06/22 09:55:00,7396.4,189.69,TRADE
VIC1,2026/06/22 10:00:00,7316.28,167.25,TRADE
VIC1,2026/06/22 10:05:00,7305.32,288.85,TRADE
VIC1,2026/06/22 10:10:00,7244.86,297.69,TRADE
VIC1,2026/06/22 10:15:00,7156.17,296.67,TRADE
VIC1,2026/06/22 10:20:00,7112.98,290.21,TRADE
VIC1,2026/06/22 10:25:00,7049.45,239.99,TRADE
VIC1,2026/06/22 10:30:00,6980.78,229.69,TRADE
VIC1,2026/06/22 10:35:00,6908.81,209.93,TRADE
VIC1,2026/06/22 10:40:00,6909.83,259.98,TRADE
VIC1,2026/06/22 10:45:00,6863.93,251.05,TRADE
VIC1,2026/06/22 10:50:00,6783.22,193.13,TRADE
VIC1,2026/06/22 10:55:00,6736.41,209.30,TRADE
VIC1,2026/06/22 11:00:00,6688.09,258.32,TRADE
VIC1,2026/06/22 11:05:00,6632.58,183.58,TRADE
VIC1,2026/06/22 11:10:00,6546.18,198.12,TRADE
VIC1,2026/06/22 11:15:00,6568.47,208.56,TRADE
VIC1,2026/06/22 11:20:00,6609.9,241.96,TRADE
VIC1,2026/06/22 11:25:00,6630.81,249.18,TRADE
VIC1,2026/06/22 11:30:00,6606.24,241.96,TRADE
VIC1,2026/06/22 11:35:00,6527.5,292.40,TRADE
VIC1,2026/06/22 11:40:00,6600.38,195.75,TRADE
VIC1,2026/06/22 11:45:00,6554.92,259.98,TRADE
VIC1,2026/06/22 11:50:00,6673.66,292.40,TRADE
VIC1,2026/06/22 11:55:00,6702.54,291.97,TRADE
VIC1,2026/06/22 12:00:00,6729.11,298,TRADE
VIC1,2026/06/22 12:05:00,6561.35,254.11,TRADE
VIC1,2026/06/22 12:10:00,6689.87,298,TRADE
VIC1,2026/06/22 12:15:00,6632.83,301.20,TRADE
VIC1,2026/06/22 12:20:00,6593.98,301.20,TRADE
VIC1,2026/06/22 12:25:00,6635.08,307.72,TRADE
VIC1,2026/06/22 12:30:00,6629.35,301.20,TRADE
VIC1,2026/06/22 12:35:00,6599.3,293.91,TRADE
VIC1,2026/06/22 12:40:00,6524.23,226.87,TRADE
VIC1,2026/06/22 12:45:00,6476.63,279.84,TRADE
VIC1,2026/06/22 12:50:00,6468.32,181.67,TRADE
VIC1,2026/06/22 12:55:00,6462.56,191.34,TRADE
VIC1,2026/06/22 13:00:00,6338.6,181.67,TRADE
VIC1,2026/06/22 13:05:00,6438.43,276.89,TRADE
VIC1,2026/06/22 13:10:00,6406.76,272.92,TRADE
VIC1,2026/06/22 13:15:00,6309.06,181.67,TRADE
VIC1,2026/06/22 13:20:00,6339.31,280.35,TRADE
VIC1,2026/06/22 13:25:00,6305.05,276.19,TRADE
VIC1,2026/06/22 13:30:00,6281.7,277.38,TRADE
VIC1,2026/06/22 13:35:00,6132.17,181.67,TRADE
VIC1,2026/06/22 13:40:00,6137.31,181.67,TRADE
VIC1,2026/06/22 13:45:00,6098.58,181.67,TRADE
VIC1,2026/06/22 13:50:00,6192.08,181.67,TRADE
VIC1,2026/06/22 13:55:00,6138.73,181.47,TRADE
VIC1,2026/06/22 14:00:00,6076.41,180.67,TRADE
VIC1,2026/06/22 14:05:00,6111.84,181.67,TRADE
VIC1,2026/06/22 14:10:00,6025.46,183.35,TRADE
VIC1,2026/06/22 14:15:00,6059.04,180.67,TRADE
VIC1,2026/06/22 14:20:00,6055.21,181.67,TRADE
VIC1,2026/06/22 14:25:00,5955.38,170.11,TRADE
VIC1,2026/06/22 14:30:00,6014.39,200,TRADE
VIC1,2026/06/22 14:35:00,5997.83,241.96,TRADE
VIC1,2026/06/22 14:40:00,6118.33,241.96,TRADE
VIC1,2026/06/22 14:45:00,6153.77,300.29,TRADE
VIC1,2026/06/22 14:50:00,6251.39,300.29,TRADE
VIC1,2026/06/22 14:55:00,6288.37,299.89,TRADE
VIC1,2026/06/22 15:00:00,6310.35,300.29,TRADE
VIC1,2026/06/22 15:05:00,6370.38,181.67,TRADE
VIC1,2026/06/22 15:10:00,6405.95,181.67,TRADE
VIC1,2026/06/22 15:15:00,6421.56,292.40,TRADE
VIC1,2026/06/22 15:20:00,6474.35,301.20,TRADE
VIC1,2026/06/22 15:25:00,6375.04,299.89,TRADE
VIC1,2026/06/22 15:30:00,6429.38,300.29,TRADE
VIC1,2026/06/22 15:35:00,6546.68,241.96,TRADE
VIC1,2026/06/22 15:40:00,6570.51,292.40,TRADE
VIC1,2026/06/22 15:45:00,6606.27,301.20,TRADE
VIC1,2026/06/22 15:50:00,6629.07,301.20,TRADE
VIC1,2026/06/22 15:55:00,6719.18,301.20,TRADE
VIC1,2026/06/22 16:00:00,6825.08,449.96,TRADE
VIC1,2026/06/22 16:05:00,6862.9,299.45,TRADE
VIC1,2026/06/22 16:10:00,6956.13,292.40,TRADE
VIC1,2026/06/22 16:15:00,6899.81,180.67,TRADE
VIC1,2026/06/22 16:20:00,7024.72,266.96,TRADE
VIC1,2026/06/22 16:25:00,7140.78,298,TRADE
VIC1,2026/06/22 16:30:00,7209.7,298,TRADE
VIC1,2026/06/22 16:35:00,7220.47,189.68,TRADE
VIC1,2026/06/22 16:40:00,7413.11,191.40,TRADE
VIC1,2026/06/22 16:45:00,7498.35,191.40,TRADE
VIC1,2026/06/22 16:50:00,7565.04,191.40,TRADE
VIC1,2026/06/22 16:55:00,7663.67,300.72,TRADE
VIC1,2026/06/22 17:00:00,7559.32,259.58,TRADE
VIC1,2026/06/22 17:05:00,7660.84,191.40,TRADE
VIC1,2026/06/22 17:10:00,7787.66,284.53,TRADE
VIC1,2026/06/22 17:15:00,7764.3,297.69,TRADE
VIC1,2026/06/22 17:20:00,7807.33,250.89,TRADE
VIC1,2026/06/22 17:25:00,7978.25,284.12,TRADE
VIC1,2026/06/22 17:30:00,8046.83,284.12,TRADE
VIC1,2026/06/22 17:35:00,8085.69,191.40,TRADE
VIC1,2026/06/22 17:40:00,8225.53,276.69,TRADE
VIC1,2026/06/22 17:45:00,8130.7,191.40,TRADE
VIC1,2026/06/22 17:50:00,8285.15,284.12,TRADE
VIC1,2026/06/22 17:55:00,8299.38,284.12,TRADE
VIC1,2026/06/22 18:00:00,8268.59,229.69,TRADE
VIC1,2026/06/22 18:05:00,8332.05,229.69,TRADE
VIC1,2026/06/22 18:10:00,8280.1,191.40,TRADE
VIC1,2026/06/22 18:15:00,8320.05,191.40,TRADE
VIC1,2026/06/22 18:20:00,8233.81,189.69,TRADE
VIC1,2026/06/22 18:25:00,8267.97,229.69,TRADE
VIC1,2026/06/22 18:30:00,8267.66,284.12,TRADE
VIC1,2026/06/22 18:35:00,8324.35,284.12,TRADE
VIC1,2026/06/22 18:40:00,8205.6,191.40,TRADE
VIC1,2026/06/22 18:45:00,8290.59,229.69,TRADE
VIC1,2026/06/22 18:50:00,8254.33,191.40,TRADE
VIC1,2026/06/22 18:55:00,8281.81,189.69,TRADE
VIC1,2026/06/22 19:00:00,8189.8,189.69,TRADE
VIC1,2026/06/22 19:05:00,8210.63,189.69,TRADE
VIC1,2026/06/22 19:10:00,8062.76,135.80,TRADE
VIC1,2026/06/22 19:15:00,8059.84,191.40,TRADE
VIC1,2026/06/22 19:20:00,8104.54,229.69,TRADE
VIC1,2026/06/22 19:25:00,8108.1,191.40,TRADE
VIC1,2026/06/22 19:30:00,8041.91,189.68,TRADE
VIC1,2026/06/22 19:35:00,8033.06,191.40,TRADE
VIC1,2026/06/22 19:40:00,8002.83,189.69,TRADE
VIC1,2026/06/22 19:45:00,7977,189.69,TRADE
VIC1,2026/06/22 19:50:00,7858.54,148.58,TRADE
VIC1,2026/06/22 19:55:00,7815.02,133.31,TRADE
VIC1,2026/06/22 20:00:00,7885.68,151.33,TRADE
VIC1,2026/06/22 20:05:00,7841.65,133.57,TRADE
VIC1,2026/06/22 20:10:00,7753.02,123.63,TRADE
VIC1,2026/06/22 20:15:00,7737.6,115.71,TRADE
VIC1,2026/06/22 20:20:00,7740.29,134.21,TRADE
VIC1,2026/06/22 20:25:00,7627.94,123.24,TRADE
VIC1,2026/06/22 20:30:00,7597.12,116.04,TRADE
VIC1,2026/06/22 20:35:00,7531.06,110.81,TRADE
VIC1,2026/06/22 20:40:00,7518.06,150.33,TRADE
VIC1,2026/06/22 20:45:00,7489.59,155.09,TRADE
VIC1,2026/06/22 20:50:00,7484.35,154.17,TRADE
VIC1,2026/06/22 20:55:00,7424.04,151.62,TRADE
VIC1,2026/06/22 21:00:00,7434.8,151.10,TRADE
VIC1,2026/06/22 21:05:00,7289.74,150.32,TRADE
VIC1,2026/06/22 21:10:00,7263.7,149.96,TRADE
VIC1,2026/06/22 21:15:00,7200.63,137.96,TRADE
VIC1,2026/06/22 21:20:00,7223.37,149.76,TRADE
VIC1,2026/06/22 21:25:00,7191.73,149.50,TRADE
VIC1,2026/06/22 21:30:00,7136.23,132.70,TRADE
VIC1,2026/06/22 21:35:00,7107.53,120.59,TRADE
VIC1,2026/06/22 21:40:00,7012.12,132.91,TRADE
VIC1,2026/06/22 21:45:00,7006,133.23,TRADE
VIC1,2026/06/22 21:50:00,6859.45,123.24,TRADE
VIC1,2026/06/22 21:55:00,6749.81,94.45,TRADE
VIC1,2026/06/22 22:00:00,6760.65,96.03,TRADE
VIC1,2026/06/22 22:05:00,6708.88,113.29,TRADE
VIC1,2026/06/22 22:10:00,6632.71,110.50,TRADE
VIC1,2026/06/22 22:15:00,6638.87,110.50,TRADE
VIC1,2026/06/22 22:20:00,6534.29,106.98,TRADE
VIC1,2026/06/22 22:25:00,6486.78,114.67,TRADE
VIC1,2026/06/22 22:30:00,6368.14,95.45,TRADE
VIC1,2026/06/22 22:35:00,6284.81,93.70,TRADE
VIC1,2026/06/22 22:40:00,6329,110.50,TRADE
VIC1,2026/06/22 22:45:00,6213.71,110.50,TRADE
VIC1,2026/06/22 22:50:00,6257.96,110.50,TRADE
VIC1,2026/06/22 22:55:00,6171.88,89.32,TRADE
VIC1,2026/06/22 23:00:00,6146.98,115.43,TRADE
VIC1,2026/06/22 23:05:00,6111.53,90.67,TRADE
VIC1,2026/06/22 23:10:00,6198.08,120.50,TRADE
VIC1,2026/06/22 23:15:00,6228.13,98.74,TRADE
VIC1,2026/06/22 23:20:00,6180.39,89.25,TRADE
VIC1,2026/06/22 23:25:00,6192.16,91.19,TRADE
VIC1,2026/06/22 23:30:00,6200.1,115.73,TRADE
VIC1,2026/06/22 23:35:00,6114.27,92.53,TRADE
VIC1,2026/06/22 23:40:00,6061.43,84.35,TRADE
VIC1,2026/06/22 23:45:00,6001.14,84.70,TRADE
VIC1,2026/06/22 23:50:00,5988.84,98.07,TRADE
VIC1,2026/06/22 23:55:00,5867.94,90,TRADE
VIC1,2026/06/23 00:00:00,5830.89,87.91,TRADE
VIC1,2026/06/23 00:05:00,5918.46,92.37,TRADE
VIC1,2026/06/23 00:10:00,5891.19,93.50,TRADE
VIC1,2026/06/23 00:15:00,5886.23,95.37,TRADE
VIC1,2026/06/23 00:20:00,5843.03,93.51,TRADE
VIC1,2026/06/23 00:25:00,5812.56,90.49,TRADE
VIC1,2026/06/23 00:30:00,5793.69,93,TRADE
VIC1,2026/06/23 00:35:00,5688.53,92.48,TRADE
VIC1,2026/06/23 00:40:00,5673.98,101.19,TRADE
VIC1,2026/06/23 00:45:00,5662.5,90.11,TRADE
VIC1,2026/06/23 00:50:00,5682.66,92.70,TRADE
VIC1,2026/06/23 00:55:00,5582.54,100.75,TRADE
VIC1,2026/06/23 01:00:00,5598.07,91.83,TRADE
VIC1,2026/06/23 01:05:00,5601.82,90.01,TRADE
VIC1,2026/06/23 01:10:00,5546.2,92.04,TRADE
VIC1,2026/06/23 01:15:00,5468.73,87.51,TRADE
VIC1,2026/06/23 01:20:00,5426.43,90,TRADE
VIC1,2026/06/23 01:25:00,5465.32,91.35,TRADE
VIC1,2026/06/23 01:30:00,5360.69,82.95,TRADE
VIC1,2026/06/23 01:35:00,5360.14,91.15,TRADE
VIC1,2026/06/23 01:40:00,5397.3,91.94,TRADE
VIC1,2026/06/23 01:45:00,5295.12,84.58,TRADE
VIC1,2026/06/23 01:50:00,5275.69,82.97,TRADE
VIC1,2026/06/23 01:55:00,5243.58,90,TRADE
VIC1,2026/06/23 02:00:00,5284.81,86.46,TRADE
VIC1,2026/06/23 02:05:00,5239.98,90.66,TRADE
VIC1,2026/06/23 02:10:00,5234.31,91.15,TRADE
VIC1,2026/06/23 02:15:00,5243.46,89.81,TRADE
VIC1,2026/06/23 02:20:00,5200.67,80.50,TRADE
VIC1,2026/06/23 02:25:00,5126.71,89.74,TRADE
VIC1,2026/06/23 02:30:00,5115.09,88.97,TRADE
VIC1,2026/06/23 02:35:00,5168.92,79.05,TRADE
VIC1,2026/06/23 02:40:00,5163.31,90,TRADE
VIC1,2026/06/23 02:45:00,5137.75,89.85,TRADE
VIC1,2026/06/23 02:50:00,5101.95,82.61,TRADE
VIC1,2026/06/23 02:55:00,5082.15,79.40,TRADE
VIC1,2026/06/23 03:00:00,5077.24,89.23,TRADE
VIC1,2026/06/23 03:05:00,4990.52,82.69,TRADE
VIC1,2026/06/23 03:10:00,5049.12,87.15,TRADE
VIC1,2026/06/23 03:15:00,4974.08,80.99,TRADE
VIC1,2026/06/23 03:20:00,4977,90,TRADE
VIC1,2026/06/23 03:25:00,4952.64,81.51,TRADE
VIC1,2026/06/23 03:30:00,4958.93,78.05,TRADE
VIC1,2026/06/23 03:35:00,4943.13,83.40,TRADE
VIC1,2026/06/23 03:40:00,5019.29,80.50,TRADE
VIC1,2026/06/23 03:45:00,5035.87,90,TRADE
VIC1,2026/06/23 03:50:00,4990.16,82.47,TRADE
VIC1,2026/06/23 03:55:00,5026.72,86.79,TRADE
VIC1,2026/06/23 04:00:00,5035.5,90,TRADE
VIC1,2026/06/23 04:05:00,5072.96,83.26,TRADE
VIC1,2026/06/23 04:10:00,5102.21,88.42,TRADE
VIC1,2026/06/23 04:15:00,5098.28,84.51,TRADE
VIC1,2026/06/23 04:20:00,5022.12,89.01,TRADE
VIC1,2026/06/23 04:25:00,5105.62,75.98,TRADE
VIC1,2026/06/23 04:30:00,5111.19,79.55,TRADE
VIC1,2026/06/23 04:35:00,5076.77,78.12,TRADE
VIC1,2026/06/23 04:40:00,5138.71,100.13,TRADE
VIC1,2026/06/23 04:45:00,5187.7,88.65,TRADE
VIC1,2026/06/23 04:50:00,5235.92,100.05,TRADE
VIC1,2026/06/23 04:55:00,5240.19,88.62,TRADE
VIC1,2026/06/23 05:00:00,5202.22,85.47,TRADE
VIC1,2026/06/23 05:05:00,5247.35,79.84,TRADE
VIC1,2026/06/23 05:10:00,5400.62,89.79,TRADE
VIC1,2026/06/23 05:15:00,5489.4,101.84,TRADE
VIC1,2026/06/23 05:20:00,5506.4,90,TRADE
VIC1,2026/06/23 05:25:00,5547.24,99.92,TRADE
VIC1,2026/06/23 05:30:00,5625.38,102.77,TRADE
VIC1,2026/06/23 05:35:00,5562.82,101.78,TRADE
VIC1,2026/06/23 05:40:00,5662.11,105.76,TRADE
VIC1,2026/06/23 05:45:00,5772.14,85.50,TRADE
VIC1,2026/06/23 05:50:00,5807.5,100.94,TRADE
VIC1,2026/06/23 05:55:00,5839.96,101.88,TRADE
VIC1,2026/06/23 06:00:00,5984.06,107.95,TRADE
VIC1,2026/06/23 06:05:00,6060.4,106.54,TRADE
VIC1,2026/06/23 06:10:00,6151.01,108.15,TRADE
VIC1,2026/06/23 06:15:00,6302.01,130.23,TRADE
VIC1,2026/06/23 06:20:00,6350.27,134.33,TRADE
VIC1,2026/06/23 06:25:00,6483.89,144.08,TRADE
VIC1,2026/06/23 06:30:00,6540.57,147.36,TRADE
VIC1,2026/06/23 06:35:00,6684.26,164.41,TRADE
VIC1,2026/06/23 06:40:00,6812.89,168.71,TRADE
VIC1,2026/06/23 06:45:00,6924.6,177.12,TRADE
VIC1,2026/06/23 06:50:00,7033.86,190.47,TRADE
VIC1,2026/06/23 06:55:00,7127.7,188.69,TRADE
VIC1,2026/06/23 07:00:00,7116.47,191.40,TRADE
VIC1,2026/06/23 07:05:00,7321.65,256.69,TRADE
VIC1,2026/06/23 07:10:00,7304.68,191.40,TRADE
VIC1,2026/06/23 07:15:00,7485.89,241.96,TRADE
VIC1,2026/06/23 07:20:00,7644.77,219.21,TRADE
VIC1,2026/06/23 07:25:00,7743.72,240,TRADE
VIC1,2026/06/23 07:30:00,7853.77,246.80,TRADE
VIC1,2026/06/23 07:35:00,7922.92,189.68,TRADE
VIC1,2026/06/23 07:40:00,7927.62,191.40,TRADE
VIC1,2026/06/23 07:45:00,7988.67,204,TRADE
VIC1,2026/06/23 07:50:00,8042.87,191.40,TRADE
VIC1,2026/06/23 07:55:00,8042.36,191.40,TRADE
VIC1,2026/06/23 08:00:00,8017.06,191.69,TRADE
VIC1,2026/06/23 08:05:00,8074.12,240,TRADE
VIC1,2026/06/23 08:10:00,8137.19,266.96,TRADE
VIC1,2026/06/23 08:15:00,8046.79,274.52,TRADE
VIC1,2026/06/23 08:20:00,8105.19,266.96,TRADE
VIC1,2026/06/23 08:25:00,8106.03,256.95,TRADE
VIC1,2026/06/23 08:30:00,8054.12,246.80,TRADE
VIC1,2026/06/23 08:35:00,7991.5,246.80,TRADE
VIC1,2026/06/23 08:40:00,7791.67,190.47,TRADE
VIC1,2026/06/23 08:45:00,7840.17,191.40,TRADE
VIC1,2026/06/23 08:50:00,7845.01,170.21,TRADE
VIC1,2026/06/23 08:55:00,7791.86,145.99,TRADE
VIC1,2026/06/23 09:00:00,7780.77,176.69,TRADE
VIC1,2026/06/23 09:05:00,7679.63,191.40,TRADE
VIC1,2026/06/23 09:10:00,7649.25,191.40,TRADE
VIC1,2026/06/23 09:15:00,7557.22,191.40,TRADE
VIC1,2026/06/23 09:20:00,7536.96,245.46,TRADE
VIC1,2026/06/23 09:25:00,7325.85,181.20,TRADE
VIC1,2026/06/23 09:30:00,7360.46,170.02,TRADE
VIC1,2026/06/23 09:35:00,7259.79,155.67,TRADE
VIC1,2026/06/23 09:40:00,7118.6,155.67,TRADE
VIC1,2026/06/23 09:45:00,7073.5,239.99,TRADE
VIC1,2026/06/23 09:50:00,6980.58,239.99,TRADE
VIC1,2026/06/23 09:55:00,6878.65,155.67,TRADE
VIC1,2026/06/23 10:00:00,6825.02,155.67,TRADE
VIC1,2026/06/23 10:05:00,6712,168.95,TRADE
VIC1,2026/06/23 10:10:00,6714.24,170.11,TRADE
VIC1,2026/06/23 10:15:00,6673.54,155.67,TRADE
VIC1,2026/06/23 10:20:00,6667.72,157.42,TRADE
VIC1,2026/06/23 10:25:00,6557.31,156.71,TRADE
VIC1,2026/06/23 10:30:00,6472.25,155.67,TRADE
VIC1,2026/06/23 10:35:00,6440.39,155.67,TRADE
VIC1,2026/06/23 10:40:00,6392.27,155.67,TRADE
VIC1,2026/06/23 10:45:00,6333.79,155.67,TRADE
VIC1,2026/06/23 10:50:00,6201.45,155.67,TRADE
VIC1,2026/06/23 10:55:00,6145.62,155.67,TRADE
VIC1,2026/06/23 11:00:00,6070.9,155.67,TRADE
VIC1,2026/06/23 11:05:00,6037.73,155.67,TRADE
VIC1,2026/06/23 11:10:00,6135.49,121.11,TRADE
VIC1,2026/06/23 11:15:00,6197.21,145.67,TRADE
VIC1,2026/06/23 11:20:00,6167.06,145.67,TRADE
VIC1,2026/06/23 11:25:00,6053.39,129.67,TRADE
VIC1,2026/06/23 11:30:00,6102.65,145.67,TRADE
VIC1,2026/06/23 11:35:00,6089.08,149.83,TRADE
VIC1,2026/06/23 11:40:00,6083.79,118.99,TRADE
VIC1,2026/06/23 11:45:00,6102.43,119,TRADE
VIC1,2026/06/23 11:50:00,6103.36,145.67,TRADE
VIC1,2026/06/23 11:55:00,6033.93,145.67,TRADE
VIC1,2026/06/23 12:00:00,6126.81,146.27,TRADE
VIC1,2026/06/23 12:05:00,6160.98,151.24,TRADE
VIC1,2026/06/23 12:10:00,6192.93,146.84,TRADE
VIC1,2026/06/23 12:15:00,6186.06,118.99,TRADE
VIC1,2026/06/23 12:20:00,6201.05,118.99,TRADE
VIC1,2026/06/23 12:25:00,6231.49,119,TRADE
VIC1,2026/06/23 12:30:00,6264.37,119,TRADE
VIC1,2026/06/23 12:35:00,6261.44,129.67,TRADE
VIC1,2026/06/23 12:40:00,6292.08,119,TRADE
VIC1,2026/06/23 12:45:00,6459.34,149.02,TRADE
VIC1,2026/06/23 12:50:00,6472.69,155.67,TRADE
VIC1,2026/06/23 12:55:00,6435.99,111.67,TRADE
VIC1,2026/06/23 13:00:00,6500.04,145.67,TRADE
VIC1,2026/06/23 13:05:00,6512.43,145.67,TRADE
VIC1,2026/06/23 13:10:00,6577.61,145.67,TRADE
VIC1,2026/06/23 13:15:00,6575.58,151.24,TRADE
VIC1,2026/06/23 13:20:00,6562.41,151.24,TRADE
VIC1,2026/06/23 13:25:00,6595.44,151.24,TRADE
VIC1,2026/06/23 13:30:00,6635.76,151.24,TRADE
VIC1,2026/06/23 13:35:00,6696.55,168.05,TRADE
VIC1,2026/06/23 13:40:00,6669.56,151.24,TRADE
VIC1,2026/06/23 13:45:00,6649.69,156.35,TRADE
VIC1,2026/06/23 13:50:00,6699.53,151.81,TRADE
VIC1,2026/06/23 13:55:00,6697.52,151.24,TRADE
VIC1,2026/06/23 14:00:00,6588.38,145.67,TRADE
VIC1,2026/06/23 14:05:00,6592.75,155.46,TRADE
VIC1,2026/06/23 14:10:00,6514.61,145.67,TRADE
VIC1,2026/06/23 14:15:00,6477.97,145.67,TRADE
VIC1,2026/06/23 14:20:00,6484.18,150.01,TRADE
VIC1,2026/06/23 14:25:00,6568.07,145.67,TRADE
VIC1,2026/06/23 14:30:00,6465.4,145.67,TRADE
VIC1,2026/06/23 14:35:00,6635.72,151.24,TRADE
VIC1,2026/06/23 14:40:00,6632.88,145.74,TRADE
VIC1,2026/06/23 14:45:00,6666.83,151.24,TRADE
VIC1,2026/06/23 14:50:00,6617.45,147.19,TRADE
VIC1,2026/06/23 14:55:00,6587.75,146.23,TRADE
VIC1,2026/06/23 15:00:00,6620.98,145.67,TRADE
VIC1,2026/06/23 15:05:00,6556.22,145.67,TRADE
VIC1,2026/06/23 15:10:00,6625.91,145.67,TRADE
VIC1,2026/06/23 15:15:00,6604.39,145.67,TRADE
VIC1,2026/06/23 15:20:00,6585.37,129.67,TRADE
VIC1,2026/06/23 15:25:00,6664.39,145.67,TRADE
VIC1,2026/06/23 15:30:00,6702.71,145.67,TRADE
VIC1,2026/06/23 15:35:00,6751.85,129.67,TRADE
VIC1,2026/06/23 15:40:00,6743.76,119,TRADE
VIC1,2026/06/23 15:45:00,6679.46,89.78,TRADE
VIC1,2026/06/23 15:50:00,6844.7,151.24,TRADE
VIC1,2026/06/23 15:55:00,6925.35,173.07,TRADE
VIC1,2026/06/23 16:00:00,6894.86,169.20,TRADE
VIC1,2026/06/23 16:05:00,6968.7,122.06,TRADE
VIC1,2026/06/23 16:10:00,7038.9,176.69,TRADE
VIC1,2026/06/23 16:15:00,7101.17,146.23,TRADE
VIC1,2026/06/23 16:20:00,7062.85,176.69,TRADE
VIC1,2026/06/23 16:25:00,7106.49,158.70,TRADE
VIC1,2026/06/23 16:30:00,7214.57,177.12,TRADE
VIC1,2026/06/23 16:35:00,7238.64,151.23,TRADE
VIC1,2026/06/23 16:40:00,7237.51,156.76,TRADE
VIC1,2026/06/23 16:45:00,7404.79,176.69,TRADE
VIC1,2026/06/23 16:50:00,7449.28,177.12,TRADE
VIC1,2026/06/23 16:55:00,7512.53,190.47,TRADE
VIC1,2026/06/23 17:00:00,7583.9,190.47,TRADE
VIC1,2026/06/23 17:05:00,7598.28,177.12,TRADE
VIC1,2026/06/23 17:10:00,7597.89,163.23,TRADE
VIC1,2026/06/23 17:15:00,7693.48,176.69,TRADE
VIC1,2026/06/23 17:20:00,7804.75,188.75,TRADE
VIC1,2026/06/23 17:25:00,7910.1,191.40,TRADE
VIC1,2026/06/23 17:30:00,7955.25,191.40,TRADE
VIC1,2026/06/23 17:35:00,8021.58,190.47,TRADE
VIC1,2026/06/23 17:40:00,8027.69,191.40,TRADE
VIC1,2026/06/23 17:45:00,8077.11,191.40,TRADE
VIC1,2026/06/23 17:50:00,8006.51,219.21,TRADE
VIC1,2026/06/23 17:55:00,8039.35,191.40,TRADE
VIC1,2026/06/23 18:00:00,8129.62,219.21,TRADE
VIC1,2026/06/23 18:05:00,8091.8,190.47,TRADE
VIC1,2026/06/23 18:10:00,8095.78,189.68,TRADE
VIC1,2026/06/23 18:15:00,8103.22,189.68,TRADE
VIC1,2026/06/23 18:20:00,8095.83,191.40,TRADE
VIC1,2026/06/23 18:25:00,8139.24,200.79,TRADE
VIC1,2026/06/23 18:30:00,8021.3,200.89,TRADE
VIC1,2026/06/23 18:35:00,8019.23,191.40,TRADE
VIC1,2026/06/23 18:40:00,8084.02,191.40,TRADE
VIC1,2026/06/23 18:45:00,8080.85,200.89,TRADE
VIC1,2026/06/23 18:50:00,8054.91,191.40,TRADE
VIC1,2026/06/23 18:55:00,8016.87,140.04,TRADE
VIC1,2026/06/23 19:00:00,8024.15,183.14,TRADE
VIC1,2026/06/23 19:05:00,8020.73,209.86,TRADE
VIC1,2026/06/23 19:10:00,7864.03,182.35,TRADE
VIC1,2026/06/23 19:15:00,7858.15,182.16,TRADE
VIC1,2026/06/23 19:20:00,7875.3,183.42,TRADE
VIC1,2026/06/23 19:25:00,7841.27,180.53,TRADE
VIC1,2026/06/23 19:30:00,7837.63,180.83,TRADE
VIC1,2026/06/23 19:35:00,7801.81,180.78,TRADE
VIC1,2026/06/23 19:40:00,7845.66,182.53,TRADE
VIC1,2026/06/23 19:45:00,7727.6,177.12,TRADE
VIC1,2026/06/23 19:50:00,7731.89,177.91,TRADE
VIC1,2026/06/23 19:55:00,7687.79,174.08,TRADE
VIC1,2026/06/23 20:00:00,7674.84,137.96,TRADE
VIC1,2026/06/23 20:05:00,7631.58,152.54,TRADE
VIC1,2026/06/23 20:10:00,7569.32,174.90,TRADE
VIC1,2026/06/23 20:15:00,7509.43,115,TRADE
VIC1,2026/06/23 20:20:00,7468.05,145.97,TRADE
VIC1,2026/06/23 20:25:00,7458.91,155.50,TRADE
VIC1,2026/06/23 20:30:00,7504.01,136.30,TRADE
VIC1,2026/06/23 20:35:00,7464.69,147.99,TRADE
VIC1,2026/06/23 20:40:00,7414.4,168.25,TRADE
VIC1,2026/06/23 20:45:00,7391.4,161.32,TRADE
VIC1,2026/06/23 20:50:00,7373.34,136.35,TRADE
VIC1,2026/06/23 20:55:00,7300.72,115,TRADE
VIC1,2026/06/23 21:00:00,7256.27,132.02,TRADE
VIC1,2026/06/23 21:05:00,7119.04,146.76,TRADE
VIC1,2026/06/23 21:10:00,7127.45,169.51,TRADE
VIC1,2026/06/23 21:15:00,7125.84,145.67,TRADE
VIC1,2026/06/23 21:20:00,7069.21,115,TRADE
VIC1,2026/06/23 21:25:00,7009.35,113.44,TRADE
VIC1,2026/06/23 21:30:00,6935.42,151.24,TRADE
VIC1,2026/06/23 21:35:00,6881,174.92,TRADE
VIC1,2026/06/23 21:40:00,6851.64,157.97,TRADE
VIC1,2026/06/23 21:45:00,6698.7,143.44,TRADE
VIC1,2026/06/23 21:50:00,6619.86,115,TRADE
VIC1,2026/06/23 21:55:00,6629.95,155.67,TRADE
VIC1,2026/06/23 22:00:00,6619.37,128.83,TRADE
VIC1,2026/06/23 22:05:00,6571.4,115,TRADE
VIC1,2026/06/23 22:10:00,6576.23,189.68,TRADE
VIC1,2026/06/23 22:15:00,6455.37,136.12,TRADE
VIC1,2026/06/23 22:20:00,6397.18,140.36,TRADE
VIC1,2026/06/23 22:25:00,6305.09,115.77,TRADE
VIC1,2026/06/23 22:30:00,6330.3,115,TRADE
VIC1,2026/06/23 22:35:00,6219.5,114.65,TRADE
VIC1,2026/06/23 22:40:00,6206.73,146.38,TRADE
VIC1,2026/06/23 22:45:00,6139.19,114.35,TRADE
VIC1,2026/06/23 22:50:00,6191.89,155.67,TRADE
VIC1,2026/06/23 22:55:00,6072.55,110.50,TRADE
VIC1,2026/06/23 23:00:00,6108.5,115.64,TRADE
VIC1,2026/06/23 23:05:00,6053.89,115.91,TRADE
VIC1,2026/06/23 23:10:00,6138.87,115,TRADE
VIC1,2026/06/23 23:15:00,6051.77,111.62,TRADE
VIC1,2026/06/23 23:20:00,6039.01,110.50,TRADE
VIC1,2026/06/23 23:25:00,6071.6,136.87,TRADE
VIC1,2026/06/23 23:30:00,6012.44,130.60,TRADE
VIC1,2026/06/23 23:35:00,6018.48,110.50,TRADE
VIC1,2026/06/23 23:40:00,5973.09,155.67,TRADE
VIC1,2026/06/23 23:45:00,5898.81,109.75,TRADE
VIC1,2026/06/23 23:50:00,5832.45,106.56,TRADE
VIC1,2026/06/23 23:55:00,5807.91,127.42,TRADE
VIC1,2026/06/24 00:00:00,5705.7,104.10,TRADE
VIC1,2026/06/24 00:05:00,5763.74,102.44,TRADE
VIC1,2026/06/24 00:10:00,5682.93,106.68,TRADE
VIC1,2026/06/24 00:15:00,5732.35,110.50,TRADE
VIC1,2026/06/24 00:20:00,5685.78,106.68,TRADE
VIC1,2026/06/24 00:25:00,5704.78,102.44,TRADE
VIC1,2026/06/24 00:30:00,5660.87,103.72,TRADE
VIC1,2026/06/24 00:35:00,5634.52,110.50,TRADE
VIC1,2026/06/24 00:40:00,5562.47,106.68,TRADE
VIC1,2026/06/24 00:45:00,5531.33,106.88,TRADE
VIC1,2026/06/24 00:50:00,5528.41,101.28,TRADE
VIC1,2026/06/24 00:55:00,5526.08,105.42,TRADE
VIC1,2026/06/24 01:00:00,5480.32,107.86,TRADE
VIC1,2026/06/24 01:05:00,5425.01,102.44,TRADE
VIC1,2026/06/24 01:10:00,5456.68,106.68,TRADE
VIC1,2026/06/24 01:15:00,5480.88,103.19,TRADE
VIC1,2026/06/24 01:20:00,5349.99,97.50,TRADE
VIC1,2026/06/24 01:25:00,5342.24,102.44,TRADE
VIC1,2026/06/24 01:30:00,5377.47,110.50,TRADE
VIC1,2026/06/24 01:35:00,5265,105,TRADE
VIC1,2026/06/24 01:40:00,5234.03,110.50,TRADE
VIC1,2026/06/24 01:45:00,5280.99,106.68,TRADE
VIC1,2026/06/24 01:50:00,5243.13,110.50,TRADE
VIC1,2026/06/24 01:55:00,5210.62,102.44,TRADE
VIC1,2026/06/24 02:00:00,5203.98,102.44,TRADE
VIC1,2026/06/24 02:05:00,5210.76,110.50,TRADE
VIC1,2026/06/24 02:10:00,5170.13,106.68,TRADE
VIC1,2026/06/24 02:15:00,5055.05,99.56,TRADE
VIC1,2026/06/24 02:20:00,5027.98,102.44,TRADE
VIC1,2026/06/24 02:25:00,5028.95,103.94,TRADE
VIC1,2026/06/24 02:30:00,4986.6,121.11,TRADE
VIC1,2026/06/24 02:35:00,5028.06,119.74,TRADE
VIC1,2026/06/24 02:40:00,5019.87,106.68,TRADE
VIC1,2026/06/24 02:45:00,4935.88,110.50,TRADE
VIC1,2026/06/24 02:50:00,4988.36,126.87,TRADE
VIC1,2026/06/24 02:55:00,4961.56,110.50,TRADE
VIC1,2026/06/24 03:00:00,4970.49,102.44,TRADE
VIC1,2026/06/24 03:05:00,4970.71,110.50,TRADE
VIC1,2026/06/24 03:10:00,4872.81,102.44,TRADE
VIC1,2026/06/24 03:15:00,4946.61,145.67,TRADE
VIC1,2026/06/24 03:20:00,4923.95,95.58,TRADE
VIC1,2026/06/24 03:25:00,4942.26,119.94,TRADE
VIC1,2026/06/24 03:30:00,4919.42,102.44,TRADE
VIC1,2026/06/24 03:35:00,4913.51,99.33,TRADE
VIC1,2026/06/24 03:40:00,4938.39,102.44,TRADE
VIC1,2026/06/24 03:45:00,4920.32,100.02,TRADE
VIC1,2026/06/24 03:50:00,4845.05,94.08,TRADE
VIC1,2026/06/24 03:55:00,4911.46,99.48,TRADE
VIC1,2026/06/24 04:00:00,4897.02,102.44,TRADE
VIC1,2026/06/24 04:05:00,4861.6,110.50,TRADE
VIC1,2026/06/24 04:10:00,4930.66,110.50,TRADE
VIC1,2026/06/24 04:15:00,4943.13,110.50,TRADE
VIC1,2026/06/24 04:20:00,4966.79,110.50,TRADE
VIC1,2026/06/24 04:25:00,4926.05,110.50,TRADE
VIC1,2026/06/24 04:30:00,4924.08,110.50,TRADE
VIC1,2026/06/24 04:35:00,4917.93,109.33,TRADE
VIC1,2026/06/24 04:40:00,4960.85,102.44,TRADE
VIC1,2026/06/24 04:45:00,5001.33,115.44,TRADE
VIC1,2026/06/24 04:50:00,4993.54,102.56,TRADE
VIC1,2026/06/24 04:55:00,5031.92,102.44,TRADE
VIC1,2026/06/24 05:00:00,5041.47,109.48,TRADE
VIC1,2026/06/24 05:05:00,5053.96,92.90,TRADE
VIC1,2026/06/24 05:10:00,5138.5,110.50,TRADE
VIC1,2026/06/24 05:15:00,5211.39,114.46,TRADE
VIC1,2026/06/24 05:20:00,5234.29,108.60,TRADE
VIC1,2026/06/24 05:25:00,5303.18,110.50,TRADE
VIC1,2026/06/24 05:30:00,5317.12,110.50,TRADE
VIC1,2026/06/24 05:35:00,5365.02,110.50,TRADE
VIC1,2026/06/24 05:40:00,5417.57,110.50,TRADE
VIC1,2026/06/24 05:45:00,5492.8,104.35,TRADE
VIC1,2026/06/24 05:50:00,5543.84,103.76,TRADE
VIC1,2026/06/24 05:55:00,5574.33,110.50,TRADE
VIC1,2026/06/24 06:00:00,5665.09,105.81,TRADE
VIC1,2026/06/24 06:05:00,5733.35,110.50,TRADE
VIC1,2026/06/24 06:10:00,5830.88,114.86,TRADE
VIC1,2026/06/24 06:15:00,5960.74,125.12,TRADE
VIC1,2026/06/24 06:20:00,6031.87,136.90,TRADE
VIC1,2026/06/24 06:25:00,6122.75,110.65,TRADE
VIC1,2026/06/24 06:30:00,6222.51,166.48,TRADE
VIC1,2026/06/24 06:35:00,6333.67,121.18,TRADE
VIC1,2026/06/24 06:40:00,6419.86,164.75,TRADE
VIC1,2026/06/24 06:45:00,6560.42,177.12,TRADE
VIC1,2026/06/24 06:50:00,6611.6,163.70,TRADE
VIC1,2026/06/24 06:55:00,6711.33,188.69,TRADE
VIC1,2026/06/24 07:00:00,6807.8,179.26,TRADE
VIC1,2026/06/24 07:05:00,6695.06,129.07,TRADE
VIC1,2026/06/24 07:10:00,6609.45,128.69,TRADE
VIC1,2026/06/24 07:15:00,6779.28,155.59,TRADE
VIC1,2026/06/24 07:20:00,6887.93,201.36,TRADE
VIC1,2026/06/24 07:25:00,6893.1,190.47,TRADE
VIC1,2026/06/24 07:30:00,6964.54,191.40,TRADE
VIC1,2026/06/24 07:35:00,7065.66,190.47,TRADE
VIC1,2026/06/24 07:40:00,7153.84,190.47,TRADE
VIC1,2026/06/24 07:45:00,7206.72,193.30,TRADE
VIC1,2026/06/24 07:50:00,7224.82,129.07,TRADE
VIC1,2026/06/24 07:55:00,7268.79,144.97,TRADE
VIC1,2026/06/24 08:00:00,7284.32,136.12,TRADE
VIC1,2026/06/24 08:05:00,7453.92,176.69,TRADE
VIC1,2026/06/24 08:10:00,7574.67,188.69,TRADE
VIC1,2026/06/24 08:15:00,7639.63,177.12,TRADE
VIC1,2026/06/24 08:20:00,7629.2,188.69,TRADE
VIC1,2026/06/24 08:25:00,7610.55,188.69,TRADE
VIC1,2026/06/24 08:30:00,7572.59,177.12,TRADE
VIC1,2026/06/24 08:35:00,7540.43,167.18,TRADE
VIC1,2026/06/24 08:40:00,7562.1,176.69,TRADE
VIC1,2026/06/24 08:45:00,7455.16,166.35,TRADE
VIC1,2026/06/24 08:50:00,7368.19,144.87,TRADE
VIC1,2026/06/24 08:55:00,7451.94,176.69,TRADE
VIC1,2026/06/24 09:00:00,7418.92,166.17,TRADE
VIC1,2026/06/24 09:05:00,7440.36,191.40,TRADE
VIC1,2026/06/24 09:10:00,7392.84,191.40,TRADE
VIC1,2026/06/24 09:15:00,7410.86,191.40,TRADE
VIC1,2026/06/24 09:20:00,7410.96,177.12,TRADE
VIC1,2026/06/24 09:25:00,7344.88,128.69,TRADE
VIC1,2026/06/24 09:30:00,7370.19,128.69,TRADE
VIC1,2026/06/24 09:35:00,7313.24,128.69,TRADE
VIC1,2026/06/24 09:40:00,7262.13,162.21,TRADE
VIC1,2026/06/24 09:45:00,7226.77,188.69,TRADE
VIC1,2026/06/24 09:50:00,7170.89,115.25,TRADE
VIC1,2026/06/24 09:55:00,7146.14,115.53,TRADE
VIC1,2026/06/24 10:00:00,7134.28,155.67,TRADE
VIC1,2026/06/24 10:05:00,7028.06,134.46,TRADE
VIC1,2026/06/24 10:10:00,7095.61,148.61,TRADE
VIC1,2026/06/24 10:15:00,6990.34,150.06,TRADE
VIC1,2026/06/24 10:20:00,6960.18,135,TRADE
VIC1,2026/06/24 10:25:00,6923.3,148.32,TRADE
VIC1,2026/06/24 10:30:00,6884.75,133.12,TRADE
VIC1,2026/06/24 10:35:00,6819.39,152.33,TRADE
VIC1,2026/06/24 10:40:00,6787.03,246.80,TRADE
VIC1,2026/06/24 10:45:00,6716.12,155.67,TRADE
VIC1,2026/06/24 10:50:00,6697.57,151.76,TRADE
VIC1,2026/06/24 10:55:00,6670.09,177.97,TRADE
VIC1,2026/06/24 11:00:00,6588.68,199.30,TRADE
VIC1,2026/06/24 11:05:00,6594.79,246.80,TRADE
VIC1,2026/06/24 11:10:00,6780.35,271.77,TRADE
VIC1,2026/06/24 11:15:00,6795.85,277.77,TRADE
VIC1,2026/06/24 11:20:00,6772.89,283.69,TRADE
VIC1,2026/06/24 11:25:00,6762.19,239.99,TRADE
VIC1,2026/06/24 11:30:00,6703.17,190.47,TRADE
VIC1,2026/06/24 11:35:00,6680.86,199.86,TRADE
VIC1,2026/06/24 11:40:00,6680.39,199.86,TRADE
VIC1,2026/06/24 11:45:00,6634.4,199.86,TRADE
VIC1,2026/06/24 11:50:00,6633.44,240.67,TRADE
VIC1,2026/06/24 11:55:00,6597.69,240.67,TRADE
VIC1,2026/06/24 12:00:00,6592.04,240.67,TRADE
VIC1,2026/06/24 12:05:00,6553.5,199.86,TRADE
VIC1,2026/06/24 12:10:00,6580.64,181.67,TRADE
VIC1,2026/06/24 12:15:00,6534.49,181.67,TRADE
VIC1,2026/06/24 12:20:00,6529.12,151.29,TRADE
VIC1,2026/06/24 12:25:00,6484.2,181.67,TRADE
VIC1,2026/06/24 12:30:00,6416.54,181.67,TRADE
VIC1,2026/06/24 12:35:00,6382.03,151.24,TRADE
VIC1,2026/06/24 12:40:00,6397.71,181.67,TRADE
VIC1,2026/06/24 12:45:00,6363.04,154.25,TRADE
VIC1,2026/06/24 12:50:00,6404.75,181.67,TRADE
VIC1,2026/06/24 12:55:00,6328.67,154.25,TRADE
VIC1,2026/06/24 13:00:00,6314.69,150.04,TRADE
VIC1,2026/06/24 13:05:00,6283.13,199.86,TRADE
VIC1,2026/06/24 13:10:00,6224.83,154.45,TRADE
VIC1,2026/06/24 13:15:00,6181.03,123.99,TRADE
VIC1,2026/06/24 13:20:00,6222.51,151.24,TRADE
VIC1,2026/06/24 13:25:00,6172.83,151.24,TRADE
VIC1,2026/06/24 13:30:00,6097.37,136.90,TRADE
VIC1,2026/06/24 13:35:00,6148.69,181.67,TRADE
VIC1,2026/06/24 13:40:00,6117.89,199.86,TRADE
VIC1,2026/06/24 13:45:00,6056.83,151.24,TRADE
VIC1,2026/06/24 13:50:00,6027.37,80.50,TRADE
VIC1,2026/06/24 13:55:00,6045.33,151.24,TRADE
VIC1,2026/06/24 14:00:00,6024.53,149.77,TRADE
VIC1,2026/06/24 14:05:00,6009.7,122.32,TRADE
VIC1,2026/06/24 14:10:00,5959.2,122.38,TRADE
VIC1,2026/06/24 14:15:00,5977.78,135.71,TRADE
VIC1,2026/06/24 14:20:00,5982.23,138.96,TRADE
VIC1,2026/06/24 14:25:00,6015.54,132.97,TRADE
VIC1,2026/06/24 14:30:00,6056.84,127.63,TRADE
VIC1,2026/06/24 14:35:00,6067.16,119.40,TRADE
VIC1,2026/06/24 14:40:00,6078.07,120.20,TRADE
VIC1,2026/06/24 14:45:00,6112.33,99.54,TRADE
VIC1,2026/06/24 14:50:00,6102.26,110.50,TRADE
VIC1,2026/06/24 14:55:00,6151.36,108.74,TRADE
VIC1,2026/06/24 15:00:00,6174.52,96.17,TRADE
VIC1,2026/06/24 15:05:00,6197.52,96.17,TRADE
VIC1,2026/06/24 15:10:00,6131.29,110.50,TRADE
VIC1,2026/06/24 15:15:00,6193.15,110.50,TRADE
VIC1,2026/06/24 15:20:00,6257.77,129.33,TRADE
VIC1,2026/06/24 15:25:00,6324.82,135.29,TRADE
VIC1,2026/06/24 15:30:00,6292.54,148.05,TRADE
VIC1,2026/06/24 15:35:00,6352.72,136.04,TRADE
VIC1,2026/06/24 15:40:00,6412.18,110.50,TRADE
VIC1,2026/06/24 15:45:00,6492.55,119.53,TRADE
VIC1,2026/06/24 15:50:00,6521.58,117.74,TRADE
VIC1,2026/06/24 15:55:00,6507.86,136.70,TRADE
VIC1,2026/06/24 16:00:00,6607.08,151.01,TRADE
VIC1,2026/06/24 16:05:00,6614.9,246.80,TRADE
VIC1,2026/06/24 16:10:00,6657.34,246.80,TRADE
VIC1,2026/06/24 16:15:00,6724.74,246.80,TRADE
VIC1,2026/06/24 16:20:00,6756.45,190.84,TRADE
VIC1,2026/06/24 16:25:00,6810.15,287.74,TRADE
VIC1,2026/06/24 16:30:00,6810.55,259.54,TRADE
VIC1,2026/06/24 16:35:00,6892.92,245.68,TRADE
VIC1,2026/06/24 16:40:00,6914.78,246.80,TRADE
VIC1,2026/06/24 16:45:00,7002.23,313.82,TRADE
VIC1,2026/06/24 16:50:00,7054.26,308.19,TRADE
VIC1,2026/06/24 16:55:00,7098.23,298,TRADE
VIC1,2026/06/24 17:00:00,7232.27,306.78,TRADE
VIC1,2026/06/24 17:05:00,7310.55,298.09,TRADE
VIC1,2026/06/24 17:10:00,7372.34,298.45,TRADE
VIC1,2026/06/24 17:15:00,7421.67,296.01,TRADE
VIC1,2026/06/24 17:20:00,7501.55,304.09,TRADE
VIC1,2026/06/24 17:25:00,7562.84,304.03,TRADE
VIC1,2026/06/24 17:30:00,7598.62,304.79,TRADE
VIC1,2026/06/24 17:35:00,7657.72,298.21,TRADE
VIC1,2026/06/24 17:40:00,7705.48,301.10,TRADE
VIC1,2026/06/24 17:45:00,7776,306.07,TRADE
VIC1,2026/06/24 17:50:00,7728.41,304.29,TRADE
VIC1,2026/06/24 17:55:00,7767.42,300.13,TRADE
VIC1,2026/06/24 18:00:00,7740.2,299.45,TRADE
VIC1,2026/06/24 18:05:00,7736.57,300.09,TRADE
VIC1,2026/06/24 18:10:00,7719.12,298,TRADE
VIC1,2026/06/24 18:15:00,7761.07,289.89,TRADE
VIC1,2026/06/24 18:20:00,7723,282.04,TRADE
VIC1,2026/06/24 18:25:00,7724.17,285.87,TRADE
VIC1,2026/06/24 18:30:00,7683.45,283.35,TRADE
VIC1,2026/06/24 18:35:00,7707.99,281.81,TRADE
VIC1,2026/06/24 18:40:00,7697.43,250.66,TRADE
VIC1,2026/06/24 18:45:00,7707.85,277.02,TRADE
VIC1,2026/06/24 18:50:00,7685.84,256.69,TRADE
VIC1,2026/06/24 18:55:00,7700.44,250.72,TRADE
VIC1,2026/06/24 19:00:00,7661.96,246.80,TRADE
VIC1,2026/06/24 19:05:00,7626.03,229.17,TRADE
VIC1,2026/06/24 19:10:00,7653.3,232.25,TRADE
VIC1,2026/06/24 19:15:00,7573.45,225.73,TRADE
VIC1,2026/06/24 19:20:00,7591.78,226.19,TRADE
VIC1,2026/06/24 19:25:00,7566.83,219.21,TRADE
VIC1,2026/06/24 19:30:00,7541.4,218.04,TRADE
VIC1,2026/06/24 19:35:00,7555.79,191.40,TRADE
VIC1,2026/06/24 19:40:00,7523.34,178.51,TRADE
VIC1,2026/06/24 19:45:00,7479.06,184.30,TRADE
VIC1,2026/06/24 19:50:00,7441.63,176.69,TRADE
VIC1,2026/06/24 19:55:00,7411.12,173.09,TRADE
VIC1,2026/06/24 20:00:00,7381.31,161.02,TRADE
VIC1,2026/06/24 20:05:00,7381.56,174.41,TRADE
VIC1,2026/06/24 20:10:00,7343.96,174.09,TRADE
VIC1,2026/06/24 20:15:00,7303.9,162.04,TRADE
VIC1,2026/06/24 20:20:00,7287.71,161.92,TRADE
VIC1,2026/06/24 20:25:00,7264.52,160.77,TRADE
VIC1,2026/06/24 20:30:00,7220.89,159.63,TRADE
VIC1,2026/06/24 20:35:00,7207.22,176.69,TRADE
VIC1,2026/06/24 20:40:00,7174.12,176.86,TRADE
VIC1,2026/06/24 20:45:00,7172.29,177.12,TRADE
VIC1,2026/06/24 20:50:00,7154.07,178.51,TRADE
VIC1,2026/06/24 20:55:00,7139,177.12,TRADE
VIC1,2026/06/24 21:00:00,7018.36,167.94,TRADE
VIC1,2026/06/24 21:05:00,7003.55,163.02,TRADE
VIC1,2026/06/24 21:10:00,7020.12,189.68,TRADE
VIC1,2026/06/24 21:15:00,6960.08,163.09,TRADE
VIC1,2026/06/24 21:20:00,6925.37,159.29,TRADE
VIC1,2026/06/24 21:25:00,6888.12,175.24,TRADE
VIC1,2026/06/24 21:30:00,6877.41,177.12,TRADE
VIC1,2026/06/24 21:35:00,6786.59,166.49,TRADE
VIC1,2026/06/24 21:40:00,6713.36,163.87,TRADE
VIC1,2026/06/24 21:45:00,6728.47,165.27,TRADE
VIC1,2026/06/24 21:50:00,6682.69,149.85,TRADE
VIC1,2026/06/24 21:55:00,6549.72,117,TRADE
VIC1,2026/06/24 22:00:00,6606.87,133.65,TRADE
VIC1,2026/06/24 22:05:00,6521.62,145.63,TRADE
VIC1,2026/06/24 22:10:00,6391.87,163.17,TRADE
VIC1,2026/06/24 22:15:00,6364.78,167.97,TRADE
VIC1,2026/06/24 22:20:00,6290.8,136.12,TRADE
VIC1,2026/06/24 22:25:00,6277.53,148.48,TRADE
VIC1,2026/06/24 22:30:00,6214.99,140.55,TRADE
VIC1,2026/06/24 22:35:00,6160.17,147.64,TRADE
VIC1,2026/06/24 22:40:00,6172.94,141.41,TRADE
VIC1,2026/06/24 22:45:00,6148.23,136.62,TRADE
VIC1,2026/06/24 22:50:00,6054.25,131.25,TRADE
VIC1,2026/06/24 22:55:00,6005.92,123.69,TRADE
VIC1,2026/06/24 23:00:00,6014.08,116.38,TRADE
VIC1,2026/06/24 23:05:00,6050.43,133.91,TRADE
VIC1,2026/06/24 23:10:00,6100.49,135.26,TRADE
VIC1,2026/06/24 23:15:00,6106.32,134.82,TRADE
VIC1,2026/06/24 23:20:00,6151.01,120.67,TRADE
VIC1,2026/06/24 23:25:00,6120.43,126.67,TRADE
VIC1,2026/06/24 23:30:00,6057.19,136.06,TRADE
VIC1,2026/06/24 23:35:00,6041.32,121.94,TRADE
VIC1,2026/06/24 23:40:00,5974.82,125,TRADE
VIC1,2026/06/24 23:45:00,5929.4,121.76,TRADE
VIC1,2026/06/24 23:50:00,5861.58,118.15,TRADE
VIC1,2026/06/24 23:55:00,5842.91,110.50,TRADE
VIC1,2026/06/25 00:00:00,5827.92,116.20,TRADE
VIC1,2026/06/25 00:05:00,5793.06,115.45,TRADE
VIC1,2026/06/25 00:10:00,5778.04,139.17,TRADE
VIC1,2026/06/25 00:15:00,5758.82,115.31,TRADE
VIC1,2026/06/25 00:20:00,5737.56,118.37,TRADE
VIC1,2026/06/25 00:25:00,5690.24,131.02,TRADE
VIC1,2026/06/25 00:30:00,5666.06,124.01,TRADE
VIC1,2026/06/25 00:35:00,5638.54,110.50,TRADE
VIC1,2026/06/25 00:40:00,5607.94,141.53,TRADE
VIC1,2026/06/25 00:45:00,5570.25,115.57,TRADE
VIC1,2026/06/25 00:50:00,5535.04,113.15,TRADE
VIC1,2026/06/25 00:55:00,5519.38,141.33,TRADE
VIC1,2026/06/25 01:00:00,5451.26,110.50,TRADE
VIC1,2026/06/25 01:05:00,5471.55,107.64,TRADE
VIC1,2026/06/25 01:10:00,5443.9,145.67,TRADE
VIC1,2026/06/25 01:15:00,5398.47,110.50,TRADE
VIC1,2026/06/25 01:20:00,5409.1,110.50,TRADE
VIC1,2026/06/25 01:25:00,5383.84,155.67,TRADE
VIC1,2026/06/25 01:30:00,5331.57,117.26,TRADE
VIC1,2026/06/25 01:35:00,5339.94,120.19,TRADE
VIC1,2026/06/25 01:40:00,5293.5,155.67,TRADE
VIC1,2026/06/25 01:45:00,5264.76,150.68,TRADE
VIC1,2026/06/25 01:50:00,5232.51,136.70,TRADE
VIC1,2026/06/25 01:55:00,5215.1,115.35,TRADE
VIC1,2026/06/25 02:00:00,5198.43,151.28,TRADE
VIC1,2026/06/25 02:05:00,5171.78,125.46,TRADE
VIC1,2026/06/25 02:10:00,5185.37,118.01,TRADE
VIC1,2026/06/25 02:15:00,5189.57,151.24,TRADE
VIC1,2026/06/25 02:20:00,5125.07,133.92,TRADE
VIC1,2026/06/25 02:25:00,5108.16,107.09,TRADE
VIC1,2026/06/25 02:30:00,5095.2,143.46,TRADE
VIC1,2026/06/25 02:35:00,5049.6,155.67,TRADE
VIC1,2026/06/25 02:40:00,5017.78,110.50,TRADE
VIC1,2026/06/25 02:45:00,5047.53,124.20,TRADE
VIC1,2026/06/25 02:50:00,5025.27,141.53,TRADE
VIC1,2026/06/25 02:55:00,5050.07,143.65,TRADE
VIC1,2026/06/25 03:00:00,5043.85,145.67,TRADE
VIC1,2026/06/25 03:05:00,5022.67,123.42,TRADE
VIC1,2026/06/25 03:10:00,5034.44,145.67,TRADE
VIC1,2026/06/25 03:15:00,4965.78,109.41,TRADE
VIC1,2026/06/25 03:20:00,4995.97,140.11,TRADE
VIC1,2026/06/25 03:25:00,5035.1,110.50,TRADE
VIC1,2026/06/25 03:30:00,5052.75,122.90,TRADE
VIC1,2026/06/25 03:35:00,5068.67,145.67,TRADE
VIC1,2026/06/25 03:40:00,5046.94,110.50,TRADE
VIC1,2026/06/25 03:45:00,5082.85,125.79,TRADE
VIC1,2026/06/25 03:50:00,4989.84,126.50,TRADE
VIC1,2026/06/25 03:55:00,4985.7,119.42,TRADE
VIC1,2026/06/25 04:00:00,5015.97,145.67,TRADE
VIC1,2026/06/25 04:05:00,5056.11,114.99,TRADE
VIC1,2026/06/25 04:10:00,5063.14,148.67,TRADE
VIC1,2026/06/25 04:15:00,5061.01,148.67,TRADE
VIC1,2026/06/25 04:20:00,5056.83,114.14,TRADE
VIC1,2026/06/25 04:25:00,5165.68,148.67,TRADE
VIC1,2026/06/25 04:30:00,5146.03,148.67,TRADE
VIC1,2026/06/25 04:35:00,5101.77,148.67,TRADE
VIC1,2026/06/25 04:40:00,5104.55,148.67,TRADE
VIC1,2026/06/25 04:45:00,5207.72,148.67,TRADE
VIC1,2026/06/25 04:50:00,5200.04,133.68,TRADE
VIC1,2026/06/25 04:55:00,5191.44,148.67,TRADE
VIC1,2026/06/25 05:00:00,5275.03,155.67,TRADE
VIC1,2026/06/25 05:05:00,5312.46,148.67,TRADE
VIC1,2026/06/25 05:10:00,5307.13,148.67,TRADE
VIC1,2026/06/25 05:15:00,5356.88,148.67,TRADE
VIC1,2026/06/25 05:20:00,5407.84,155.67,TRADE
VIC1,2026/06/25 05:25:00,5528.24,151.24,TRADE
VIC1,2026/06/25 05:30:00,5562.06,132.42,TRADE
VIC1,2026/06/25 05:35:00,5546.45,148.67,TRADE
VIC1,2026/06/25 05:40:00,5713.45,164.41,TRADE
VIC1,2026/06/25 05:45:00,5726.81,148.67,TRADE
VIC1,2026/06/25 05:50:00,5809.48,177.17,TRADE
VIC1,2026/06/25 05:55:00,5855.05,171.43,TRADE
VIC1,2026/06/25 06:00:00,5839.39,147.07,TRADE
VIC1,2026/06/25 06:05:00,5894.67,155.67,TRADE
VIC1,2026/06/25 06:10:00,6046.43,135.72,TRADE
VIC1,2026/06/25 06:15:00,6172.5,168.65,TRADE
VIC1,2026/06/25 06:20:00,6271.2,177.12,TRADE
VIC1,2026/06/25 06:25:00,6409.76,171.95,TRADE
VIC1,2026/06/25 06:30:00,6529.39,177.12,TRADE
VIC1,2026/06/25 06:35:00,6518.17,177.12,TRADE
VIC1,2026/06/25 06:40:00,6677.95,190.47,TRADE
VIC1,2026/06/25 06:45:00,6793.83,206.56,TRADE
VIC1,2026/06/25 06:50:00,6862.11,200.89,TRADE
VIC1,2026/06/25 06:55:00,6948.89,163.73,TRADE
VIC1,2026/06/25 07:00:00,7075.13,213.25,TRADE
VIC1,2026/06/25 07:05:00,7024.58,139.51,TRADE
VIC1,2026/06/25 07:10:00,6884.8,177.12,TRADE
VIC1,2026/06/25 07:15:00,7118.88,189.68,TRADE
VIC1,2026/06/25 07:20:00,7412.33,219.21,TRADE
VIC1,2026/06/25 07:25:00,7501.14,219.21,TRADE
VIC1,2026/06/25 07:30:00,7644.17,215.88,TRADE
VIC1,2026/06/25 07:35:00,7706.65,242.27,TRADE
VIC1,2026/06/25 07:40:00,7776.4,241.96,TRADE
VIC1,2026/06/25 07:45:00,7816.48,244.92,TRADE
VIC1,2026/06/25 07:50:00,7793.39,239.88,TRADE
VIC1,2026/06/25 07:55:00,7852.52,190.47,TRADE
VIC1,2026/06/25 08:00:00,7969.78,214.31,TRADE
VIC1,2026/06/25 08:05:00,7980.36,216.21,TRADE
VIC1,2026/06/25 08:10:00,7991.53,191.40,TRADE
VIC1,2026/06/25 08:15:00,8035.9,191.40,TRADE
VIC1,2026/06/25 08:20:00,7999.85,191.40,TRADE
VIC1,2026/06/25 08:25:00,7997.71,191.40,TRADE
VIC1,2026/06/25 08:30:00,7871.73,174.07,TRADE
VIC1,2026/06/25 08:35:00,7841.85,191.40,TRADE
VIC1,2026/06/25 08:40:00,7898.89,213.77,TRADE
VIC1,2026/06/25 08:45:00,7752.91,191.40,TRADE
VIC1,2026/06/25 08:50:00,7728.91,148.67,TRADE
VIC1,2026/06/25 08:55:00,7693.47,148.67,TRADE
VIC1,2026/06/25 09:00:00,7655.75,148.67,TRADE
VIC1,2026/06/25 09:05:00,7696.32,189.68,TRADE
VIC1,2026/06/25 09:10:00,7685.5,150.72,TRADE
VIC1,2026/06/25 09:15:00,7581,235.48,TRADE
VIC1,2026/06/25 09:20:00,7607.57,239.69,TRADE
VIC1,2026/06/25 09:25:00,7581.17,175.99,TRADE
VIC1,2026/06/25 09:30:00,7550.81,150.06,TRADE
VIC1,2026/06/25 09:35:00,7400.49,150.13,TRADE
VIC1,2026/06/25 09:40:00,7320.36,187.69,TRADE
VIC1,2026/06/25 09:45:00,7234.88,151.90,TRADE
VIC1,2026/06/25 09:50:00,7241.22,189.68,TRADE
VIC1,2026/06/25 09:55:00,7182.98,150.07,TRADE
VIC1,2026/06/25 10:00:00,7109.86,218.78,TRADE
VIC1,2026/06/25 10:05:00,7049.01,195.12,TRADE
VIC1,2026/06/25 10:10:00,7027.4,198.89,TRADE
VIC1,2026/06/25 10:15:00,6891.68,175.69,TRADE
VIC1,2026/06/25 10:20:00,6838.54,137.96,TRADE
VIC1,2026/06/25 10:25:00,6847.8,151.30,TRADE
VIC1,2026/06/25 10:30:00,6756.16,122.67,TRADE
VIC1,2026/06/25 10:35:00,6724.02,122.67,TRADE
VIC1,2026/06/25 10:40:00,6726.44,151.99,TRADE
VIC1,2026/06/25 10:45:00,6664.89,122.67,TRADE
VIC1,2026/06/25 10:50:00,6676.9,124.24,TRADE
VIC1,2026/06/25 10:55:00,6557.65,141.78,TRADE
VIC1,2026/06/25 11:00:00,6473.53,122.67,TRADE
VIC1,2026/06/25 11:05:00,6423.14,135.19,TRADE
VIC1,2026/06/25 11:10:00,6580.21,151.59,TRADE
VIC1,2026/06/25 11:15:00,6585.57,180.25,TRADE
VIC1,2026/06/25 11:20:00,6477.48,155.67,TRADE
VIC1,2026/06/25 11:25:00,6499.32,190.47,TRADE
VIC1,2026/06/25 11:30:00,6490.84,141.78,TRADE
VIC1,2026/06/25 11:35:00,6473.4,148.67,TRADE
VIC1,2026/06/25 11:40:00,6472.21,162.92,TRADE
VIC1,2026/06/25 11:45:00,6424.87,150.68,TRADE
VIC1,2026/06/25 11:50:00,6401.9,141.78,TRADE
VIC1,2026/06/25 11:55:00,6348.88,122.67,TRADE
VIC1,2026/06/25 12:00:00,6311.65,122.67,TRADE
VIC1,2026/06/25 12:05:00,6272.89,123.70,TRADE
VIC1,2026/06/25 12:10:00,6313.34,137.15,TRADE
VIC1,2026/06/25 12:15:00,6253.87,124.41,TRADE
VIC1,2026/06/25 12:20:00,6258.29,122.67,TRADE
VIC1,2026/06/25 12:25:00,6251.48,141.78,TRADE
VIC1,2026/06/25 12:30:00,6193.19,122.67,TRADE
VIC1,2026/06/25 12:35:00,6167.3,122.67,TRADE
VIC1,2026/06/25 12:40:00,6153.3,122.67,TRADE
VIC1,2026/06/25 12:45:00,5981.24,122.67,TRADE
VIC1,2026/06/25 12:50:00,6033.37,154.58,TRADE
VIC1,2026/06/25 12:55:00,6001.05,126.22,TRADE
VIC1,2026/06/25 13:00:00,5874.81,135.21,TRADE
VIC1,2026/06/25 13:05:00,5866.71,122.67,TRADE
VIC1,2026/06/25 13:10:00,5847.64,111.94,TRADE
VIC1,2026/06/25 13:15:00,5885.06,122.67,TRADE
VIC1,2026/06/25 13:20:00,5848.27,114.40,TRADE
VIC1,2026/06/25 13:25:00,5806.76,102.44,TRADE
VIC1,2026/06/25 13:30:00,5663.28,122.67,TRADE
VIC1,2026/06/25 13:35:00,5685.71,132.34,TRADE
VIC1,2026/06/25 13:40:00,5632.16,123.97,TRADE
VIC1,2026/06/25 13:45:00,5644.86,126.71,TRADE
VIC1,2026/06/25 13:50:00,5596.23,127.67,TRADE
VIC1,2026/06/25 13:55:00,5660.72,122.67,TRADE
VIC1,2026/06/25 14:00:00,5647.43,125.93,TRADE
VIC1,2026/06/25 14:05:00,5577.95,119.50,TRADE
VIC1,2026/06/25 14:10:00,5474.13,111.80,TRADE
VIC1,2026/06/25 14:15:00,5517.44,123.79,TRADE
VIC1,2026/06/25 14:20:00,5518.16,111.40,TRADE
VIC1,2026/06/25 14:25:00,5554.64,115,TRADE
VIC1,2026/06/25 14:30:00,5465.66,87.98,TRADE
VIC1,2026/06/25 14:35:00,5497.4,93.86,TRADE
VIC1,2026/06/25 14:40:00,5540.15,110.50,TRADE
VIC1,2026/06/25 14:45:00,5573.88,118.94,TRADE
VIC1,2026/06/25 14:50:00,5567.97,122.67,TRADE
VIC1,2026/06/25 14:55:00,5585.75,119.48,TRADE
VIC1,2026/06/25 15:00:00,5614.91,128.95,TRADE
VIC1,2026/06/25 15:05:00,5618.22,119.89,TRADE
VIC1,2026/06/25 15:10:00,5657.96,113.75,TRADE
VIC1,2026/06/25 15:15:00,5572.11,114.66,TRADE
VIC1,2026/06/25 15:20:00,5644.92,116.80,TRADE
VIC1,2026/06/25 15:25:00,5694.57,115.93,TRADE
VIC1,2026/06/25 15:30:00,5776.54,156.01,TRADE
VIC1,2026/06/25 15:35:00,5759.22,115.56,TRADE
VIC1,2026/06/25 15:40:00,5966.46,152.03,TRADE
VIC1,2026/06/25 15:45:00,5913.17,184.37,TRADE
VIC1,2026/06/25 15:50:00,5991.65,140.62,TRADE
VIC1,2026/06/25 15:55:00,6092.03,181.01,TRADE
VIC1,2026/06/25 16:00:00,6165.53,148.68,TRADE
VIC1,2026/06/25 16:05:00,6290.2,163.03,TRADE
VIC1,2026/06/25 16:10:00,6376.01,181.94,TRADE
VIC1,2026/06/25 16:15:00,6526.68,172.86,TRADE
VIC1,2026/06/25 16:20:00,6598.06,174.26,TRADE
VIC1,2026/06/25 16:25:00,6626.51,185.68,TRADE
VIC1,2026/06/25 16:30:00,6684.15,191.40,TRADE
VIC1,2026/06/25 16:35:00,6851.51,214.49,TRADE
VIC1,2026/06/25 16:40:00,6909.87,191.40,TRADE
VIC1,2026/06/25 16:45:00,6950.37,221.80,TRADE
VIC1,2026/06/25 16:50:00,7004.09,200.89,TRADE
VIC1,2026/06/25 16:55:00,7094.04,207.54,TRADE
VIC1,2026/06/25 17:00:00,7238.24,231.34,TRADE
VIC1,2026/06/25 17:05:00,7312.61,216.89,TRADE
VIC1,2026/06/25 17:10:00,7275.65,201.45,TRADE
VIC1,2026/06/25 17:15:00,7356.85,185.37,TRADE
VIC1,2026/06/25 17:20:00,7519.18,189.68,TRADE
VIC1,2026/06/25 17:25:00,7582.91,230.34,TRADE
VIC1,2026/06/25 17:30:00,7601.78,234.93,TRADE
VIC1,2026/06/25 17:35:00,7655.7,187.43,TRADE
VIC1,2026/06/25 17:40:00,7815.86,186,TRADE
VIC1,2026/06/25 17:45:00,7832.6,187.69,TRADE
VIC1,2026/06/25 17:50:00,7918.19,190,TRADE
VIC1,2026/06/25 17:55:00,7986.44,187.69,TRADE
VIC1,2026/06/25 18:00:00,8013.68,187.69,TRADE
VIC1,2026/06/25 18:05:00,7915.67,218.21,TRADE
VIC1,2026/06/25 18:10:00,7586.25,178.52,TRADE
VIC1,2026/06/25 18:15:00,7582.61,176.85,TRADE
VIC1,2026/06/25 18:20:00,7682.42,191.40,TRADE
VIC1,2026/06/25 18:25:00,7665.87,185.80,TRADE
VIC1,2026/06/25 18:30:00,7629.58,175.69,TRADE
VIC1,2026/06/25 18:35:00,7657.82,175.69,TRADE
VIC1,2026/06/25 18:40:00,7662.55,149.28,TRADE
VIC1,2026/06/25 18:45:00,7679.86,146.41,TRADE
VIC1,2026/06/25 18:50:00,7656.49,152.04,TRADE
VIC1,2026/06/25 18:55:00,7596.62,158.65,TRADE
VIC1,2026/06/25 19:00:00,7574.3,148.77,TRADE
VIC1,2026/06/25 19:05:00,7761.69,163.73,TRADE
VIC1,2026/06/25 19:10:00,7813.09,175.69,TRADE
VIC1,2026/06/25 19:15:00,7787.02,175.69,TRADE
VIC1,2026/06/25 19:20:00,7798.24,177.13,TRADE
VIC1,2026/06/25 19:25:00,7811.14,144.68,TRADE
VIC1,2026/06/25 19:30:00,7844.33,141.41,TRADE
VIC1,2026/06/25 19:35:00,7864.57,175.69,TRADE
VIC1,2026/06/25 19:40:00,7825.23,150.28,TRADE
VIC1,2026/06/25 19:45:00,7721.48,134.76,TRADE
VIC1,2026/06/25 19:50:00,7733.71,138.09,TRADE
VIC1,2026/06/25 19:55:00,7737.43,138.03,TRADE
VIC1,2026/06/25 20:00:00,7736.98,163.14,TRADE
VIC1,2026/06/25 20:05:00,7647.14,187.91,TRADE
VIC1,2026/06/25 20:10:00,7583.65,185.55,TRADE
VIC1,2026/06/25 20:15:00,7599.13,145.07,TRADE
VIC1,2026/06/25 20:20:00,7612.33,182.60,TRADE
VIC1,2026/06/25 20:25:00,7557.74,160.94,TRADE
VIC1,2026/06/25 20:30:00,7579.54,160.88,TRADE
VIC1,2026/06/25 20:35:00,7470.84,141.69,TRADE
VIC1,2026/06/25 20:40:00,7459.6,144.68,TRADE
VIC1,2026/06/25 20:45:00,7456.78,175.06,TRADE
VIC1,2026/06/25 20:50:00,7341.19,141.69,TRADE
VIC1,2026/06/25 20:55:00,7412.5,141.69,TRADE
VIC1,2026/06/25 21:00:00,7284.12,132.71,TRADE
VIC1,2026/06/25 21:05:00,7333.26,135.33,TRADE
VIC1,2026/06/25 21:10:00,7306.86,147.45,TRADE
VIC1,2026/06/25 21:15:00,7253.54,130.35,TRADE
VIC1,2026/06/25 21:20:00,7210.02,127.40,TRADE
VIC1,2026/06/25 21:25:00,7102.66,124.77,TRADE
VIC1,2026/06/25 21:30:00,7062.14,118.70,TRADE
VIC1,2026/06/25 21:35:00,7054.3,136.74,TRADE
VIC1,2026/06/25 21:40:00,7026.55,126.30,TRADE
VIC1,2026/06/25 21:45:00,6917.01,121.91,TRADE
VIC1,2026/06/25 21:50:00,6867.87,123.72,TRADE
VIC1,2026/06/25 21:55:00,6847.06,128.77,TRADE
VIC1,2026/06/25 22:00:00,6796,128.33,TRADE
VIC1,2026/06/25 22:05:00,6765.44,132.93,TRADE
VIC1,2026/06/25 22:10:00,6708.02,140.25,TRADE
VIC1,2026/06/25 22:15:00,6592.64,129.42,TRADE
VIC1,2026/06/25 22:20:00,6559.32,115,TRADE
VIC1,2026/06/25 22:25:00,6557.24,118.15,TRADE
VIC1,2026/06/25 22:30:00,6484.49,115,TRADE
VIC1,2026/06/25 22:35:00,6382.84,127.82,TRADE
VIC1,2026/06/25 22:40:00,6315.08,130.61,TRADE
VIC1,2026/06/25 22:45:00,6317.5,112.62,TRADE
VIC1,2026/06/25 22:50:00,6246.86,112.55,TRADE
VIC1,2026/06/25 22:55:00,6244.59,128.77,TRADE
VIC1,2026/06/25 23:00:00,6209.9,127.49,TRADE
VIC1,2026/06/25 23:05:00,6138.41,110.50,TRADE
VIC1,2026/06/25 23:10:00,6191.09,118.99,TRADE
VIC1,2026/06/25 23:15:00,6188.39,116.76,TRADE
VIC1,2026/06/25 23:20:00,6242.47,115.78,TRADE
VIC1,2026/06/25 23:25:00,6224.45,111.02,TRADE
VIC1,2026/06/25 23:30:00,6169.96,110.50,TRADE
VIC1,2026/06/25 23:35:00,6189.22,115.08,TRADE
VIC1,2026/06/25 23:40:00,6149.46,114.17,TRADE
VIC1,2026/06/25 23:45:00,6079.05,114.04,TRADE
VIC1,2026/06/25 23:50:00,6035.05,113.95,TRADE
VIC1,2026/06/25 23:55:00,5923.52,104.65,TRADE
VIC1,2026/06/26 00:00:00,5889.16,103.86,TRADE
VIC1,2026/06/26 00:05:00,5959.12,109.96,TRADE
VIC1,2026/06/26 00:10:00,5923.52,109.81,TRADE
VIC1,2026/06/26 00:15:00,5827.42,110.50,TRADE
VIC1,2026/06/26 00:20:00,5791.33,108.67,TRADE
VIC1,2026/06/26 00:25:00,5771.47,107.88,TRADE
VIC1,2026/06/26 00:30:00,5718.67,105.75,TRADE
VIC1,2026/06/26 00:35:00,5743.44,110.50,TRADE
VIC1,2026/06/26 00:40:00,5700.16,115.28,TRADE
VIC1,2026/06/26 00:45:00,5694.44,110.50,TRADE
VIC1,2026/06/26 00:50:00,5674.87,110.50,TRADE
VIC1,2026/06/26 00:55:00,5573.88,110.50,TRADE
VIC1,2026/06/26 01:00:00,5549.08,110.50,TRADE
VIC1,2026/06/26 01:05:00,5554.62,110.50,TRADE
VIC1,2026/06/26 01:10:00,5547.31,110.50,TRADE
VIC1,2026/06/26 01:15:00,5499.37,110.50,TRADE
VIC1,2026/06/26 01:20:00,5439.86,110.50,TRADE
VIC1,2026/06/26 01:25:00,5466.51,110.50,TRADE
VIC1,2026/06/26 01:30:00,5455.65,110.50,TRADE
VIC1,2026/06/26 01:35:00,5433.62,117.82,TRADE
VIC1,2026/06/26 01:40:00,5373.63,119.65,TRADE
VIC1,2026/06/26 01:45:00,5286.78,106.68,TRADE
VIC1,2026/06/26 01:50:00,5257.92,110.50,TRADE
VIC1,2026/06/26 01:55:00,5233.17,133.70,TRADE
VIC1,2026/06/26 02:00:00,5221.56,105.80,TRADE
VIC1,2026/06/26 02:05:00,5192.64,110.50,TRADE
VIC1,2026/06/26 02:10:00,5193.68,125.77,TRADE
VIC1,2026/06/26 02:15:00,5190.28,133.68,TRADE
VIC1,2026/06/26 02:20:00,5178.68,102.26,TRADE
VIC1,2026/06/26 02:25:00,5113.47,115.89,TRADE
VIC1,2026/06/26 02:30:00,5112.53,100.94,TRADE
VIC1,2026/06/26 02:35:00,5170.14,104.28,TRADE
VIC1,2026/06/26 02:40:00,5136.18,106.68,TRADE
VIC1,2026/06/26 02:45:00,5149.63,131.25,TRADE
VIC1,2026/06/26 02:50:00,5103.46,120.72,TRADE
VIC1,2026/06/26 02:55:00,5030.07,97.60,TRADE
VIC1,2026/06/26 03:00:00,5038.51,102.44,TRADE
VIC1,2026/06/26 03:05:00,5055.93,117.87,TRADE
VIC1,2026/06/26 03:10:00,5025.71,123.83,TRADE
VIC1,2026/06/26 03:15:00,5022.1,85.12,TRADE
VIC1,2026/06/26 03:20:00,5011.38,110.50,TRADE
VIC1,2026/06/26 03:25:00,5052.39,124.70,TRADE
VIC1,2026/06/26 03:30:00,4971.87,113.83,TRADE
VIC1,2026/06/26 03:35:00,5069.81,97.50,TRADE
VIC1,2026/06/26 03:40:00,5051.82,102.44,TRADE
VIC1,2026/06/26 03:45:00,5079.76,98.70,TRADE
VIC1,2026/06/26 03:50:00,5058.58,101.48,TRADE
VIC1,2026/06/26 03:55:00,4983.65,97.50,TRADE
VIC1,2026/06/26 04:00:00,5022.35,97.50,TRADE
VIC1,2026/06/26 04:05:00,5050.06,102.44,TRADE
VIC1,2026/06/26 04:10:00,5076.34,108.31,TRADE
VIC1,2026/06/26 04:15:00,5025.82,110.50,TRADE
VIC1,2026/06/26 04:20:00,5030.6,110.50,TRADE
VIC1,2026/06/26 04:25:00,5026.34,109.01,TRADE
VIC1,2026/06/26 04:30:00,5102.09,110.50,TRADE
VIC1,2026/06/26 04:35:00,5121.2,110.50,TRADE
VIC1,2026/06/26 04:40:00,5144.41,110.50,TRADE
VIC1,2026/06/26 04:45:00,5181.94,117.06,TRADE
VIC1,2026/06/26 04:50:00,5101.96,110.31,TRADE
VIC1,2026/06/26 04:55:00,5139.44,110.50,TRADE
VIC1,2026/06/26 05:00:00,5150.59,121.64,TRADE
VIC1,2026/06/26 05:05:00,5214.44,127.12,TRADE
VIC1,2026/06/26 05:10:00,5346.07,120.81,TRADE
VIC1,2026/06/26 05:15:00,5360.49,115.38,TRADE
VIC1,2026/06/26 05:20:00,5422.18,132.54,TRADE
VIC1,2026/06/26 05:25:00,5410.12,129.42,TRADE
VIC1,2026/06/26 05:30:00,5453.39,112.50,TRADE
VIC1,2026/06/26 05:35:00,5540.21,110.50,TRADE
VIC1,2026/06/26 05:40:00,5616.21,113.42,TRADE
VIC1,2026/06/26 05:45:00,5658.58,114.36,TRADE
VIC1,2026/06/26 05:50:00,5747.96,120.80,TRADE
VIC1,2026/06/26 05:55:00,5706.83,128.77,TRADE
VIC1,2026/06/26 06:00:00,5793.87,126.89,TRADE
VIC1,2026/06/26 06:05:00,5897.22,126.19,TRADE
VIC1,2026/06/26 06:10:00,6030.45,177.38,TRADE
VIC1,2026/06/26 06:15:00,6062.61,141.01,TRADE
VIC1,2026/06/26 06:20:00,6147.39,143.07,TRADE
VIC1,2026/06/26 06:25:00,6218.32,148.84,TRADE
VIC1,2026/06/26 06:30:00,6354.93,179.90,TRADE
VIC1,2026/06/26 06:35:00,6435.56,123.20,TRADE
VIC1,2026/06/26 06:40:00,6586.6,137.68,TRADE
VIC1,2026/06/26 06:45:00,6716.9,146.86,TRADE
VIC1,2026/06/26 06:50:00,6677.58,144.53,TRADE
VIC1,2026/06/26 06:55:00,6778.75,156.31,TRADE
VIC1,2026/06/26 07:00:00,6902.83,165.20,TRADE
VIC1,2026/06/26 07:05:00,7019.35,171.59,TRADE
VIC1,2026/06/26 07:10:00,7011.67,169.21,TRADE
VIC1,2026/06/26 07:15:00,7083.4,169.39,TRADE
VIC1,2026/06/26 07:20:00,7187.21,173.38,TRADE
VIC1,2026/06/26 07:25:00,7326.19,189.89,TRADE
VIC1,2026/06/26 07:30:00,7431.45,176.69,TRADE
VIC1,2026/06/26 07:35:00,7538.29,179.22,TRADE
VIC1,2026/06/26 07:40:00,7589.83,175.58,TRADE
VIC1,2026/06/26 07:45:00,7569.04,182.07,TRADE
VIC1,2026/06/26 07:50:00,7595.39,177.76,TRADE
VIC1,2026/06/26 07:55:00,7751.94,181.18,TRADE
VIC1,2026/06/26 08:00:00,7760.64,172.02,TRADE
VIC1,2026/06/26 08:05:00,7729.5,184.39,TRADE
VIC1,2026/06/26 08:10:00,7758.19,186.49,TRADE
VIC1,2026/06/26 08:15:00,7838.64,169.69,TRADE
VIC1,2026/06/26 08:20:00,7846.84,169.69,TRADE
VIC1,2026/06/26 08:25:00,7913.65,188.52,TRADE
VIC1,2026/06/26 08:30:00,7773.14,169.11,TRADE
VIC1,2026/06/26 08:35:00,7779.6,166.80,TRADE
VIC1,2026/06/26 08:40:00,7785.64,178.10,TRADE
VIC1,2026/06/26 08:45:00,7794.04,182.53,TRADE
VIC1,2026/06/26 08:50:00,7809.12,189.68,TRADE
VIC1,2026/06/26 08:55:00,7677.84,186.62,TRADE
VIC1,2026/06/26 09:00:00,7616.63,169.69,TRADE
VIC1,2026/06/26 09:05:00,7730.1,171.70,TRADE
VIC1,2026/06/26 09:10:00,7725.47,187.69,TRADE
VIC1,2026/06/26 09:15:00,7708.99,213.50,TRADE
VIC1,2026/06/26 09:20:00,7581.84,187.69,TRADE
VIC1,2026/06/26 09:25:00,7583.31,169.69,TRADE
VIC1,2026/06/26 09:30:00,7541.86,166.40,TRADE
VIC1,2026/06/26 09:35:00,7533.07,169.69,TRADE
VIC1,2026/06/26 09:40:00,7532.85,169.47,TRADE
VIC1,2026/06/26 09:45:00,7482.57,169.69,TRADE
VIC1,2026/06/26 09:50:00,7375.26,169.69,TRADE
VIC1,2026/06/26 09:55:00,7293.93,185.89,TRADE
VIC1,2026/06/26 10:00:00,7299.88,187.69,TRADE
VIC1,2026/06/26 10:05:00,7259.65,169.30,TRADE
VIC1,2026/06/26 10:10:00,7302.97,176.26,TRADE
VIC1,2026/06/26 10:15:00,7181.82,175.64,TRADE
VIC1,2026/06/26 10:20:00,7140.02,202.19,TRADE
VIC1,2026/06/26 10:25:00,7057.32,187.69,TRADE
VIC1,2026/06/26 10:30:00,7071.15,181.74,TRADE
VIC1,2026/06/26 10:35:00,6985.46,140.21,TRADE
VIC1,2026/06/26 10:40:00,6991.1,190.08,TRADE
VIC1,2026/06/26 10:45:00,6953.87,218.69,TRADE
VIC1,2026/06/26 10:50:00,6899.81,202.57,TRADE
VIC1,2026/06/26 10:55:00,6880.26,180.63,TRADE
VIC1,2026/06/26 11:00:00,6840.57,144.19,TRADE
VIC1,2026/06/26 11:05:00,6832.61,203.97,TRADE
VIC1,2026/06/26 11:10:00,6923.9,206.58,TRADE
VIC1,2026/06/26 11:15:00,6805.47,203.74,TRADE
VIC1,2026/06/26 11:20:00,6768.82,187.69,TRADE
VIC1,2026/06/26 11:25:00,6753.4,201.57,TRADE
VIC1,2026/06/26 11:30:00,6682.12,145.08,TRADE
VIC1,2026/06/26 11:35:00,6670.78,135.78,TRADE
VIC1,2026/06/26 11:40:00,6535.13,134.74,TRADE
VIC1,2026/06/26 11:45:00,6444.03,135.39,TRADE
VIC1,2026/06/26 11:50:00,6463.59,142.31,TRADE
VIC1,2026/06/26 11:55:00,6353.25,132.23,TRADE
VIC1,2026/06/26 12:00:00,6349.57,125.86,TRADE
VIC1,2026/06/26 12:05:00,6193.43,132.69,TRADE
VIC1,2026/06/26 12:10:00,6069.55,134.98,TRADE
VIC1,2026/06/26 12:15:00,5961.75,116.59,TRADE
VIC1,2026/06/26 12:20:00,5964.13,120.81,TRADE
VIC1,2026/06/26 12:25:00,5931.9,136.56,TRADE
VIC1,2026/06/26 12:30:00,5761.38,106.68,TRADE
VIC1,2026/06/26 12:35:00,5711.58,110.50,TRADE
VIC1,2026/06/26 12:40:00,5722.77,116.12,TRADE
VIC1,2026/06/26 12:45:00,5649,110.50,TRADE
VIC1,2026/06/26 12:50:00,5561.69,99.99,TRADE
VIC1,2026/06/26 12:55:00,5447.43,100.36,TRADE
VIC1,2026/06/26 13:00:00,5414.52,104.71,TRADE
VIC1,2026/06/26 13:05:00,5373.55,122.67,TRADE
VIC1,2026/06/26 13:10:00,5435.17,126.17,TRADE
VIC1,2026/06/26 13:15:00,5428.01,122.67,TRADE
VIC1,2026/06/26 13:20:00,5394.18,99.99,TRADE
VIC1,2026/06/26 13:25:00,5368.8,89.70,TRADE
VIC1,2026/06/26 13:30:00,5419.56,99.99,TRADE
VIC1,2026/06/26 13:35:00,5364.53,95.85,TRADE
VIC1,2026/06/26 13:40:00,5317.81,82.14,TRADE
VIC1,2026/06/26 13:45:00,5304.6,82.58,TRADE
VIC1,2026/06/26 13:50:00,5361.34,82.99,TRADE
VIC1,2026/06/26 13:55:00,5355.78,83.31,TRADE
VIC1,2026/06/26 14:00:00,5302.51,83.22,TRADE
VIC1,2026/06/26 14:05:00,5295.5,80.67,TRADE
VIC1,2026/06/26 14:10:00,5255.65,80.67,TRADE
VIC1,2026/06/26 14:15:00,5255.32,80.67,TRADE
VIC1,2026/06/26 14:20:00,5271.09,69.78,TRADE
VIC1,2026/06/26 14:25:00,5201.05,74.76,TRADE
VIC1,2026/06/26 14:30:00,5235.13,71.66,TRADE
VIC1,2026/06/26 14:35:00,5306.43,80.33,TRADE
VIC1,2026/06/26 14:40:00,5340.13,70.77,TRADE
VIC1,2026/06/26 14:45:00,5357.45,71.40,TRADE
VIC1,2026/06/26 14:50:00,5404.97,72.44,TRADE
VIC1,2026/06/26 14:55:00,5480.94,74.08,TRADE
VIC1,2026/06/26 15:00:00,5468.31,70.78,TRADE
VIC1,2026/06/26 15:05:00,5495.18,73.89,TRADE
VIC1,2026/06/26 15:10:00,5564.37,80.51,TRADE
VIC1,2026/06/26 15:15:00,5554.4,71.51,TRADE
VIC1,2026/06/26 15:20:00,5599.8,71.67,TRADE
VIC1,2026/06/26 15:25:00,5734.44,80.50,TRADE
VIC1,2026/06/26 15:30:00,5783.26,82.99,TRADE
VIC1,2026/06/26 15:35:00,5779,93.53,TRADE
VIC1,2026/06/26 15:40:00,5946.49,110.50,TRADE
VIC1,2026/06/26 15:45:00,5984.21,113.94,TRADE
VIC1,2026/06/26 15:50:00,6084.2,141.69,TRADE
VIC1,2026/06/26 15:55:00,6159.96,167.12,TRADE
VIC1,2026/06/26 16:00:00,6159.91,167.49,TRADE
VIC1,2026/06/26 16:05:00,6245.49,132.19,TRADE
VIC1,2026/06/26 16:10:00,6317.04,133.85,TRADE
VIC1,2026/06/26 16:15:00,6464.24,173.08,TRADE
VIC1,2026/06/26 16:20:00,6463.98,167.88,TRADE
VIC1,2026/06/26 16:25:00,6594.9,175.57,TRADE
VIC1,2026/06/26 16:30:00,6679.56,177.30,TRADE
VIC1,2026/06/26 16:35:00,6762.82,178.12,TRADE
VIC1,2026/06/26 16:40:00,6839.33,178.51,TRADE
VIC1,2026/06/26 16:45:00,6834.17,174.62,TRADE
VIC1,2026/06/26 16:50:00,7010.27,176.78,TRADE
VIC1,2026/06/26 16:55:00,7065.81,191.40,TRADE
VIC1,2026/06/26 17:00:00,7141.71,218.69,TRADE
VIC1,2026/06/26 17:05:00,7147.87,177.29,TRADE
VIC1,2026/06/26 17:10:00,7322.25,172.61,TRADE
VIC1,2026/06/26 17:15:00,7431.81,187.69,TRADE
VIC1,2026/06/26 17:20:00,7505.18,183.20,TRADE
VIC1,2026/06/26 17:25:00,7560.66,190.47,TRADE
VIC1,2026/06/26 17:30:00,7527.34,187.69,TRADE
VIC1,2026/06/26 17:35:00,7632.83,181.95,TRADE
VIC1,2026/06/26 17:40:00,7428.97,176.45,TRADE
VIC1,2026/06/26 17:45:00,7545.85,180.99,TRADE
VIC1,2026/06/26 17:50:00,7545.96,177.19,TRADE
VIC1,2026/06/26 17:55:00,7596.13,182.49,TRADE
VIC1,2026/06/26 18:00:00,7581.85,187.69,TRADE
VIC1,2026/06/26 18:05:00,7628.38,183.42,TRADE
VIC1,2026/06/26 18:10:00,7495.7,182,TRADE
VIC1,2026/06/26 18:15:00,7483.21,180.73,TRADE
VIC1,2026/06/26 18:20:00,7557.58,182.60,TRADE
VIC1,2026/06/26 18:25:00,7557.38,165.20,TRADE
VIC1,2026/06/26 18:30:00,7528.19,178.65,TRADE
VIC1,2026/06/26 18:35:00,7728.78,181.58,TRADE
VIC1,2026/06/26 18:40:00,7778.54,187.22,TRADE
VIC1,2026/06/26 18:45:00,7766.2,168.44,TRADE
VIC1,2026/06/26 18:50:00,7804.3,169.69,TRADE
VIC1,2026/06/26 18:55:00,7831.57,184.82,TRADE
VIC1,2026/06/26 19:00:00,7750.19,169.69,TRADE
VIC1,2026/06/26 19:05:00,7689.63,165.20,TRADE
VIC1,2026/06/26 19:10:00,7674.45,169.74,TRADE
VIC1,2026/06/26 19:15:00,7662.94,169.69,TRADE
VIC1,2026/06/26 19:20:00,7641.47,169.69,TRADE
VIC1,2026/06/26 19:25:00,7651.8,165.20,TRADE
VIC1,2026/06/26 19:30:00,7652.33,182.30,TRADE
VIC1,2026/06/26 19:35:00,7606.34,182.60,TRADE
VIC1,2026/06/26 19:40:00,7574.57,169.69,TRADE
VIC1,2026/06/26 19:45:00,7581.89,183.71,TRADE
VIC1,2026/06/26 19:50:00,7568.87,182.37,TRADE
VIC1,2026/06/26 19:55:00,7540.25,179.75,TRADE
VIC1,2026/06/26 20:00:00,7525.97,180.33,TRADE
VIC1,2026/06/26 20:05:00,7527.26,183.20,TRADE
VIC1,2026/06/26 20:10:00,7491.34,187.69,TRADE
VIC1,2026/06/26 20:15:00,7493.26,187.69,TRADE
VIC1,2026/06/26 20:20:00,7432.95,176.81,TRADE
VIC1,2026/06/26 20:25:00,7479.84,183.73,TRADE
VIC1,2026/06/26 20:30:00,7479.11,186.60,TRADE
VIC1,2026/06/26 20:35:00,7471.74,190.57,TRADE
VIC1,2026/06/26 20:40:00,7419.04,187.69,TRADE
VIC1,2026/06/26 20:45:00,7383.32,190.09,TRADE
VIC1,2026/06/26 20:50:00,7345.22,191.40,TRADE
VIC1,2026/06/26 20:55:00,7320.53,190.47,TRADE
VIC1,2026/06/26 21:00:00,7303.64,191.40,TRADE
VIC1,2026/06/26 21:05:00,7203.86,191.40,TRADE
VIC1,2026/06/26 21:10:00,7184.69,191.40,TRADE
VIC1,2026/06/26 21:15:00,7213.54,191.40,TRADE
VIC1,2026/06/26 21:20:00,7209.08,191.40,TRADE
VIC1,2026/06/26 21:25:00,7077.7,191.40,TRADE
VIC1,2026/06/26 21:30:00,7134.41,244.45,TRADE
VIC1,2026/06/26 21:35:00,7101.48,210.48,TRADE
VIC1,2026/06/26 21:40:00,6979.07,199.86,TRADE
VIC1,2026/06/26 21:45:00,7011.28,197.86,TRADE
VIC1,2026/06/26 21:50:00,6969.52,194.67,TRADE
VIC1,2026/06/26 21:55:00,6861.41,190.30,TRADE
VIC1,2026/06/26 22:00:00,6874.25,190.59,TRADE
VIC1,2026/06/26 22:05:00,6745.17,188.87,TRADE
VIC1,2026/06/26 22:10:00,6767.07,189.76,TRADE
VIC1,2026/06/26 22:15:00,6714.06,206.24,TRADE
VIC1,2026/06/26 22:20:00,6679.7,190.95,TRADE
VIC1,2026/06/26 22:25:00,6661.58,188.23,TRADE
VIC1,2026/06/26 22:30:00,6623.55,166.58,TRADE
VIC1,2026/06/26 22:35:00,6517.6,172.79,TRADE
VIC1,2026/06/26 22:40:00,6469.66,164.72,TRADE
VIC1,2026/06/26 22:45:00,6469.32,179.91,TRADE
VIC1,2026/06/26 22:50:00,6452.78,132.53,TRADE
VIC1,2026/06/26 22:55:00,6329.42,114.10,TRADE
VIC1,2026/06/26 23:00:00,6375.32,155.71,TRADE
VIC1,2026/06/26 23:05:00,6340.72,202.25,TRADE
VIC1,2026/06/26 23:10:00,6436.37,135.89,TRADE
VIC1,2026/06/26 23:15:00,6365.14,149.73,TRADE
VIC1,2026/06/26 23:20:00,6387.02,193.46,TRADE
VIC1,2026/06/26 23:25:00,6292.32,119.25,TRADE
VIC1,2026/06/26 23:30:00,6281.16,172.31,TRADE
VIC1,2026/06/26 23:35:00,6235.1,134,TRADE
VIC1,2026/06/26 23:40:00,6244.93,189.68,TRADE
VIC1,2026/06/26 23:45:00,6188.13,188.53,TRADE
VIC1,2026/06/26 23:50:00,6121.16,150.36,TRADE
VIC1,2026/06/26 23:55:00,6074.04,133.86,TRADE
VIC1,2026/06/27 00:00:00,6064.4,133.71,TRADE
VIC1,2026/06/27 00:05:00,6043.35,134.83,TRADE
VIC1,2026/06/27 00:10:00,5960.71,136.86,TRADE
VIC1,2026/06/27 00:15:00,5920.12,143.38,TRADE
VIC1,2026/06/27 00:20:00,5915,137.27,TRADE
VIC1,2026/06/27 00:25:00,5892.07,136.14,TRADE
VIC1,2026/06/27 00:30:00,5908.34,136.26,TRADE
VIC1,2026/06/27 00:35:00,5836.85,136.87,TRADE
VIC1,2026/06/27 00:40:00,5795.48,148.67,TRADE
VIC1,2026/06/27 00:45:00,5769.18,146.54,TRADE
VIC1,2026/06/27 00:50:00,5726.63,126.10,TRADE
VIC1,2026/06/27 00:55:00,5629.96,125.70,TRADE
VIC1,2026/06/27 01:00:00,5576.9,114.46,TRADE
VIC1,2026/06/27 01:05:00,5590.74,128.09,TRADE
VIC1,2026/06/27 01:10:00,5519.22,127.96,TRADE
VIC1,2026/06/27 01:15:00,5559.24,119.28,TRADE
VIC1,2026/06/27 01:20:00,5542.32,112.07,TRADE
VIC1,2026/06/27 01:25:00,5479.28,111.39,TRADE
VIC1,2026/06/27 01:30:00,5518.36,126.23,TRADE
VIC1,2026/06/27 01:35:00,5446.46,130.02,TRADE
VIC1,2026/06/27 01:40:00,5416.31,128.07,TRADE
VIC1,2026/06/27 01:45:00,5394.65,112.99,TRADE
VIC1,2026/06/27 01:50:00,5368.31,117.17,TRADE
VIC1,2026/06/27 01:55:00,5257.71,118.80,TRADE
VIC1,2026/06/27 02:00:00,5317.33,110.50,TRADE
VIC1,2026/06/27 02:05:00,5199.61,110.50,TRADE
VIC1,2026/06/27 02:10:00,5236.31,126.32,TRADE
VIC1,2026/06/27 02:15:00,5213.24,125.25,TRADE
VIC1,2026/06/27 02:20:00,5212.83,110.50,TRADE
VIC1,2026/06/27 02:25:00,5199.63,115.21,TRADE
VIC1,2026/06/27 02:30:00,5169.41,122.77,TRADE
VIC1,2026/06/27 02:35:00,5162.4,110.50,TRADE
VIC1,2026/06/27 02:40:00,5163.3,117.64,TRADE
VIC1,2026/06/27 02:45:00,5086.55,115.84,TRADE
VIC1,2026/06/27 02:50:00,5082.79,110.50,TRADE
VIC1,2026/06/27 02:55:00,5105.21,109.98,TRADE
VIC1,2026/06/27 03:00:00,5081.31,110.50,TRADE
VIC1,2026/06/27 03:05:00,5038.73,114.75,TRADE
VIC1,2026/06/27 03:10:00,5082.5,115.77,TRADE
VIC1,2026/06/27 03:15:00,5086.93,110.50,TRADE
VIC1,2026/06/27 03:20:00,5080.48,110.50,TRADE
VIC1,2026/06/27 03:25:00,5052.27,110.50,TRADE
VIC1,2026/06/27 03:30:00,4977.45,122.84,TRADE
VIC1,2026/06/27 03:35:00,5019.75,125.61,TRADE
VIC1,2026/06/27 03:40:00,5026,123.76,TRADE
VIC1,2026/06/27 03:45:00,4956.6,106.68,TRADE
VIC1,2026/06/27 03:50:00,5008.96,110.50,TRADE
VIC1,2026/06/27 03:55:00,5003.95,110.50,TRADE
VIC1,2026/06/27 04:00:00,4981.06,110.50,TRADE
VIC1,2026/06/27 04:05:00,4974.37,108.32,TRADE
VIC1,2026/06/27 04:10:00,4928.64,110.50,TRADE
VIC1,2026/06/27 04:15:00,4924.55,122.67,TRADE
VIC1,2026/06/27 04:20:00,4989.2,116.76,TRADE
VIC1,2026/06/27 04:25:00,4977.48,122.67,TRADE
VIC1,2026/06/27 04:30:00,4983.28,110.67,TRADE
VIC1,2026/06/27 04:35:00,5009.28,113.08,TRADE
VIC1,2026/06/27 04:40:00,5009.6,126.68,TRADE
VIC1,2026/06/27 04:45:00,5014.6,118.60,TRADE
VIC1,2026/06/27 04:50:00,5027.49,148.67,TRADE
VIC1,2026/06/27 04:55:00,4963.47,148.67,TRADE
VIC1,2026/06/27 05:00:00,4973.3,119.12,TRADE
VIC1,2026/06/27 05:05:00,5042.47,148.67,TRADE
VIC1,2026/06/27 05:10:00,5075.17,146.83,TRADE
VIC1,2026/06/27 05:15:00,5040.19,127.07,TRADE
VIC1,2026/06/27 05:20:00,5129.96,115.67,TRADE
VIC1,2026/06/27 05:25:00,5144.71,118.51,TRADE
VIC1,2026/06/27 05:30:00,5162.23,122.94,TRADE
VIC1,2026/06/27 05:35:00,5185.06,117.53,TRADE
VIC1,2026/06/27 05:40:00,5142.97,126.75,TRADE
VIC1,2026/06/27 05:45:00,5170.36,127.07,TRADE
VIC1,2026/06/27 05:50:00,5282.92,119.32,TRADE
VIC1,2026/06/27 05:55:00,5286.95,120.95,TRADE
VIC1,2026/06/27 06:00:00,5300.11,118.36,TRADE
VIC1,2026/06/27 06:05:00,5355.45,110.50,TRADE
VIC1,2026/06/27 06:10:00,5401.82,120.08,TRADE
VIC1,2026/06/27 06:15:00,5448.04,110.50,TRADE
VIC1,2026/06/27 06:20:00,5472.33,114.20,TRADE
VIC1,2026/06/27 06:25:00,5494.32,115.14,TRADE
VIC1,2026/06/27 06:30:00,5492.8,114.27,TRADE
VIC1,2026/06/27 06:35:00,5598.83,115.24,TRADE
VIC1,2026/06/27 06:40:00,5600.13,118.23,TRADE
VIC1,2026/06/27 06:45:00,5656.82,118.23,TRADE
VIC1,2026/06/27 06:50:00,5732.64,114.94,TRADE
VIC1,2026/06/27 06:55:00,5780.37,132.47,TRADE
VIC1,2026/06/27 07:00:00,5845.47,135.83,TRADE
VIC1,2026/06/27 07:05:00,5927.37,151.40,TRADE
VIC1,2026/06/27 07:10:00,5829.3,110.50,TRADE
VIC1,2026/06/27 07:15:00,5889.66,122.76,TRADE
VIC1,2026/06/27 07:20:00,5978.22,141.69,TRADE
VIC1,2026/06/27 07:25:00,6103.83,141.69,TRADE
VIC1,2026/06/27 07:30:00,6117.17,141.69,TRADE
VIC1,2026/06/27 07:35:00,6111.45,141.69,TRADE
VIC1,2026/06/27 07:40:00,6261.96,157.36,TRADE
VIC1,2026/06/27 07:45:00,6328.02,141.69,TRADE
VIC1,2026/06/27 07:50:00,6359.69,141.69,TRADE
VIC1,2026/06/27 07:55:00,6402.42,160.23,TRADE
VIC1,2026/06/27 08:00:00,6375.27,146.23,TRADE
VIC1,2026/06/27 08:05:00,6462.42,137.31,TRADE
VIC1,2026/06/27 08:10:00,6554.47,187.69,TRADE
VIC1,2026/06/27 08:15:00,6579.68,187.69,TRADE
VIC1,2026/06/27 08:20:00,6580.34,159.74,TRADE
VIC1,2026/06/27 08:25:00,6692.54,155.40,TRADE
VIC1,2026/06/27 08:30:00,6697.66,158.02,TRADE
VIC1,2026/06/27 08:35:00,6722.47,155.21,TRADE
VIC1,2026/06/27 08:40:00,6613.57,135.64,TRADE
VIC1,2026/06/27 08:45:00,6653.28,114.79,TRADE
VIC1,2026/06/27 08:50:00,6692.09,115.74,TRADE
VIC1,2026/06/27 08:55:00,6702.69,116.45,TRADE
VIC1,2026/06/27 09:00:00,6635.54,110.58,TRADE
VIC1,2026/06/27 09:05:00,6709.16,119.64,TRADE
VIC1,2026/06/27 09:10:00,6714.21,110.50,TRADE
VIC1,2026/06/27 09:15:00,6707.02,113.28,TRADE
VIC1,2026/06/27 09:20:00,6685.74,110.50,TRADE
VIC1,2026/06/27 09:25:00,6570.16,105.88,TRADE
VIC1,2026/06/27 09:30:00,6616.59,105.38,TRADE
VIC1,2026/06/27 09:35:00,6578.86,110.50,TRADE
VIC1,2026/06/27 09:40:00,6578.98,115.90,TRADE
VIC1,2026/06/27 09:45:00,6513.07,110.50,TRADE
VIC1,2026/06/27 09:50:00,6472.9,108.76,TRADE
VIC1,2026/06/27 09:55:00,6428.43,109.32,TRADE
VIC1,2026/06/27 10:00:00,6391.69,110.50,TRADE
VIC1,2026/06/27 10:05:00,6295.05,110.50,TRADE
VIC1,2026/06/27 10:10:00,6271.91,110.50,TRADE
VIC1,2026/06/27 10:15:00,6319.64,110.50,TRADE
VIC1,2026/06/27 10:20:00,6194.23,110.50,TRADE
VIC1,2026/06/27 10:25:00,6201.85,110.50,TRADE
VIC1,2026/06/27 10:30:00,6223.61,101.91,TRADE
VIC1,2026/06/27 10:35:00,6191.57,110.50,TRADE
VIC1,2026/06/27 10:40:00,6147.1,110.50,TRADE
VIC1,2026/06/27 10:45:00,6114.41,102.49,TRADE
VIC1,2026/06/27 10:50:00,6050.93,102.50,TRADE
VIC1,2026/06/27 10:55:00,6000.33,104.62,TRADE
VIC1,2026/06/27 11:00:00,5877.2,99.99,TRADE
VIC1,2026/06/27 11:05:00,5820.84,99.99,TRADE
VIC1,2026/06/27 11:10:00,6014.79,106.01,TRADE
VIC1,2026/06/27 11:15:00,6011.32,110.50,TRADE
VIC1,2026/06/27 11:20:00,5936.52,104.14,TRADE
VIC1,2026/06/27 11:25:00,5849.72,102.40,TRADE
VIC1,2026/06/27 11:30:00,5813.84,101.44,TRADE
VIC1,2026/06/27 11:35:00,5784.05,102.06,TRADE
VIC1,2026/06/27 11:40:00,5636.01,107.34,TRADE
VIC1,2026/06/27 11:45:00,5620.46,100.36,TRADE
VIC1,2026/06/27 11:50:00,5593,99.99,TRADE
VIC1,2026/06/27 11:55:00,5563.41,99.44,TRADE
VIC1,2026/06/27 12:00:00,5408.2,98.89,TRADE
VIC1,2026/06/27 12:05:00,5410.07,95.60,TRADE
VIC1,2026/06/27 12:10:00,5338.6,98.23,TRADE
VIC1,2026/06/27 12:15:00,5270.46,90,TRADE
VIC1,2026/06/27 12:20:00,5190.8,88.56,TRADE
VIC1,2026/06/27 12:25:00,5216.53,89.20,TRADE
VIC1,2026/06/27 12:30:00,5139.83,87.13,TRADE
VIC1,2026/06/27 12:35:00,4957.37,85.62,TRADE
VIC1,2026/06/27 12:40:00,4939.56,88.57,TRADE
VIC1,2026/06/27 12:45:00,4925.34,86.44,TRADE
VIC1,2026/06/27 12:50:00,4901.72,90,TRADE
VIC1,2026/06/27 12:55:00,4920.42,88.28,TRADE
VIC1,2026/06/27 13:00:00,4853.31,87.06,TRADE
VIC1,2026/06/27 13:05:00,4899.27,90,TRADE
VIC1,2026/06/27 13:10:00,4881.09,90.51,TRADE
VIC1,2026/06/27 13:15:00,4887.52,90.49,TRADE
VIC1,2026/06/27 13:20:00,4778.18,88.35,TRADE
VIC1,2026/06/27 13:25:00,4766.84,82.99,TRADE
VIC1,2026/06/27 13:30:00,4760.62,86.99,TRADE
VIC1,2026/06/27 13:35:00,4755.58,86.28,TRADE
VIC1,2026/06/27 13:40:00,4656.42,85.63,TRADE
VIC1,2026/06/27 13:45:00,4760.09,87.41,TRADE
VIC1,2026/06/27 13:50:00,4725.73,86.85,TRADE
VIC1,2026/06/27 13:55:00,4745.31,88.49,TRADE
VIC1,2026/06/27 14:00:00,4748.05,86.22,TRADE
VIC1,2026/06/27 14:05:00,4617.92,83.85,TRADE
VIC1,2026/06/27 14:10:00,4545.88,87.35,TRADE
VIC1,2026/06/27 14:15:00,4613.11,90,TRADE
VIC1,2026/06/27 14:20:00,4557.74,87.71,TRADE
VIC1,2026/06/27 14:25:00,4552.81,90.54,TRADE
VIC1,2026/06/27 14:30:00,4641.69,92.69,TRADE
VIC1,2026/06/27 14:35:00,4660.99,90,TRADE
VIC1,2026/06/27 14:40:00,4691.81,90,TRADE
VIC1,2026/06/27 14:45:00,4742.74,90,TRADE
VIC1,2026/06/27 14:50:00,4682.89,88.39,TRADE
VIC1,2026/06/27 14:55:00,4804.65,99.99,TRADE
VIC1,2026/06/27 15:00:00,4826.19,104.43,TRADE
VIC1,2026/06/27 15:05:00,4813.82,99.99,TRADE
VIC1,2026/06/27 15:10:00,4873.75,98.60,TRADE
VIC1,2026/06/27 15:15:00,4943.18,99.63,TRADE
VIC1,2026/06/27 15:20:00,5022.19,99.99,TRADE
VIC1,2026/06/27 15:25:00,5096.4,101.29,TRADE
VIC1,2026/06/27 15:30:00,5118,99.99,TRADE
VIC1,2026/06/27 15:35:00,5128.26,88.36,TRADE
VIC1,2026/06/27 15:40:00,5300.96,99.99,TRADE
VIC1,2026/06/27 15:45:00,5362.14,107.91,TRADE
VIC1,2026/06/27 15:50:00,5439.59,110.50,TRADE
VIC1,2026/06/27 15:55:00,5515.43,110.90,TRADE
VIC1,2026/06/27 16:00:00,5598,114.24,TRADE
VIC1,2026/06/27 16:05:00,5678.66,112.06,TRADE
VIC1,2026/06/27 16:10:00,5659.14,103.70,TRADE
VIC1,2026/06/27 16:15:00,5795.42,105.68,TRADE
VIC1,2026/06/27 16:20:00,5956.02,110.50,TRADE
VIC1,2026/06/27 16:25:00,6059.07,112.51,TRADE
VIC1,2026/06/27 16:30:00,6092.14,115,TRADE
VIC1,2026/06/27 16:35:00,6196.78,126.32,TRADE
VIC1,2026/06/27 16:40:00,6286.34,126.06,TRADE
VIC1,2026/06/27 16:45:00,6400.14,117,TRADE
VIC1,2026/06/27 16:50:00,6465.89,113.40,TRADE
VIC1,2026/06/27 16:55:00,6510.71,123.90,TRADE
VIC1,2026/06/27 17:00:00,6580.25,127.28,TRADE
VIC1,2026/06/27 17:05:00,6729.82,126.95,TRADE
VIC1,2026/06/27 17:10:00,6797.77,119.25,TRADE
VIC1,2026/06/27 17:15:00,6876.36,119.25,TRADE
VIC1,2026/06/27 17:20:00,6934.24,117.50,TRADE
VIC1,2026/06/27 17:25:00,7038.09,119.25,TRADE
VIC1,2026/06/27 17:30:00,7118.17,117.50,TRADE
VIC1,2026/06/27 17:35:00,7143.07,117.50,TRADE
VIC1,2026/06/27 17:40:00,7200.78,115,TRADE
VIC1,2026/06/27 17:45:00,7275.32,115,TRADE
VIC1,2026/06/27 17:50:00,7388.77,117.50,TRADE
VIC1,2026/06/27 17:55:00,7322.67,106.25,TRADE
VIC1,2026/06/27 18:00:00,7333.34,110.50,TRADE
VIC1,2026/06/27 18:05:00,7348.1,111.32,TRADE
VIC1,2026/06/27 18:10:00,7319.58,106.61,TRADE
VIC1,2026/06/27 18:15:00,7364.73,105.14,TRADE
VIC1,2026/06/27 18:20:00,7351.81,106.85,TRADE
VIC1,2026/06/27 18:25:00,7307.39,100.74,TRADE
VIC1,2026/06/27 18:30:00,7324.52,109.13,TRADE
VIC1,2026/06/27 18:35:00,7317.76,106.49,TRADE
VIC1,2026/06/27 18:40:00,7308.76,100.74,TRADE
VIC1,2026/06/27 18:45:00,7324.16,100.74,TRADE
VIC1,2026/06/27 18:50:00,7286.82,99.99,TRADE
VIC1,2026/06/27 18:55:00,7243.05,99.99,TRADE
VIC1,2026/06/27 19:00:00,7289.09,99.99,TRADE
VIC1,2026/06/27 19:05:00,7258.26,99.99,TRADE
VIC1,2026/06/27 19:10:00,7203.81,97.25,TRADE
VIC1,2026/06/27 19:15:00,7248.56,94.76,TRADE
VIC1,2026/06/27 19:20:00,7214.74,96.04,TRADE
VIC1,2026/06/27 19:25:00,7225.74,95.45,TRADE
VIC1,2026/06/27 19:30:00,7179.92,95.28,TRADE
VIC1,2026/06/27 19:35:00,7121.08,94.64,TRADE
VIC1,2026/06/27 19:40:00,7111.05,96.02,TRADE
VIC1,2026/06/27 19:45:00,7185.08,94.25,TRADE
VIC1,2026/06/27 19:50:00,7187.68,89.81,TRADE
VIC1,2026/06/27 19:55:00,7184.94,92.93,TRADE
VIC1,2026/06/27 20:00:00,7148.42,88.46,TRADE
VIC1,2026/06/27 20:05:00,7173.94,90.69,TRADE
VIC1,2026/06/27 20:10:00,7140.11,90.69,TRADE
VIC1,2026/06/27 20:15:00,7110.65,83.04,TRADE
VIC1,2026/06/27 20:20:00,7077.42,82.99,TRADE
VIC1,2026/06/27 20:25:00,7064.73,82.99,TRADE
VIC1,2026/06/27 20:30:00,7066.14,82.99,TRADE
VIC1,2026/06/27 20:35:00,7082.43,82.99,TRADE
VIC1,2026/06/27 20:40:00,7040.95,82.99,TRADE
VIC1,2026/06/27 20:45:00,6950.5,80.50,TRADE
VIC1,2026/06/27 20:50:00,6952.04,79.50,TRADE
VIC1,2026/06/27 20:55:00,6925.85,79.58,TRADE
VIC1,2026/06/27 21:00:00,6909.41,72.56,TRADE
VIC1,2026/06/27 21:05:00,6867.58,70.47,TRADE
VIC1,2026/06/27 21:10:00,6923.56,75.07,TRADE
VIC1,2026/06/27 21:15:00,6918.38,78.45,TRADE
VIC1,2026/06/27 21:20:00,6852.04,75.07,TRADE
VIC1,2026/06/27 21:25:00,6867.32,76.70,TRADE
VIC1,2026/06/27 21:30:00,6872.43,76.98,TRADE
VIC1,2026/06/27 21:35:00,6827.21,75.07,TRADE
VIC1,2026/06/27 21:40:00,6727.77,75.07,TRADE
VIC1,2026/06/27 21:45:00,6733.56,72.45,TRADE
VIC1,2026/06/27 21:50:00,6730.45,66.76,TRADE
VIC1,2026/06/27 21:55:00,6663.42,66.80,TRADE
VIC1,2026/06/27 22:00:00,6600.62,64.03,TRADE
VIC1,2026/06/27 22:05:00,6549.63,62.07,TRADE
VIC1,2026/06/27 22:10:00,6568.09,74.29,TRADE
VIC1,2026/06/27 22:15:00,6522.68,73.82,TRADE
VIC1,2026/06/27 22:20:00,6451.27,73.75,TRADE
VIC1,2026/06/27 22:25:00,6392.13,73.13,TRADE
VIC1,2026/06/27 22:30:00,6401.57,73.64,TRADE
VIC1,2026/06/27 22:35:00,6352.01,60,TRADE
VIC1,2026/06/27 22:40:00,6325.73,80.50,TRADE
VIC1,2026/06/27 22:45:00,6299.04,76.88,TRADE
VIC1,2026/06/27 22:50:00,6279.17,61.55,TRADE
VIC1,2026/06/27 22:55:00,6250.57,75.85,TRADE
VIC1,2026/06/27 23:00:00,6208.35,79.01,TRADE
VIC1,2026/06/27 23:05:00,6157.61,64.17,TRADE
VIC1,2026/06/27 23:10:00,6199.12,80.50,TRADE
VIC1,2026/06/27 23:15:00,6230.13,81.34,TRADE
VIC1,2026/06/27 23:20:00,6261.46,76.07,TRADE
VIC1,2026/06/27 23:25:00,6251.17,76.57,TRADE
VIC1,2026/06/27 23:30:00,6208.02,66.16,TRADE
VIC1,2026/06/27 23:35:00,6190.01,71.30,TRADE
VIC1,2026/06/27 23:40:00,6154.06,70.69,TRADE
VIC1,2026/06/27 23:45:00,6123.81,69.67,TRADE
VIC1,2026/06/27 23:50:00,5979.05,72.73,TRADE
VIC1,2026/06/27 23:55:00,5940.08,68.47,TRADE
VIC1,2026/06/28 00:00:00,5965.27,63.79,TRADE
VIC1,2026/06/28 00:05:00,5996.56,67.58,TRADE
VIC1,2026/06/28 00:10:00,5903.28,73.98,TRADE
VIC1,2026/06/28 00:15:00,5957.72,75.13,TRADE
VIC1,2026/06/28 00:20:00,5878.63,75.78,TRADE
VIC1,2026/06/28 00:25:00,5924.9,80.50,TRADE
VIC1,2026/06/28 00:30:00,5791.1,65.20,TRADE
VIC1,2026/06/28 00:35:00,5834.73,80.50,TRADE
VIC1,2026/06/28 00:40:00,5716.12,80.50,TRADE
VIC1,2026/06/28 00:45:00,5731.8,76.21,TRADE
VIC1,2026/06/28 00:50:00,5699.29,76.16,TRADE
VIC1,2026/06/28 00:55:00,5601.86,75.62,TRADE
VIC1,2026/06/28 01:00:00,5619.03,75.64,TRADE
VIC1,2026/06/28 01:05:00,5612.83,76.24,TRADE
VIC1,2026/06/28 01:10:00,5609.84,76.26,TRADE
VIC1,2026/06/28 01:15:00,5544.47,75.73,TRADE
VIC1,2026/06/28 01:20:00,5493.13,74.52,TRADE
VIC1,2026/06/28 01:25:00,5439.79,75.09,TRADE
VIC1,2026/06/28 01:30:00,5391.62,74.50,TRADE
VIC1,2026/06/28 01:35:00,5418.71,80.50,TRADE
VIC1,2026/06/28 01:40:00,5406.63,80.50,TRADE
VIC1,2026/06/28 01:45:00,5383.19,80.50,TRADE
VIC1,2026/06/28 01:50:00,5315.98,80.50,TRADE
VIC1,2026/06/28 01:55:00,5291.06,75.76,TRADE
VIC1,2026/06/28 02:00:00,5305.67,76.32,TRADE
VIC1,2026/06/28 02:05:00,5277.3,90,TRADE
VIC1,2026/06/28 02:10:00,5180.42,79.05,TRADE
VIC1,2026/06/28 02:15:00,5162.31,79.69,TRADE
VIC1,2026/06/28 02:20:00,5144.34,80.50,TRADE
VIC1,2026/06/28 02:25:00,5111.74,62.93,TRADE
VIC1,2026/06/28 02:30:00,5078.78,73.54,TRADE
VIC1,2026/06/28 02:35:00,5107.84,75.36,TRADE
VIC1,2026/06/28 02:40:00,5105.01,73.89,TRADE
VIC1,2026/06/28 02:45:00,5110.63,72.42,TRADE
VIC1,2026/06/28 02:50:00,5059.53,72.42,TRADE
VIC1,2026/06/28 02:55:00,5100.19,72.38,TRADE
VIC1,2026/06/28 03:00:00,5063.22,71.82,TRADE
VIC1,2026/06/28 03:05:00,5060.99,87.71,TRADE
VIC1,2026/06/28 03:10:00,4987.02,70.82,TRADE
VIC1,2026/06/28 03:15:00,4973.81,71.78,TRADE
VIC1,2026/06/28 03:20:00,4965.4,70.83,TRADE
VIC1,2026/06/28 03:25:00,4943.9,70.29,TRADE
VIC1,2026/06/28 03:30:00,4914.72,69.70,TRADE
VIC1,2026/06/28 03:35:00,4892.36,69.23,TRADE
VIC1,2026/06/28 03:40:00,4967.14,79.67,TRADE
VIC1,2026/06/28 03:45:00,4969.19,75.02,TRADE
VIC1,2026/06/28 03:50:00,4920.17,70.66,TRADE
VIC1,2026/06/28 03:55:00,4942.87,70.26,TRADE
VIC1,2026/06/28 04:00:00,4939.05,70.58,TRADE
VIC1,2026/06/28 04:05:00,4929.31,68.81,TRADE
VIC1,2026/06/28 04:10:00,4931.94,71.18,TRADE
VIC1,2026/06/28 04:15:00,4935.35,70.24,TRADE
VIC1,2026/06/28 04:20:00,4881.97,68.48,TRADE
VIC1,2026/06/28 04:25:00,4949.18,72.85,TRADE
VIC1,2026/06/28 04:30:00,4865.15,69.36,TRADE
VIC1,2026/06/28 04:35:00,4846.77,69.38,TRADE
VIC1,2026/06/28 04:40:00,4842.62,67.85,TRADE
VIC1,2026/06/28 04:45:00,4861.3,68.42,TRADE
VIC1,2026/06/28 04:50:00,4908.04,71.26,TRADE
VIC1,2026/06/28 04:55:00,4933.51,73.29,TRADE
VIC1,2026/06/28 05:00:00,5050.95,75.49,TRADE
VIC1,2026/06/28 05:05:00,4990.44,74.38,TRADE
VIC1,2026/06/28 05:10:00,5027.38,67.30,TRADE
VIC1,2026/06/28 05:15:00,5012.75,72.25,TRADE
VIC1,2026/06/28 05:20:00,5050.06,72.64,TRADE
VIC1,2026/06/28 05:25:00,4968.02,57.73,TRADE
VIC1,2026/06/28 05:30:00,4992.45,80.50,TRADE
VIC1,2026/06/28 05:35:00,5004.24,73.79,TRADE
VIC1,2026/06/28 05:40:00,5031.86,80.50,TRADE
VIC1,2026/06/28 05:45:00,5092.74,85.70,TRADE
VIC1,2026/06/28 05:50:00,5034.97,80.50,TRADE
VIC1,2026/06/28 05:55:00,5119.08,76.19,TRADE
VIC1,2026/06/28 06:00:00,5079.89,74.20,TRADE
VIC1,2026/06/28 06:05:00,5116.55,57.84,TRADE
VIC1,2026/06/28 06:10:00,5163.68,80.50,TRADE
VIC1,2026/06/28 06:15:00,5168.03,80.50,TRADE
VIC1,2026/06/28 06:20:00,5295.43,84.60,TRADE
VIC1,2026/06/28 06:25:00,5352.16,75.61,TRADE
VIC1,2026/06/28 06:30:00,5376.17,80.50,TRADE
VIC1,2026/06/28 06:35:00,5427.11,87.20,TRADE
VIC1,2026/06/28 06:40:00,5491.75,79.93,TRADE
VIC1,2026/06/28 06:45:00,5509.52,79.29,TRADE
VIC1,2026/06/28 06:50:00,5463.54,79.17,TRADE
VIC1,2026/06/28 06:55:00,5501.39,80.50,TRADE
VIC1,2026/06/28 07:00:00,5564.71,83.06,TRADE
VIC1,2026/06/28 07:05:00,5688.95,80.50,TRADE
VIC1,2026/06/28 07:10:00,5640.28,79.78,TRADE
VIC1,2026/06/28 07:15:00,5709.9,88.33,TRADE
VIC1,2026/06/28 07:20:00,5851.22,92.94,TRADE
VIC1,2026/06/28 07:25:00,5868.8,93.65,TRADE
VIC1,2026/06/28 07:30:00,5972.62,93.71,TRADE
VIC1,2026/06/28 07:35:00,6031.4,88.04,TRADE
VIC1,2026/06/28 07:40:00,6084.7,83.60,TRADE
VIC1,2026/06/28 07:45:00,6144.39,88.04,TRADE
VIC1,2026/06/28 07:50:00,6112.53,89.98,TRADE
VIC1,2026/06/28 07:55:00,6185.73,84.40,TRADE
VIC1,2026/06/28 08:00:00,6279.63,71.83,TRADE
VIC1,2026/06/28 08:05:00,6383.68,85.63,TRADE
VIC1,2026/06/28 08:10:00,6423.86,94.93,TRADE
VIC1,2026/06/28 08:15:00,6396.9,80.50,TRADE
VIC1,2026/06/28 08:20:00,6424.6,80.50,TRADE
VIC1,2026/06/28 08:25:00,6502.2,90.69,TRADE
VIC1,2026/06/28 08:30:00,6495.78,80.50,TRADE
VIC1,2026/06/28 08:35:00,6541.72,84.06,TRADE
VIC1,2026/06/28 08:40:00,6452.43,84.55,TRADE
VIC1,2026/06/28 08:45:00,6510.02,90.69,TRADE
VIC1,2026/06/28 08:50:00,6451.7,73.35,TRADE
VIC1,2026/06/28 08:55:00,6395.63,72.67,TRADE
VIC1,2026/06/28 09:00:00,6385.29,71.60,TRADE
VIC1,2026/06/28 09:05:00,6384.29,76.80,TRADE
VIC1,2026/06/28 09:10:00,6371.48,76.82,TRADE
VIC1,2026/06/28 09:15:00,6343.1,75.56,TRADE
VIC1,2026/06/28 09:20:00,6409.05,75.93,TRADE
VIC1,2026/06/28 09:25:00,6368.16,70.18,TRADE
VIC1,2026/06/28 09:30:00,6230.96,68.94,TRADE
VIC1,2026/06/28 09:35:00,6255.97,78.03,TRADE
VIC1,2026/06/28 09:40:00,6212.67,76.76,TRADE
VIC1,2026/06/28 09:45:00,6149.21,74.30,TRADE
VIC1,2026/06/28 09:50:00,6033.18,65.72,TRADE
VIC1,2026/06/28 09:55:00,5942.65,64.19,TRADE
VIC1,2026/06/28 10:00:00,5897.42,50.22,TRADE
VIC1,2026/06/28 10:05:00,5830.14,64.56,TRADE
VIC1,2026/06/28 10:10:00,5838.15,67.75,TRADE
VIC1,2026/06/28 10:15:00,5779.23,67.16,TRADE
VIC1,2026/06/28 10:20:00,5727.67,68.38,TRADE
VIC1,2026/06/28 10:25:00,5663.3,67.89,TRADE
VIC1,2026/06/28 10:30:00,5582.01,67.32,TRADE
VIC1,2026/06/28 10:35:00,5498.88,64.99,TRADE
VIC1,2026/06/28 10:40:00,5439.63,64.95,TRADE
VIC1,2026/06/28 10:45:00,5353.51,64.91,TRADE
VIC1,2026/06/28 10:50:00,5280.31,63.99,TRADE
VIC1,2026/06/28 10:55:00,5200.24,52.03,TRADE
VIC1,2026/06/28 11:00:00,5098.06,65.58,TRADE
VIC1,2026/06/28 11:05:00,5017.47,50.22,TRADE
VIC1,2026/06/28 11:10:00,5151.93,65.70,TRADE
VIC1,2026/06/28 11:15:00,5055.52,64.64,TRADE
VIC1,2026/06/28 11:20:00,4983.24,66.15,TRADE
VIC1,2026/06/28 11:25:00,4899.69,65.11,TRADE
VIC1,2026/06/28 11:30:00,4851.18,50.95,TRADE
VIC1,2026/06/28 11:35:00,4795.44,64.78,TRADE
VIC1,2026/06/28 11:40:00,4747.45,55.80,TRADE
VIC1,2026/06/28 11:45:00,4710.05,55.06,TRADE
VIC1,2026/06/28 11:50:00,4661.02,61.58,TRADE
VIC1,2026/06/28 11:55:00,4638.68,60.16,TRADE
VIC1,2026/06/28 12:00:00,4613.41,60.56,TRADE
VIC1,2026/06/28 12:05:00,4552.18,61.04,TRADE
VIC1,2026/06/28 12:10:00,4522.23,61.36,TRADE
VIC1,2026/06/28 12:15:00,4497.62,61.32,TRADE
VIC1,2026/06/28 12:20:00,4468.27,60.66,TRADE
VIC1,2026/06/28 12:25:00,4461.33,60.19,TRADE
VIC1,2026/06/28 12:30:00,4400.17,58.80,TRADE
VIC1,2026/06/28 12:35:00,4346.05,50.22,TRADE
VIC1,2026/06/28 12:40:00,4352.29,58.28,TRADE
VIC1,2026/06/28 12:45:00,4291.24,50.22,TRADE
VIC1,2026/06/28 12:50:00,4271.48,59.77,TRADE
VIC1,2026/06/28 12:55:00,4263.48,50.22,TRADE
VIC1,2026/06/28 13:00:00,4257.22,64.79,TRADE
VIC1,2026/06/28 13:05:00,4235.89,78.55,TRADE
VIC1,2026/06/28 13:10:00,4222.45,64.02,TRADE
VIC1,2026/06/28 13:15:00,4204.7,51.28,TRADE
VIC1,2026/06/28 13:20:00,4221.59,41.32,TRADE
VIC1,2026/06/28 13:25:00,4288.02,50.22,TRADE
VIC1,2026/06/28 13:30:00,4243.54,50.22,TRADE
VIC1,2026/06/28 13:35:00,4238.89,50.22,TRADE
VIC1,2026/06/28 13:40:00,4338.46,50.22,TRADE
VIC1,2026/06/28 13:45:00,4378.76,58.07,TRADE
VIC1,2026/06/28 13:50:00,4329.92,50.22,TRADE
VIC1,2026/06/28 13:55:00,4364.13,74.27,TRADE
VIC1,2026/06/28 14:00:00,4363.05,58.49,TRADE
VIC1,2026/06/28 14:05:00,4306.91,46.20,TRADE
VIC1,2026/06/28 14:10:00,4332.54,50.22,TRADE
VIC1,2026/06/28 14:15:00,4348.32,63.35,TRADE
VIC1,2026/06/28 14:20:00,4357.18,50.22,TRADE
VIC1,2026/06/28 14:25:00,4517.81,74.27,TRADE
VIC1,2026/06/28 14:30:00,4495.21,74.27,TRADE
VIC1,2026/06/28 14:35:00,4566.47,61.34,TRADE
VIC1,2026/06/28 14:40:00,4562.83,67.92,TRADE
VIC1,2026/06/28 14:45:00,4619.99,70.88,TRADE
VIC1,2026/06/28 14:50:00,4653.11,53.96,TRADE
VIC1,2026/06/28 14:55:00,4763.52,69.61,TRADE
VIC1,2026/06/28 15:00:00,4796.84,72.75,TRADE
VIC1,2026/06/28 15:05:00,4797.09,60.16,TRADE
VIC1,2026/06/28 15:10:00,4907.84,54.12,TRADE
VIC1,2026/06/28 15:15:00,4961.48,63.85,TRADE
VIC1,2026/06/28 15:20:00,4986.45,85,TRADE
VIC1,2026/06/28 15:25:00,5006.69,53.16,TRADE
VIC1,2026/06/28 15:30:00,5032,68.95,TRADE
VIC1,2026/06/28 15:35:00,5043.43,85.22,TRADE
VIC1,2026/06/28 15:40:00,5209.55,90.69,TRADE
VIC1,2026/06/28 15:45:00,5287.01,96.55,TRADE
VIC1,2026/06/28 15:50:00,5295.91,90.69,TRADE
VIC1,2026/06/28 15:55:00,5425.71,98.10,TRADE
VIC1,2026/06/28 16:00:00,5515.87,100.74,TRADE
VIC1,2026/06/28 16:05:00,5588.5,86.13,TRADE
VIC1,2026/06/28 16:10:00,5573.92,100.74,TRADE
VIC1,2026/06/28 16:15:00,5684.61,102.21,TRADE
VIC1,2026/06/28 16:20:00,5744.34,108.86,TRADE
VIC1,2026/06/28 16:25:00,5904.79,111.10,TRADE
VIC1,2026/06/28 16:30:00,6002.49,110.50,TRADE
VIC1,2026/06/28 16:35:00,6029.92,103.21,TRADE
VIC1,2026/06/28 16:40:00,6139.81,106.86,TRADE
VIC1,2026/06/28 16:45:00,6181.28,110.50,TRADE
VIC1,2026/06/28 16:50:00,6355.6,110.50,TRADE
VIC1,2026/06/28 16:55:00,6400.73,110.45,TRADE
VIC1,2026/06/28 17:00:00,6519.64,110.50,TRADE
VIC1,2026/06/28 17:05:00,6528.09,108.86,TRADE
VIC1,2026/06/28 17:10:00,6649.48,110.50,TRADE
VIC1,2026/06/28 17:15:00,6754.54,107.92,TRADE
VIC1,2026/06/28 17:20:00,6773.52,105.64,TRADE
VIC1,2026/06/28 17:25:00,6801.29,106.53,TRADE
VIC1,2026/06/28 17:30:00,6994.09,110.50,TRADE
VIC1,2026/06/28 17:35:00,7047.56,107.58,TRADE
VIC1,2026/06/28 17:40:00,7077.56,100.74,TRADE
VIC1,2026/06/28 17:45:00,7146.03,100.74,TRADE
VIC1,2026/06/28 17:50:00,7185.41,100.74,TRADE
VIC1,2026/06/28 17:55:00,7181.48,94.25,TRADE
VIC1,2026/06/28 18:00:00,7159.38,96.62,TRADE
VIC1,2026/06/28 18:05:00,7154.78,96.53,TRADE
VIC1,2026/06/28 18:10:00,7211.99,97.25,TRADE
VIC1,2026/06/28 18:15:00,7217.47,88.66,TRADE
VIC1,2026/06/28 18:20:00,7162.23,86.52,TRADE
VIC1,2026/06/28 18:25:00,7211.37,81.74,TRADE
VIC1,2026/06/28 18:30:00,7176.79,80.54,TRADE
VIC1,2026/06/28 18:35:00,7160.89,81.34,TRADE
VIC1,2026/06/28 18:40:00,7107.71,80.41,TRADE
VIC1,2026/06/28 18:45:00,7126.63,79.01,TRADE
VIC1,2026/06/28 18:50:00,7157.91,81.06,TRADE
VIC1,2026/06/28 18:55:00,7124.1,79.68,TRADE
VIC1,2026/06/28 19:00:00,7092.21,80.41,TRADE
VIC1,2026/06/28 19:05:00,7103.84,78.25,TRADE
VIC1,2026/06/28 19:10:00,7108.11,78.25,TRADE
VIC1,2026/06/28 19:15:00,7049.18,79.55,TRADE
VIC1,2026/06/28 19:20:00,6988.73,78.25,TRADE
VIC1,2026/06/28 19:25:00,6964.06,75.07,TRADE
VIC1,2026/06/28 19:30:00,6920.61,76.91,TRADE
VIC1,2026/06/28 19:35:00,6995.34,80.44,TRADE
VIC1,2026/06/28 19:40:00,6952.23,79.54,TRADE
VIC1,2026/06/28 19:45:00,6873.1,78.25,TRADE
VIC1,2026/06/28 19:50:00,6952.29,78.41,TRADE
VIC1,2026/06/28 19:55:00,6917.64,75.89,TRADE
VIC1,2026/06/28 20:00:00,6894.49,78.25,TRADE
VIC1,2026/06/28 20:05:00,6919.35,78.25,TRADE
VIC1,2026/06/28 20:10:00,6801.98,75.58,TRADE
VIC1,2026/06/28 20:15:00,6784.05,78.25,TRADE
VIC1,2026/06/28 20:20:00,6763.22,78.25,TRADE
VIC1,2026/06/28 20:25:00,6753.15,74.44,TRADE
VIC1,2026/06/28 20:30:00,6747.15,78.25,TRADE
VIC1,2026/06/28 20:35:00,6743.75,78.25,TRADE
VIC1,2026/06/28 20:40:00,6709.11,78.25,TRADE
VIC1,2026/06/28 20:45:00,6656.86,78.21,TRADE
VIC1,2026/06/28 20:50:00,6626.6,73.87,TRADE
VIC1,2026/06/28 20:55:00,6610.14,73.95,TRADE
VIC1,2026/06/28 21:00:00,6527.41,67.22,TRADE
VIC1,2026/06/28 21:05:00,6471.3,64.66,TRADE
VIC1,2026/06/28 21:10:00,6508.46,72.31,TRADE
VIC1,2026/06/28 21:15:00,6504.19,72.44,TRADE
VIC1,2026/06/28 21:20:00,6400.09,60.70,TRADE
VIC1,2026/06/28 21:25:00,6428.95,73.40,TRADE
VIC1,2026/06/28 21:30:00,6416.36,76.09,TRADE
VIC1,2026/06/28 21:35:00,6405.67,78.25,TRADE
VIC1,2026/06/28 21:40:00,6332.57,74.77,TRADE
VIC1,2026/06/28 21:45:00,6240.35,74.21,TRADE
VIC1,2026/06/28 21:50:00,6165.18,69.43,TRADE
VIC1,2026/06/28 21:55:00,6128.55,54.25,TRADE
VIC1,2026/06/28 22:00:00,6066.94,53.44,TRADE
VIC1,2026/06/28 22:05:00,5967.66,64.48,TRADE
VIC1,2026/06/28 22:10:00,6045.51,78.25,TRADE
VIC1,2026/06/28 22:15:00,6016.81,76.86,TRADE
VIC1,2026/06/28 22:20:00,5979.75,70.89,TRADE
VIC1,2026/06/28 22:25:00,5942.85,55.75,TRADE
VIC1,2026/06/28 22:30:00,5851.54,53.74,TRADE
VIC1,2026/06/28 22:35:00,5840.55,52.83,TRADE
VIC1,2026/06/28 22:40:00,5741.71,56.07,TRADE
VIC1,2026/06/28 22:45:00,5697.21,50.22,TRADE
VIC1,2026/06/28 22:50:00,5655.66,50.22,TRADE
VIC1,2026/06/28 22:55:00,5621.57,50.22,TRADE
VIC1,2026/06/28 23:00:00,5606.47,11.67,TRADE
VIC1,2026/06/28 23:05:00,5664.14,15.11,TRADE
VIC1,2026/06/28 23:10:00,5698.3,15.11,TRADE
VIC1,2026/06/28 23:15:00,5670.42,11.67,TRADE
VIC1,2026/06/28 23:20:00,5717.22,11.67,TRADE
VIC1,2026/06/28 23:25:00,5712.11,11.67,TRADE
VIC1,2026/06/28 23:30:00,5694.55,11.67,TRADE
VIC1,2026/06/28 23:35:00,5687.25,11.67,TRADE
VIC1,2026/06/28 23:40:00,5593.45,11.67,TRADE
VIC1,2026/06/28 23:45:00,5529.88,11.67,TRADE
VIC1,2026/06/28 23:50:00,5533.48,13.65,TRADE
VIC1,2026/06/28 23:55:00,5378.38,11.67,TRADE
VIC1,2026/06/29 00:00:00,5423.13,11.67,TRADE
VIC1,2026/06/29 00:05:00,5409.86,11.67,TRADE
VIC1,2026/06/29 00:10:00,5395.72,11.67,TRADE
VIC1,2026/06/29 00:15:00,5355.84,11.67,TRADE
VIC1,2026/06/29 00:20:00,5404.6,11.67,TRADE
VIC1,2026/06/29 00:25:00,5365.55,11.67,TRADE
VIC1,2026/06/29 00:30:00,5320.23,11.67,TRADE
VIC1,2026/06/29 00:35:00,5302,11.67,TRADE
VIC1,2026/06/29 00:40:00,5247.83,13.65,TRADE
VIC1,2026/06/29 00:45:00,5195.4,11.67,TRADE
VIC1,2026/06/29 00:50:00,5123.5,11.67,TRADE
VIC1,2026/06/29 00:55:00,5188.02,11.67,TRADE
VIC1,2026/06/29 01:00:00,5120.24,11.67,TRADE
VIC1,2026/06/29 01:05:00,5057.54,11.67,TRADE
VIC1,2026/06/29 01:10:00,5104.43,11.67,TRADE
VIC1,2026/06/29 01:15:00,5084.04,11.67,TRADE
VIC1,2026/06/29 01:20:00,5066.92,11.67,TRADE
VIC1,2026/06/29 01:25:00,5036.91,11.67,TRADE
VIC1,2026/06/29 01:30:00,4937.16,11.67,TRADE
VIC1,2026/06/29 01:35:00,4907.05,11.67,TRADE
VIC1,2026/06/29 01:40:00,4971.46,11.67,TRADE
VIC1,2026/06/29 01:45:00,4930.08,10.50,TRADE
VIC1,2026/06/29 01:50:00,4864.93,9.57,TRADE
VIC1,2026/06/29 01:55:00,4874.47,10.50,TRADE
VIC1,2026/06/29 02:00:00,4863.28,10.50,TRADE
VIC1,2026/06/29 02:05:00,4839.3,10.50,TRADE
VIC1,2026/06/29 02:10:00,4772.38,10.50,TRADE
VIC1,2026/06/29 02:15:00,4742.25,10.50,TRADE
VIC1,2026/06/29 02:20:00,4718.72,10.50,TRADE
VIC1,2026/06/29 02:25:00,4768.4,10.50,TRADE
VIC1,2026/06/29 02:30:00,4748.22,10.50,TRADE
VIC1,2026/06/29 02:35:00,4664.61,10.50,TRADE
VIC1,2026/06/29 02:40:00,4731.79,11.48,TRADE
VIC1,2026/06/29 02:45:00,4700.76,8.94,TRADE
VIC1,2026/06/29 02:50:00,4707.75,3.52,TRADE
VIC1,2026/06/29 02:55:00,4689.39,-0.05,TRADE
VIC1,2026/06/29 03:00:00,4575.87,-0.05,TRADE
VIC1,2026/06/29 03:05:00,4598.57,3.55,TRADE
VIC1,2026/06/29 03:10:00,4636.21,5.08,TRADE
VIC1,2026/06/29 03:15:00,4616.28,10.13,TRADE
VIC1,2026/06/29 03:20:00,4616.37,10.50,TRADE
VIC1,2026/06/29 03:25:00,4574.36,8.94,TRADE
VIC1,2026/06/29 03:30:00,4583.74,10.50,TRADE
VIC1,2026/06/29 03:35:00,4570.71,10.65,TRADE
VIC1,2026/06/29 03:40:00,4510.19,10.50,TRADE
VIC1,2026/06/29 03:45:00,4524.27,0,TRADE
VIC1,2026/06/29 03:50:00,4572.6,8.94,TRADE
VIC1,2026/06/29 03:55:00,4561.53,8.94,TRADE
VIC1,2026/06/29 04:00:00,4490.73,0.20,TRADE
VIC1,2026/06/29 04:05:00,4563,8.81,TRADE
VIC1,2026/06/29 04:10:00,4573.45,10.43,TRADE
VIC1,2026/06/29 04:15:00,4605.82,8.94,TRADE
VIC1,2026/06/29 04:20:00,4636.89,22.66,TRADE
VIC1,2026/06/29 04:25:00,4577.82,8.94,TRADE
VIC1,2026/06/29 04:30:00,4562.56,8.94,TRADE
VIC1,2026/06/29 04:35:00,4653.35,8.94,TRADE
VIC1,2026/06/29 04:40:00,4634.35,8.94,TRADE
VIC1,2026/06/29 04:45:00,4657.96,8.54,TRADE
VIC1,2026/06/29 04:50:00,4684.82,9.93,TRADE
VIC1,2026/06/29 04:55:00,4737.7,-0.05,TRADE
VIC1,2026/06/29 05:00:00,4750.16,0,TRADE
VIC1,2026/06/29 05:05:00,4778.75,18.84,TRADE
VIC1,2026/06/29 05:10:00,4756.67,10.38,TRADE
VIC1,2026/06/29 05:15:00,4828.7,-0.05,TRADE
VIC1,2026/06/29 05:20:00,4877.41,11.85,TRADE
VIC1,2026/06/29 05:25:00,4950.75,15.01,TRADE
VIC1,2026/06/29 05:30:00,5005.98,10.65,TRADE
VIC1,2026/06/29 05:35:00,5023.6,11.64,TRADE
VIC1,2026/06/29 05:40:00,5098.37,10.66,TRADE
VIC1,2026/06/29 05:45:00,5163.62,10.65,TRADE
VIC1,2026/06/29 05:50:00,5132.9,10.50,TRADE
VIC1,2026/06/29 05:55:00,5197.72,34.45,TRADE
VIC1,2026/06/29 06:00:00,5281,37.88,TRADE
VIC1,2026/06/29 06:05:00,5409.49,39.34,TRADE
VIC1,2026/06/29 06:10:00,5518.92,40.93,TRADE
VIC1,2026/06/29 06:15:00,5643.89,45.65,TRADE
VIC1,2026/06/29 06:20:00,5712.6,45.69,TRADE
VIC1,2026/06/29 06:25:00,5804.99,51.42,TRADE
VIC1,2026/06/29 06:30:00,5872.04,71.09,TRADE
VIC1,2026/06/29 06:35:00,5856.16,71.46,TRADE
VIC1,2026/06/29 06:40:00,5969.08,74.99,TRADE
VIC1,2026/06/29 06:45:00,6125.5,78.25,TRADE
VIC1,2026/06/29 06:50:00,6178.46,84.57,TRADE
VIC1,2026/06/29 06:55:00,6226.51,79.19,TRADE
VIC1,2026/06/29 07:00:00,6314.14,79.62,TRADE
VIC1,2026/06/29 07:05:00,6406.93,79.83,TRADE
VIC1,2026/06/29 07:10:00,6440.59,80.50,TRADE
VIC1,2026/06/29 07:15:00,6495.38,81.59,TRADE
VIC1,2026/06/29 07:20:00,6559.78,82.83,TRADE
VIC1,2026/06/29 07:25:00,6638.19,82.69,TRADE
VIC1,2026/06/29 07:30:00,6774.14,81.64,TRADE
VIC1,2026/06/29 07:35:00,6796.15,80.51,TRADE
VIC1,2026/06/29 07:40:00,6838.81,81.05,TRADE
VIC1,2026/06/29 07:45:00,6971.97,83.40,TRADE
VIC1,2026/06/29 07:50:00,6973.29,81.69,TRADE
VIC1,2026/06/29 07:55:00,7087.97,74.67,TRADE
VIC1,2026/06/29 08:00:00,7074.27,83.01,TRADE
VIC1,2026/06/29 08:05:00,7183.02,96.92,TRADE
VIC1,2026/06/29 08:10:00,7203.21,98.16,TRADE
VIC1,2026/06/29 08:15:00,7163.41,99,TRADE
VIC1,2026/06/29 08:20:00,7239.61,86.36,TRADE
VIC1,2026/06/29 08:25:00,7208.13,98.44,TRADE
VIC1,2026/06/29 08:30:00,7137.31,85.19,TRADE
VIC1,2026/06/29 08:35:00,7319.68,100.03,TRADE
VIC1,2026/06/29 08:40:00,7404.72,101.08,TRADE
VIC1,2026/06/29 08:45:00,7364.55,101.01,TRADE
VIC1,2026/06/29 08:50:00,7385.98,102.59,TRADE
VIC1,2026/06/29 08:55:00,7419.55,101.81,TRADE
VIC1,2026/06/29 09:00:00,7395.07,101.04,TRADE
VIC1,2026/06/29 09:05:00,7329.28,104.12,TRADE
VIC1,2026/06/29 09:10:00,7365.1,110.50,TRADE
VIC1,2026/06/29 09:15:00,7386.21,110.50,TRADE
VIC1,2026/06/29 09:20:00,7467.79,110.50,TRADE
VIC1,2026/06/29 09:25:00,7356.67,110.66,TRADE
VIC1,2026/06/29 09:30:00,7412.8,128.69,TRADE
VIC1,2026/06/29 09:35:00,7376.85,110.50,TRADE
VIC1,2026/06/29 09:40:00,7399.06,125.35,TRADE
VIC1,2026/06/29 09:45:00,7357.06,123.34,TRADE
VIC1,2026/06/29 09:50:00,7274.04,122.39,TRADE
VIC1,2026/06/29 09:55:00,7374.2,130.42,TRADE
VIC1,2026/06/29 10:00:00,7338.95,110.50,TRADE
VIC1,2026/06/29 10:05:00,7322.73,119.41,TRADE
VIC1,2026/06/29 10:10:00,7446.64,136.28,TRADE
VIC1,2026/06/29 10:15:00,7456.68,141.33,TRADE
VIC1,2026/06/29 10:20:00,7452.44,168.72,TRADE
VIC1,2026/06/29 10:25:00,7463.78,145.61,TRADE
VIC1,2026/06/29 10:30:00,7410.52,110.50,TRADE
VIC1,2026/06/29 10:35:00,7390.26,110.66,TRADE
VIC1,2026/06/29 10:40:00,7445.49,133.18,TRADE
VIC1,2026/06/29 10:45:00,7423.17,168.85,TRADE
VIC1,2026/06/29 10:50:00,7397.88,139.34,TRADE
VIC1,2026/06/29 10:55:00,7256.89,108.11,TRADE
VIC1,2026/06/29 11:00:00,7284.27,116.10,TRADE
VIC1,2026/06/29 11:05:00,7290.39,126.43,TRADE
VIC1,2026/06/29 11:10:00,7474.17,136.27,TRADE
VIC1,2026/06/29 11:15:00,7461.26,131.76,TRADE
VIC1,2026/06/29 11:20:00,7372.64,110.50,TRADE
VIC1,2026/06/29 11:25:00,7395.44,110.50,TRADE
VIC1,2026/06/29 11:30:00,7419.84,110.50,TRADE
VIC1,2026/06/29 11:35:00,7365.6,109.57,TRADE
VIC1,2026/06/29 11:40:00,7376.15,105.07,TRADE
VIC1,2026/06/29 11:45:00,7384.96,81.83,TRADE
VIC1,2026/06/29 11:50:00,7363.04,102.19,TRADE
VIC1,2026/06/29 11:55:00,7315.04,96.49,TRADE
VIC1,2026/06/29 12:00:00,7192.01,106.96,TRADE
VIC1,2026/06/29 12:05:00,7244.07,109.15,TRADE
VIC1,2026/06/29 12:10:00,7219.65,104.56,TRADE
VIC1,2026/06/29 12:15:00,7241.06,107.05,TRADE
VIC1,2026/06/29 12:20:00,7301.4,107.18,TRADE
VIC1,2026/06/29 12:25:00,7318.96,106.89,TRADE
VIC1,2026/06/29 12:30:00,7211.37,107.52,TRADE
VIC1,2026/06/29 12:35:00,7239.75,112.01,TRADE
VIC1,2026/06/29 12:40:00,7235.17,111.20,TRADE
VIC1,2026/06/29 12:45:00,7218.48,113.91,TRADE
VIC1,2026/06/29 12:50:00,7132.07,122.67,TRADE
VIC1,2026/06/29 12:55:00,6983.99,111.94,TRADE
VIC1,2026/06/29 13:00:00,7069.19,118.28,TRADE
VIC1,2026/06/29 13:05:00,7011.4,122.67,TRADE
VIC1,2026/06/29 13:10:00,6999.4,117.10,TRADE
VIC1,2026/06/29 13:15:00,6998.16,116.95,TRADE
VIC1,2026/06/29 13:20:00,6995,114.14,TRADE
VIC1,2026/06/29 13:25:00,6942.99,104.52,TRADE
VIC1,2026/06/29 13:30:00,6874.48,109.73,TRADE
VIC1,2026/06/29 13:35:00,6803.33,103.64,TRADE
VIC1,2026/06/29 13:40:00,6762.17,110.51,TRADE
VIC1,2026/06/29 13:45:00,6659.36,121.69,TRADE
VIC1,2026/06/29 13:50:00,6626.57,112.23,TRADE
VIC1,2026/06/29 13:55:00,6627.63,117.82,TRADE
VIC1,2026/06/29 14:00:00,6665.65,121.77,TRADE
VIC1,2026/06/29 14:05:00,6671.55,119.20,TRADE
VIC1,2026/06/29 14:10:00,6533.64,126.85,TRADE
VIC1,2026/06/29 14:15:00,6487.18,132.88,TRADE
VIC1,2026/06/29 14:20:00,6567.06,130.79,TRADE
VIC1,2026/06/29 14:25:00,6608.64,128.40,TRADE
VIC1,2026/06/29 14:30:00,6713.86,144.41,TRADE
VIC1,2026/06/29 14:35:00,6661.66,133.54,TRADE
VIC1,2026/06/29 14:40:00,6615.29,127.07,TRADE
VIC1,2026/06/29 14:45:00,6622.06,127.07,TRADE
VIC1,2026/06/29 14:50:00,6679,112.87,TRADE
VIC1,2026/06/29 14:55:00,6659.47,111.62,TRADE
VIC1,2026/06/29 15:00:00,6742.86,124.78,TRADE
VIC1,2026/06/29 15:05:00,6779.46,118.43,TRADE
VIC1,2026/06/29 15:10:00,6787.96,140.80,TRADE
VIC1,2026/06/29 15:15:00,6773.1,110.50,TRADE
VIC1,2026/06/29 15:20:00,6806.15,132.08,TRADE
VIC1,2026/06/29 15:25:00,6856.35,137.95,TRADE
VIC1,2026/06/29 15:30:00,6841.45,138.85,TRADE
VIC1,2026/06/29 15:35:00,6855.42,116.01,TRADE
VIC1,2026/06/29 15:40:00,6902.6,122.67,TRADE
VIC1,2026/06/29 15:45:00,6942.59,148.67,TRADE
VIC1,2026/06/29 15:50:00,6942.81,152.62,TRADE
VIC1,2026/06/29 15:55:00,7031.67,164.48,TRADE
VIC1,2026/06/29 16:00:00,7010.92,164.01,TRADE
VIC1,2026/06/29 16:05:00,7054.37,169.69,TRADE
VIC1,2026/06/29 16:10:00,7028.37,161.44,TRADE
VIC1,2026/06/29 16:15:00,7148.69,169.69,TRADE
VIC1,2026/06/29 16:20:00,7205.64,169.69,TRADE
VIC1,2026/06/29 16:25:00,7148.96,191.40,TRADE
VIC1,2026/06/29 16:30:00,7201.31,173.80,TRADE
VIC1,2026/06/29 16:35:00,7291.45,148.67,TRADE
VIC1,2026/06/29 16:40:00,7362.75,148.67,TRADE
VIC1,2026/06/29 16:45:00,7463.83,191.40,TRADE
VIC1,2026/06/29 16:50:00,7473.19,163.02,TRADE
VIC1,2026/06/29 16:55:00,7452.25,201.50,TRADE
VIC1,2026/06/29 17:00:00,7479.89,201.50,TRADE
VIC1,2026/06/29 17:05:00,7495.33,175.17,TRADE
VIC1,2026/06/29 17:10:00,7539.18,169.69,TRADE
VIC1,2026/06/29 17:15:00,7542.61,169.69,TRADE
VIC1,2026/06/29 17:20:00,7651.21,169.69,TRADE
VIC1,2026/06/29 17:25:00,7695.76,175.82,TRADE
VIC1,2026/06/29 17:30:00,7657.16,173.05,TRADE
VIC1,2026/06/29 17:35:00,7750.8,170.83,TRADE
VIC1,2026/06/29 17:40:00,7728.57,169.69,TRADE
VIC1,2026/06/29 17:45:00,7773.45,172.12,TRADE
VIC1,2026/06/29 17:50:00,7832.21,169.69,TRADE
VIC1,2026/06/29 17:55:00,7766.11,169.69,TRADE
VIC1,2026/06/29 18:00:00,7720.13,169.69,TRADE
VIC1,2026/06/29 18:05:00,7677.03,160.32,TRADE
VIC1,2026/06/29 18:10:00,7610.39,147.40,TRADE
VIC1,2026/06/29 18:15:00,7635.76,128.69,TRADE
VIC1,2026/06/29 18:20:00,7665.41,128.69,TRADE
VIC1,2026/06/29 18:25:00,7565.91,128.69,TRADE
VIC1,2026/06/29 18:30:00,7616.91,128.69,TRADE
VIC1,2026/06/29 18:35:00,7591.18,110.50,TRADE
VIC1,2026/06/29 18:40:00,7585.07,107.97,TRADE
VIC1,2026/06/29 18:45:00,7530.09,99.99,TRADE
VIC1,2026/06/29 18:50:00,7452.11,101.88,TRADE
VIC1,2026/06/29 18:55:00,7455.99,101.04,TRADE
VIC1,2026/06/29 19:00:00,7479.5,99.99,TRADE
VIC1,2026/06/29 19:05:00,7456.46,104.75,TRADE
VIC1,2026/06/29 19:10:00,7384.02,99.99,TRADE
VIC1,2026/06/29 19:15:00,7320.43,99.84,TRADE
VIC1,2026/06/29 19:20:00,7306.94,99.99,TRADE
VIC1,2026/06/29 19:25:00,7283.22,99.26,TRADE
VIC1,2026/06/29 19:30:00,7223.75,93.33,TRADE
VIC1,2026/06/29 19:35:00,7089.55,80.41,TRADE
VIC1,2026/06/29 19:40:00,7085.12,80.41,TRADE
VIC1,2026/06/29 19:45:00,7052.62,80.41,TRADE
VIC1,2026/06/29 19:50:00,6992.44,80.41,TRADE
VIC1,2026/06/29 19:55:00,7007.13,81.94,TRADE
VIC1,2026/06/29 20:00:00,6936.5,80.41,TRADE
VIC1,2026/06/29 20:05:00,6997.38,83.18,TRADE
VIC1,2026/06/29 20:10:00,6987.63,82.46,TRADE
VIC1,2026/06/29 20:15:00,6942.55,81.39,TRADE
VIC1,2026/06/29 20:20:00,6872.69,80.50,TRADE
VIC1,2026/06/29 20:25:00,6858.68,80.41,TRADE
VIC1,2026/06/29 20:30:00,6825.42,80.41,TRADE
VIC1,2026/06/29 20:35:00,6848.48,80.41,TRADE
VIC1,2026/06/29 20:40:00,6770.57,85.86,TRADE
VIC1,2026/06/29 20:45:00,6677.29,80.04,TRADE
VIC1,2026/06/29 20:50:00,6650.2,69.21,TRADE
VIC1,2026/06/29 20:55:00,6615.32,67.85,TRADE
VIC1,2026/06/29 21:00:00,6590.88,62.79,TRADE
VIC1,2026/06/29 21:05:00,6604.91,73.07,TRADE
VIC1,2026/06/29 21:10:00,6649.24,72.68,TRADE
VIC1,2026/06/29 21:15:00,6531.81,74.86,TRADE
VIC1,2026/06/29 21:20:00,6522.29,74.38,TRADE
VIC1,2026/06/29 21:25:00,6480.95,79.59,TRADE
VIC1,2026/06/29 21:30:00,6437.81,70.95,TRADE
VIC1,2026/06/29 21:35:00,6377.1,84.88,TRADE
VIC1,2026/06/29 21:40:00,6233.17,72.61,TRADE
VIC1,2026/06/29 21:45:00,6159.97,72.75,TRADE
VIC1,2026/06/29 21:50:00,6186.71,71.75,TRADE
VIC1,2026/06/29 21:55:00,6043.42,30.21,TRADE
VIC1,2026/06/29 22:00:00,6052.05,43.68,TRADE
VIC1,2026/06/29 22:05:00,6015.56,67.67,TRADE
VIC1,2026/06/29 22:10:00,5972.31,77.82,TRADE
VIC1,2026/06/29 22:15:00,5945.42,75.68,TRADE
VIC1,2026/06/29 22:20:00,5913.44,71.01,TRADE
VIC1,2026/06/29 22:25:00,5873.04,72.79,TRADE
VIC1,2026/06/29 22:30:00,5733.96,64.81,TRADE
VIC1,2026/06/29 22:35:00,5695.14,66.37,TRADE
VIC1,2026/06/29 22:40:00,5726.38,72.79,TRADE
VIC1,2026/06/29 22:45:00,5657.95,72.86,TRADE
VIC1,2026/06/29 22:50:00,5604.26,73.46,TRADE
VIC1,2026/06/29 22:55:00,5549.47,72.94,TRADE
VIC1,2026/06/29 23:00:00,5557.31,74.29,TRADE
VIC1,2026/06/29 23:05:00,5534.83,75.16,TRADE
VIC1,2026/06/29 23:10:00,5541.21,74.64,TRADE
VIC1,2026/06/29 23:15:00,5599.54,75.27,TRADE
VIC1,2026/06/29 23:20:00,5568.79,75.72,TRADE
VIC1,2026/06/29 23:25:00,5613.51,76.31,TRADE
VIC1,2026/06/29 23:30:00,5593.43,71.53,TRADE
VIC1,2026/06/29 23:35:00,5561.87,77.84,TRADE
VIC1,2026/06/29 23:40:00,5533.06,80.12,TRADE
VIC1,2026/06/29 23:45:00,5454.33,73.72,TRADE
VIC1,2026/06/29 23:50:00,5425.9,74.27,TRADE
VIC1,2026/06/29 23:55:00,5311.7,73.33,TRADE
VIC1,2026/06/30 00:00:00,5305.73,75.59,TRADE
VIC1,2026/06/30 00:05:00,5362.45,86.23,TRADE
VIC1,2026/06/30 00:10:00,5366.79,87.89,TRADE
VIC1,2026/06/30 00:15:00,5311.3,87.83,TRADE
VIC1,2026/06/30 00:20:00,5357.8,101.04,TRADE
VIC1,2026/06/30 00:25:00,5378.1,101.95,TRADE
VIC1,2026/06/30 00:30:00,5307.7,97.50,TRADE
VIC1,2026/06/30 00:35:00,5295.41,102.44,TRADE
VIC1,2026/06/30 00:40:00,5208.85,102.44,TRADE
VIC1,2026/06/30 00:45:00,5194.36,105.27,TRADE
VIC1,2026/06/30 00:50:00,5159.98,106.02,TRADE
VIC1,2026/06/30 00:55:00,5174.37,106.89,TRADE
VIC1,2026/06/30 01:00:00,5145.59,102.44,TRADE
VIC1,2026/06/30 01:05:00,5074.2,102.44,TRADE
VIC1,2026/06/30 01:10:00,5103.08,102.44,TRADE
VIC1,2026/06/30 01:15:00,5072.09,102.44,TRADE
VIC1,2026/06/30 01:20:00,5065.69,102.11,TRADE
VIC1,2026/06/30 01:25:00,5018.33,99.93,TRADE
VIC1,2026/06/30 01:30:00,4995.87,97.50,TRADE
VIC1,2026/06/30 01:35:00,4893.98,97.50,TRADE
VIC1,2026/06/30 01:40:00,4936.14,98.57,TRADE
VIC1,2026/06/30 01:45:00,4922.75,97.50,TRADE
VIC1,2026/06/30 01:50:00,4883.82,97.36,TRADE
VIC1,2026/06/30 01:55:00,4894.64,93.02,TRADE
VIC1,2026/06/30 02:00:00,4884.19,92.36,TRADE
VIC1,2026/06/30 02:05:00,4899.45,94.41,TRADE
VIC1,2026/06/30 02:10:00,4789.61,91.11,TRADE
VIC1,2026/06/30 02:15:00,4773.66,97.50,TRADE
VIC1,2026/06/30 02:20:00,4706.5,91.50,TRADE
VIC1,2026/06/30 02:25:00,4784.65,97.50,TRADE
VIC1,2026/06/30 02:30:00,4752.36,92.05,TRADE
VIC1,2026/06/30 02:35:00,4724.02,97.50,TRADE
VIC1,2026/06/30 02:40:00,4708.08,98.09,TRADE
VIC1,2026/06/30 02:45:00,4700.45,99.61,TRADE
VIC1,2026/06/30 02:50:00,4702.67,99.64,TRADE
VIC1,2026/06/30 02:55:00,4626.79,98.21,TRADE
VIC1,2026/06/30 03:00:00,4660.49,100.40,TRADE
VIC1,2026/06/30 03:05:00,4608.01,99.42,TRADE
VIC1,2026/06/30 03:10:00,4614.05,98.65,TRADE
VIC1,2026/06/30 03:15:00,4668.34,102.44,TRADE
VIC1,2026/06/30 03:20:00,4633.18,102.44,TRADE
VIC1,2026/06/30 03:25:00,4654.76,101.94,TRADE
VIC1,2026/06/30 03:30:00,4633.31,100.06,TRADE
VIC1,2026/06/30 03:35:00,4657.68,99.28,TRADE
VIC1,2026/06/30 03:40:00,4653.14,99.43,TRADE
VIC1,2026/06/30 03:45:00,4576.49,100.86,TRADE
VIC1,2026/06/30 03:50:00,4572.55,100.04,TRADE
VIC1,2026/06/30 03:55:00,4550.54,100.09,TRADE
VIC1,2026/06/30 04:00:00,4568.61,102.44,TRADE
VIC1,2026/06/30 04:05:00,4634.23,102.87,TRADE
VIC1,2026/06/30 04:10:00,4676.06,102.55,TRADE
VIC1,2026/06/30 04:15:00,4680,104.99,TRADE
VIC1,2026/06/30 04:20:00,4688.87,102.61,TRADE
VIC1,2026/06/30 04:25:00,4691.91,110.50,TRADE
VIC1,2026/06/30 04:30:00,4616.87,102.54,TRADE
VIC1,2026/06/30 04:35:00,4617.23,102.44,TRADE
VIC1,2026/06/30 04:40:00,4709.98,106.38,TRADE
VIC1,2026/06/30 04:45:00,4721.04,105.71,TRADE
VIC1,2026/06/30 04:50:00,4688.4,102.44,TRADE
VIC1,2026/06/30 04:55:00,4762.74,108.09,TRADE
VIC1,2026/06/30 05:00:00,4771.02,104.80,TRADE
VIC1,2026/06/30 05:05:00,4824.5,96.12,TRADE
VIC1,2026/06/30 05:10:00,4869.93,99.47,TRADE
VIC1,2026/06/30 05:15:00,4888.24,110.50,TRADE
VIC1,2026/06/30 05:20:00,4889.1,101.10,TRADE
VIC1,2026/06/30 05:25:00,5043.6,115.89,TRADE
VIC1,2026/06/30 05:30:00,5072.42,112.09,TRADE
VIC1,2026/06/30 05:35:00,5007.18,101.46,TRADE
VIC1,2026/06/30 05:40:00,5171.69,115.67,TRADE
VIC1,2026/06/30 05:45:00,5188.49,121.24,TRADE
VIC1,2026/06/30 05:50:00,5201.35,115.67,TRADE
VIC1,2026/06/30 05:55:00,5266.35,121.68,TRADE
VIC1,2026/06/30 06:00:00,5218.86,100.74,TRADE
VIC1,2026/06/30 06:05:00,5315.86,110.50,TRADE
VIC1,2026/06/30 06:10:00,5491.02,110.50,TRADE
VIC1,2026/06/30 06:15:00,5598.52,100.74,TRADE
VIC1,2026/06/30 06:20:00,5596.06,110.51,TRADE
VIC1,2026/06/30 06:25:00,5703.25,110.50,TRADE
VIC1,2026/06/30 06:30:00,5738.92,112.34,TRADE
VIC1,2026/06/30 06:35:00,5799.39,111.98,TRADE
VIC1,2026/06/30 06:40:00,5901.26,110.50,TRADE
VIC1,2026/06/30 06:45:00,5885.23,111.98,TRADE
VIC1,2026/06/30 06:50:00,5926.51,114.97,TRADE
VIC1,2026/06/30 06:55:00,6072.53,121.26,TRADE
VIC1,2026/06/30 07:00:00,6141.34,122.88,TRADE
VIC1,2026/06/30 07:05:00,6138.34,121.47,TRADE
VIC1,2026/06/30 07:10:00,6244.89,134.74,TRADE
VIC1,2026/06/30 07:15:00,6355.66,132.72,TRADE
VIC1,2026/06/30 07:20:00,6405.18,129.43,TRADE
VIC1,2026/06/30 07:25:00,6193.56,119.06,TRADE
VIC1,2026/06/30 07:30:00,6188.69,117.46,TRADE
VIC1,2026/06/30 07:35:00,6334.22,126.48,TRADE
VIC1,2026/06/30 07:40:00,6426.55,128.51,TRADE
VIC1,2026/06/30 07:45:00,6520.47,124.19,TRADE
VIC1,2026/06/30 07:50:00,6563,165.99,TRADE
VIC1,2026/06/30 07:55:00,6563.96,177.05,TRADE
VIC1,2026/06/30 08:00:00,6577.04,126.69,TRADE
VIC1,2026/06/30 08:05:00,6649.27,127.58,TRADE
VIC1,2026/06/30 08:10:00,6726.48,190.47,TRADE
VIC1,2026/06/30 08:15:00,6621.65,140.56,TRADE
VIC1,2026/06/30 08:20:00,6906.25,146.23,TRADE
VIC1,2026/06/30 08:25:00,6957.57,169.69,TRADE
VIC1,2026/06/30 08:30:00,6965.52,169.69,TRADE
VIC1,2026/06/30 08:35:00,7014.26,135.09,TRADE
VIC1,2026/06/30 08:40:00,7127.22,145.56,TRADE
VIC1,2026/06/30 08:45:00,7141.52,190.47,TRADE
VIC1,2026/06/30 08:50:00,7032.67,135.14,TRADE
VIC1,2026/06/30 08:55:00,7136.28,157.72,TRADE
VIC1,2026/06/30 09:00:00,7086.42,156.49,TRADE
VIC1,2026/06/30 09:05:00,7116.61,155.90,TRADE
VIC1,2026/06/30 09:10:00,7095.7,169.69,TRADE
VIC1,2026/06/30 09:15:00,7184.02,171.66,TRADE
VIC1,2026/06/30 09:20:00,7228.76,198.68,TRADE
VIC1,2026/06/30 09:25:00,7191.35,194.01,TRADE
VIC1,2026/06/30 09:30:00,7187.17,191.40,TRADE
VIC1,2026/06/30 09:35:00,7162.68,198.68,TRADE
VIC1,2026/06/30 09:40:00,7239.24,200.13,TRADE
VIC1,2026/06/30 09:45:00,7206.67,183.38,TRADE
VIC1,2026/06/30 09:50:00,7175.28,169.69,TRADE
VIC1,2026/06/30 09:55:00,7151.11,169.69,TRADE
VIC1,2026/06/30 10:00:00,7234.06,169.69,TRADE
VIC1,2026/06/30 10:05:00,7224.64,191.40,TRADE
VIC1,2026/06/30 10:10:00,7231.18,177.18,TRADE
VIC1,2026/06/30 10:15:00,7232.38,169.69,TRADE
VIC1,2026/06/30 10:20:00,7273.64,169.69,TRADE
VIC1,2026/06/30 10:25:00,7300.91,169.69,TRADE
VIC1,2026/06/30 10:30:00,7258.8,169.69,TRADE
VIC1,2026/06/30 10:35:00,7212.98,136.15,TRADE
VIC1,2026/06/30 10:40:00,7319.12,147.13,TRADE
VIC1,2026/06/30 10:45:00,7321.25,169.69,TRADE
VIC1,2026/06/30 10:50:00,7249.8,167.78,TRADE
VIC1,2026/06/30 10:55:00,7317.19,169.69,TRADE
VIC1,2026/06/30 11:00:00,7291.87,169.69,TRADE
VIC1,2026/06/30 11:05:00,7302.32,176.62,TRADE
VIC1,2026/06/30 11:10:00,7521.78,198.68,TRADE
VIC1,2026/06/30 11:15:00,7518.51,198.68,TRADE
VIC1,2026/06/30 11:20:00,7580.79,198.68,TRADE
VIC1,2026/06/30 11:25:00,7511.83,218.96,TRADE
VIC1,2026/06/30 11:30:00,7544.81,221.81,TRADE
VIC1,2026/06/30 11:35:00,7550.12,218.96,TRADE
VIC1,2026/06/30 11:40:00,7544.25,169.69,TRADE
VIC1,2026/06/30 11:45:00,7565.31,246.80,TRADE
VIC1,2026/06/30 11:50:00,7538.66,245.69,TRADE
VIC1,2026/06/30 11:55:00,7569.16,246.80,TRADE
VIC1,2026/06/30 12:00:00,7598.76,248.42,TRADE
VIC1,2026/06/30 12:05:00,7426.14,216.70,TRADE
VIC1,2026/06/30 12:10:00,7484.37,218.96,TRADE
VIC1,2026/06/30 12:15:00,7511.28,218.96,TRADE
VIC1,2026/06/30 12:20:00,7395.87,177.97,TRADE
VIC1,2026/06/30 12:25:00,7471.07,194.69,TRADE
VIC1,2026/06/30 12:30:00,7455.41,200.89,TRADE
VIC1,2026/06/30 12:35:00,7413.6,201.50,TRADE
VIC1,2026/06/30 12:40:00,7469.33,246.80,TRADE
VIC1,2026/06/30 12:45:00,7390.7,246.80,TRADE
VIC1,2026/06/30 12:50:00,7397.54,201.50,TRADE
VIC1,2026/06/30 12:55:00,7365.2,191.40,TRADE
VIC1,2026/06/30 13:00:00,7433.64,245.69,TRADE
VIC1,2026/06/30 13:05:00,7405.33,249.10,TRADE
VIC1,2026/06/30 13:10:00,7371.42,218.96,TRADE
VIC1,2026/06/30 13:15:00,7409.94,218.96,TRADE
VIC1,2026/06/30 13:20:00,7464.46,245.69,TRADE
VIC1,2026/06/30 13:25:00,7488.66,218.96,TRADE
VIC1,2026/06/30 13:30:00,7437.8,178.02,TRADE
VIC1,2026/06/30 13:35:00,7354.29,152.18,TRADE
VIC1,2026/06/30 13:40:00,7378.62,135.68,TRADE
VIC1,2026/06/30 13:45:00,7451.96,148.67,TRADE
VIC1,2026/06/30 13:50:00,7458.65,155.20,TRADE
VIC1,2026/06/30 13:55:00,7342.82,152.18,TRADE
VIC1,2026/06/30 14:00:00,7368.19,148.67,TRADE
VIC1,2026/06/30 14:05:00,7328.77,151.89,TRADE
VIC1,2026/06/30 14:10:00,7194.32,148.67,TRADE
VIC1,2026/06/30 14:15:00,7201.95,162.24,TRADE
VIC1,2026/06/30 14:20:00,7115.55,148.67,TRADE
VIC1,2026/06/30 14:25:00,7117.22,148.67,TRADE
VIC1,2026/06/30 14:30:00,7055.65,148.67,TRADE
VIC1,2026/06/30 14:35:00,7120.33,148.67,TRADE
VIC1,2026/06/30 14:40:00,7128.73,155.20,TRADE
VIC1,2026/06/30 14:45:00,7087.03,177.39,TRADE
VIC1,2026/06/30 14:50:00,7076.78,148.67,TRADE
VIC1,2026/06/30 14:55:00,7113.65,158.18,TRADE
VIC1,2026/06/30 15:00:00,7089.32,195.68,TRADE
VIC1,2026/06/30 15:05:00,6995.83,174.26,TRADE
VIC1,2026/06/30 15:10:00,6925.32,149.65,TRADE
VIC1,2026/06/30 15:15:00,6923.29,148.67,TRADE
VIC1,2026/06/30 15:20:00,6926.35,151.24,TRADE
VIC1,2026/06/30 15:25:00,6989.4,149.30,TRADE
VIC1,2026/06/30 15:30:00,6939.65,151.24,TRADE
VIC1,2026/06/30 15:35:00,7007.32,148.67,TRADE
VIC1,2026/06/30 15:40:00,7004.92,148.67,TRADE
VIC1,2026/06/30 15:45:00,7036.32,148.67,TRADE
VIC1,2026/06/30 15:50:00,7000.45,148.67,TRADE
VIC1,2026/06/30 15:55:00,7006.78,148.67,TRADE
VIC1,2026/06/30 16:00:00,7033.73,142.53,TRADE
VIC1,2026/06/30 16:05:00,7120.8,115.67,TRADE
VIC1,2026/06/30 16:10:00,7119.91,129,TRADE
VIC1,2026/06/30 16:15:00,7049.77,127.07,TRADE
VIC1,2026/06/30 16:20:00,7076.7,124.66,TRADE
VIC1,2026/06/30 16:25:00,7086.78,124.65,TRADE
VIC1,2026/06/30 16:30:00,7100.75,126.18,TRADE
VIC1,2026/06/30 16:35:00,7146.06,169,TRADE
VIC1,2026/06/30 16:40:00,7153.85,111.98,TRADE
VIC1,2026/06/30 16:45:00,7220.86,115,TRADE
VIC1,2026/06/30 16:50:00,7296.04,149.92,TRADE
VIC1,2026/06/30 16:55:00,7362.03,169.69,TRADE
VIC1,2026/06/30 17:00:00,7400,169.69,TRADE
VIC1,2026/06/30 17:05:00,7437.61,154.77,TRADE
VIC1,2026/06/30 17:10:00,7478.43,151.66,TRADE
VIC1,2026/06/30 17:15:00,7527.22,141.51,TRADE
VIC1,2026/06/30 17:20:00,7585.68,134.36,TRADE
VIC1,2026/06/30 17:25:00,7595.36,132.36,TRADE
VIC1,2026/06/30 17:30:00,7609.22,146.81,TRADE
VIC1,2026/06/30 17:35:00,7596.52,115,TRADE
VIC1,2026/06/30 17:40:00,7645.41,121.25,TRADE
VIC1,2026/06/30 17:45:00,7665.36,114.80,TRADE
VIC1,2026/06/30 17:50:00,7727.43,114.80,TRADE
VIC1,2026/06/30 17:55:00,7792.89,114.80,TRADE
VIC1,2026/06/30 18:00:00,7732.14,111.98,TRADE
VIC1,2026/06/30 18:05:00,7747.67,110.50,TRADE
VIC1,2026/06/30 18:10:00,7754.59,110.50,TRADE
VIC1,2026/06/30 18:15:00,7741.37,108.46,TRADE
VIC1,2026/06/30 18:20:00,7686.99,99.99,TRADE
VIC1,2026/06/30 18:25:00,7675.93,99.99,TRADE
VIC1,2026/06/30 18:30:00,7627.09,99.99,TRADE
VIC1,2026/06/30 18:35:00,7610.14,99.99,TRADE
VIC1,2026/06/30 18:40:00,7652.54,100.94,TRADE
VIC1,2026/06/30 18:45:00,7623.6,92.75,TRADE
VIC1,2026/06/30 18:50:00,7541.51,92.75,TRADE
VIC1,2026/06/30 18:55:00,7559.73,92.75,TRADE
VIC1,2026/06/30 19:00:00,7537.99,92.45,TRADE
VIC1,2026/06/30 19:05:00,7524.4,94.60,TRADE
VIC1,2026/06/30 19:10:00,7445.43,92.75,TRADE
VIC1,2026/06/30 19:15:00,7408,92.75,TRADE
VIC1,2026/06/30 19:20:00,7357.89,90.69,TRADE
VIC1,2026/06/30 19:25:00,7359.9,92.75,TRADE
VIC1,2026/06/30 19:30:00,7254.24,90.69,TRADE
VIC1,2026/06/30 19:35:00,7293.09,93.56,TRADE
VIC1,2026/06/30 19:40:00,7291.99,99.99,TRADE
VIC1,2026/06/30 19:45:00,7188.44,92.75,TRADE
VIC1,2026/06/30 19:50:00,7235.49,99.99,TRADE
VIC1,2026/06/30 19:55:00,7204.39,97.84,TRADE
VIC1,2026/06/30 20:00:00,7188.82,92.75,TRADE
VIC1,2026/06/30 20:05:00,7162.86,99.99,TRADE
VIC1,2026/06/30 20:10:00,7041.51,93.99,TRADE
VIC1,2026/06/30 20:15:00,7005.17,90.69,TRADE
VIC1,2026/06/30 20:20:00,6960.77,80.50,TRADE
VIC1,2026/06/30 20:25:00,6922.9,80.50,TRADE
VIC1,2026/06/30 20:30:00,6970.33,80.41,TRADE
VIC1,2026/06/30 20:35:00,6932.63,80.41,TRADE
VIC1,2026/06/30 20:40:00,6912.42,80.41,TRADE
VIC1,2026/06/30 20:45:00,6865.47,80.41,TRADE
VIC1,2026/06/30 20:50:00,6824.42,80.41,TRADE
VIC1,2026/06/30 20:55:00,6770.93,80.41,TRADE
VIC1,2026/06/30 21:00:00,6666.08,80.41,TRADE
VIC1,2026/06/30 21:05:00,6609.68,80.41,TRADE
VIC1,2026/06/30 21:10:00,6611.85,80.41,TRADE
VIC1,2026/06/30 21:15:00,6605.68,50.75,TRADE
VIC1,2026/06/30 21:20:00,6562.84,50.75,TRADE
VIC1,2026/06/30 21:25:00,6460.37,38,TRADE
VIC1,2026/06/30 21:30:00,6487.09,67.67,TRADE
VIC1,2026/06/30 21:35:00,6460.12,80.50,TRADE
VIC1,2026/06/30 21:40:00,6387.1,68.91,TRADE
VIC1,2026/06/30 21:45:00,6288.75,50.11,TRADE
VIC1,2026/06/30 21:50:00,6253.18,66.06,TRADE
VIC1,2026/06/30 21:55:00,6237.91,80.41,TRADE
VIC1,2026/06/30 22:00:00,6131.68,70.69,TRADE
VIC1,2026/06/30 22:05:00,6153.92,38,TRADE
VIC1,2026/06/30 22:10:00,6137.93,83.31,TRADE
VIC1,2026/06/30 22:15:00,6042.97,56.60,TRADE
VIC1,2026/06/30 22:20:00,6057.41,56.68,TRADE
VIC1,2026/06/30 22:25:00,6027.68,74.04,TRADE
VIC1,2026/06/30 22:30:00,6000.52,80.50,TRADE
VIC1,2026/06/30 22:35:00,5855.68,43.68,TRADE
VIC1,2026/06/30 22:40:00,5819.37,27.12,TRADE
VIC1,2026/06/30 22:45:00,5789.79,38,TRADE
VIC1,2026/06/30 22:50:00,5793.43,38,TRADE
VIC1,2026/06/30 22:55:00,5747.08,27.12,TRADE
VIC1,2026/06/30 23:00:00,5749.8,27.12,TRADE
VIC1,2026/06/30 23:05:00,5760.94,27.12,TRADE
VIC1,2026/06/30 23:10:00,5828.11,27.12,TRADE
VIC1,2026/06/30 23:15:00,5847.88,38,TRADE
VIC1,2026/06/30 23:20:00,5726.84,12.06,TRADE
VIC1,2026/06/30 23:25:00,5719.76,10.50,TRADE
VIC1,2026/06/30 23:30:00,5734.75,9.97,TRADE
VIC1,2026/06/30 23:35:00,5701.63,10.50,TRADE
VIC1,2026/06/30 23:40:00,5594.85,10.50,TRADE
VIC1,2026/06/30 23:45:00,5667.97,11.62,TRADE
VIC1,2026/06/30 23:50:00,5607.72,20.67,TRADE
VIC1,2026/06/30 23:55:00,5577.55,25.58,TRADE
VIC1,2026/07/01 00:00:00,5536.52,1.89,TRADE
